O,C,E,A,N,Cluster
33.0,32.0,30.0,31.0,24.0,"Sales, Marketing & Management"
27.0,31.0,34.0,32.0,21.0,"Sales, Marketing & Management"
31.0,28.0,29.0,28.0,26.0,Suitable for any job
31.0,27.0,26.0,32.0,27.0,Education & Social Work
36.0,32.0,35.0,30.0,23.0,"Sales, Marketing & Management"
32.0,29.0,30.0,28.0,22.0,Suitable for any job
37.0,29.0,35.0,33.0,30.0,Education & Social Work
31.0,33.0,30.0,32.0,20.0,Healthcare & Support
33.0,25.0,28.0,29.0,28.0,Suitable for any job
27.0,29.0,34.0,33.0,31.0,Suitable for any job
38.0,32.0,31.0,29.0,35.0,Suitable for any job
35.0,44.0,36.0,41.0,38.0,"Sales, Marketing & Management"
37.0,28.0,32.0,34.0,26.0,Education & Social Work
32.0,33.0,30.0,22.0,36.0,Suitable for any job
42.0,33.0,28.0,38.0,36.0,Education & Social Work
36.0,35.0,33.0,40.0,35.0,"Sales, Marketing & Management"
34.0,26.0,28.0,32.0,35.0,Education & Social Work
30.0,31.0,29.0,35.0,26.0,Education & Social Work
33.0,25.0,36.0,33.0,27.0,Education & Social Work
38.0,37.0,36.0,33.0,36.0,"Sales, Marketing & Management"
30.0,31.0,27.0,33.0,34.0,Education & Social Work
27.0,25.0,31.0,30.0,36.0,Suitable for any job
27.0,26.0,31.0,31.0,26.0,Suitable for any job
42.0,37.0,30.0,30.0,24.0,"Sales, Marketing & Management"
34.0,29.0,29.0,28.0,36.0,Suitable for any job
37.0,31.0,39.0,39.0,36.0,"Sales, Marketing & Management"
30.0,26.0,35.0,34.0,26.0,Education & Social Work
37.0,30.0,27.0,29.0,25.0,Suitable for any job
31.0,34.0,27.0,30.0,35.0,Education & Social Work
34.0,30.0,30.0,29.0,41.0,Suitable for any job
39.0,30.0,36.0,37.0,26.0,"Sales, Marketing & Management"
31.0,34.0,32.0,30.0,37.0,"Sales, Marketing & Management"
32.0,24.0,29.0,31.0,23.0,Education & Social Work
32.0,29.0,35.0,31.0,42.0,Education & Social Work
30.0,33.0,24.0,25.0,39.0,Suitable for any job
36.0,36.0,33.0,35.0,39.0,"Sales, Marketing & Management"
30.0,35.0,33.0,30.0,34.0,"Sales, Marketing & Management"
37.0,23.0,30.0,30.0,29.0,Education & Social Work
28.0,29.0,29.0,27.0,28.0,Suitable for any job
33.0,26.0,32.0,35.0,27.0,Education & Social Work
31.0,31.0,28.0,32.0,37.0,Education & Social Work
35.0,30.0,32.0,32.0,31.0,"Sales, Marketing & Management"
33.0,25.0,31.0,33.0,23.0,Education & Social Work
23.0,22.0,26.0,38.0,27.0,Suitable for any job
34.0,35.0,38.0,32.0,21.0,"Sales, Marketing & Management"
33.0,31.0,31.0,36.0,41.0,"Sales, Marketing & Management"
36.0,32.0,26.0,29.0,37.0,Suitable for any job
33.0,26.0,29.0,34.0,32.0,Education & Social Work
31.0,29.0,29.0,30.0,24.0,Education & Social Work
30.0,35.0,32.0,29.0,23.0,Suitable for any job
33.0,33.0,30.0,32.0,36.0,"Sales, Marketing & Management"
34.0,25.0,29.0,33.0,28.0,Education & Social Work
37.0,32.0,27.0,30.0,33.0,Education & Social Work
36.0,31.0,25.0,33.0,28.0,Education & Social Work
33.0,25.0,34.0,32.0,22.0,Education & Social Work
35.0,27.0,31.0,30.0,24.0,Education & Social Work
38.0,31.0,35.0,31.0,40.0,"Sales, Marketing & Management"
28.0,30.0,30.0,24.0,22.0,Suitable for any job
32.0,30.0,29.0,29.0,29.0,Suitable for any job
32.0,34.0,34.0,29.0,32.0,Suitable for any job
33.0,30.0,33.0,37.0,38.0,"Sales, Marketing & Management"
33.0,19.0,32.0,26.0,27.0,Creative Freelance & Innovation
33.0,32.0,28.0,34.0,30.0,Education & Social Work
30.0,33.0,30.0,35.0,31.0,"Sales, Marketing & Management"
32.0,29.0,34.0,32.0,34.0,Education & Social Work
30.0,31.0,29.0,32.0,24.0,Education & Social Work
36.0,36.0,27.0,30.0,35.0,Education & Social Work
35.0,24.0,33.0,32.0,29.0,Education & Social Work
34.0,35.0,38.0,34.0,39.0,"Sales, Marketing & Management"
34.0,32.0,30.0,28.0,33.0,Suitable for any job
32.0,30.0,38.0,39.0,32.0,"Sales, Marketing & Management"
33.0,35.0,31.0,29.0,33.0,Suitable for any job
24.0,20.0,26.0,22.0,20.0,"Flexible, Less Structured Roles"
36.0,35.0,31.0,30.0,38.0,"Sales, Marketing & Management"
33.0,33.0,29.0,31.0,32.0,Education & Social Work
31.0,29.0,30.0,31.0,31.0,Education & Social Work
31.0,35.0,31.0,31.0,22.0,"Sales, Marketing & Management"
31.0,32.0,32.0,28.0,38.0,Suitable for any job
33.0,27.0,29.0,25.0,27.0,Suitable for any job
33.0,27.0,32.0,30.0,32.0,Education & Social Work
35.0,32.0,30.0,28.0,26.0,Suitable for any job
35.0,30.0,29.0,33.0,35.0,Education & Social Work
35.0,33.0,32.0,35.0,37.0,"Sales, Marketing & Management"
30.0,24.0,30.0,22.0,18.0,Suitable for any job
34.0,30.0,33.0,35.0,44.0,"Sales, Marketing & Management"
31.0,28.0,30.0,31.0,24.0,Education & Social Work
36.0,33.0,29.0,29.0,30.0,Suitable for any job
33.0,25.0,29.0,28.0,33.0,Suitable for any job
30.0,30.0,26.0,35.0,29.0,Education & Social Work
41.0,36.0,32.0,32.0,21.0,"Sales, Marketing & Management"
32.0,32.0,34.0,39.0,27.0,"Sales, Marketing & Management"
39.0,30.0,28.0,37.0,39.0,Education & Social Work
32.0,33.0,35.0,27.0,32.0,Suitable for any job
34.0,34.0,33.0,34.0,32.0,"Sales, Marketing & Management"
27.0,34.0,30.0,28.0,33.0,Suitable for any job
36.0,33.0,30.0,32.0,34.0,"Sales, Marketing & Management"
33.0,30.0,19.0,35.0,29.0,Technical Expert Roles
38.0,33.0,34.0,31.0,36.0,"Sales, Marketing & Management"
35.0,32.0,25.0,29.0,35.0,Suitable for any job
34.0,30.0,34.0,33.0,36.0,"Sales, Marketing & Management"
33.0,35.0,32.0,30.0,28.0,"Sales, Marketing & Management"
38.0,32.0,26.0,31.0,28.0,Education & Social Work
37.0,27.0,33.0,30.0,18.0,Education & Social Work
28.0,30.0,31.0,37.0,25.0,"Sales, Marketing & Management"
35.0,29.0,33.0,32.0,22.0,Education & Social Work
29.0,30.0,29.0,28.0,35.0,Suitable for any job
29.0,35.0,36.0,36.0,29.0,"Sales, Marketing & Management"
32.0,28.0,28.0,30.0,33.0,Education & Social Work
35.0,34.0,31.0,29.0,34.0,Suitable for any job
36.0,30.0,32.0,29.0,34.0,Suitable for any job
36.0,33.0,29.0,27.0,39.0,Suitable for any job
32.0,33.0,31.0,32.0,21.0,"Sales, Marketing & Management"
36.0,30.0,30.0,36.0,32.0,"Sales, Marketing & Management"
33.0,33.0,32.0,33.0,37.0,"Sales, Marketing & Management"
34.0,31.0,32.0,32.0,28.0,"Sales, Marketing & Management"
32.0,32.0,31.0,31.0,28.0,"Sales, Marketing & Management"
32.0,30.0,29.0,30.0,24.0,Education & Social Work
39.0,28.0,30.0,32.0,39.0,Education & Social Work
33.0,27.0,26.0,39.0,46.0,Education & Social Work
32.0,34.0,28.0,23.0,22.0,Suitable for any job
37.0,30.0,30.0,32.0,30.0,"Sales, Marketing & Management"
30.0,26.0,27.0,31.0,22.0,Education & Social Work
37.0,36.0,32.0,32.0,21.0,"Sales, Marketing & Management"
42.0,30.0,33.0,31.0,28.0,"Sales, Marketing & Management"
35.0,32.0,31.0,36.0,41.0,"Sales, Marketing & Management"
36.0,33.0,30.0,30.0,23.0,"Sales, Marketing & Management"
35.0,28.0,28.0,32.0,33.0,Education & Social Work
35.0,31.0,25.0,31.0,31.0,Education & Social Work
37.0,33.0,26.0,29.0,29.0,Suitable for any job
38.0,30.0,30.0,33.0,26.0,"Sales, Marketing & Management"
32.0,29.0,31.0,30.0,26.0,Education & Social Work
34.0,28.0,31.0,32.0,27.0,Education & Social Work
25.0,33.0,28.0,31.0,27.0,Suitable for any job
32.0,29.0,31.0,29.0,31.0,Suitable for any job
33.0,36.0,34.0,34.0,38.0,"Sales, Marketing & Management"
39.0,25.0,28.0,30.0,37.0,Education & Social Work
25.0,23.0,22.0,29.0,25.0,Suitable for any job
37.0,32.0,27.0,31.0,37.0,Education & Social Work
36.0,29.0,27.0,32.0,34.0,Education & Social Work
26.0,29.0,29.0,40.0,31.0,Suitable for any job
35.0,37.0,35.0,32.0,36.0,"Sales, Marketing & Management"
28.0,24.0,36.0,32.0,21.0,Suitable for any job
33.0,31.0,28.0,32.0,28.0,Education & Social Work
35.0,34.0,29.0,33.0,25.0,Education & Social Work
32.0,35.0,34.0,30.0,33.0,"Sales, Marketing & Management"
36.0,31.0,32.0,34.0,15.0,Healthcare & Support
21.0,28.0,27.0,29.0,12.0,Suitable for any job
31.0,30.0,33.0,37.0,20.0,Healthcare & Support
32.0,28.0,24.0,31.0,27.0,Education & Social Work
34.0,33.0,31.0,31.0,35.0,"Sales, Marketing & Management"
37.0,27.0,31.0,31.0,25.0,Education & Social Work
35.0,30.0,32.0,32.0,25.0,"Sales, Marketing & Management"
26.0,23.0,29.0,30.0,30.0,Suitable for any job
34.0,36.0,33.0,33.0,37.0,"Sales, Marketing & Management"
35.0,36.0,26.0,36.0,35.0,Education & Social Work
38.0,27.0,34.0,34.0,40.0,Education & Social Work
33.0,24.0,30.0,28.0,25.0,Suitable for any job
29.0,30.0,33.0,32.0,30.0,"Sales, Marketing & Management"
37.0,34.0,26.0,27.0,35.0,Suitable for any job
38.0,30.0,22.0,33.0,32.0,Education & Social Work
39.0,24.0,25.0,34.0,32.0,Education & Social Work
34.0,30.0,34.0,26.0,21.0,Suitable for any job
31.0,31.0,31.0,30.0,32.0,"Sales, Marketing & Management"
32.0,29.0,29.0,29.0,32.0,Suitable for any job
32.0,28.0,29.0,33.0,23.0,Education & Social Work
27.0,30.0,30.0,24.0,30.0,Suitable for any job
37.0,25.0,30.0,31.0,26.0,Education & Social Work
35.0,25.0,31.0,37.0,34.0,Education & Social Work
28.0,33.0,31.0,28.0,38.0,Suitable for any job
31.0,26.0,30.0,36.0,28.0,Education & Social Work
37.0,30.0,30.0,33.0,39.0,"Sales, Marketing & Management"
33.0,30.0,38.0,27.0,33.0,Suitable for any job
37.0,27.0,32.0,34.0,31.0,Education & Social Work
29.0,32.0,28.0,31.0,37.0,Suitable for any job
26.0,32.0,29.0,29.0,31.0,Suitable for any job
32.0,35.0,31.0,32.0,29.0,"Sales, Marketing & Management"
37.0,31.0,27.0,28.0,40.0,Suitable for any job
34.0,33.0,34.0,39.0,25.0,"Sales, Marketing & Management"
28.0,30.0,28.0,33.0,38.0,Suitable for any job
25.0,30.0,33.0,32.0,29.0,"Sales, Marketing & Management"
32.0,28.0,28.0,26.0,27.0,Suitable for any job
31.0,33.0,33.0,36.0,29.0,"Sales, Marketing & Management"
34.0,31.0,23.0,29.0,24.0,Suitable for any job
36.0,24.0,26.0,33.0,24.0,Education & Social Work
40.0,36.0,29.0,33.0,43.0,Education & Social Work
34.0,29.0,32.0,25.0,28.0,Suitable for any job
30.0,29.0,27.0,31.0,37.0,Education & Social Work
34.0,29.0,26.0,34.0,43.0,Education & Social Work
37.0,30.0,33.0,33.0,33.0,"Sales, Marketing & Management"
33.0,38.0,29.0,31.0,37.0,Education & Social Work
33.0,27.0,34.0,33.0,31.0,Education & Social Work
32.0,29.0,29.0,31.0,34.0,Education & Social Work
22.0,24.0,30.0,31.0,32.0,Suitable for any job
35.0,27.0,32.0,28.0,26.0,Suitable for any job
29.0,26.0,30.0,28.0,37.0,Suitable for any job
30.0,33.0,32.0,35.0,42.0,"Sales, Marketing & Management"
38.0,25.0,33.0,37.0,24.0,Education & Social Work
25.0,27.0,26.0,32.0,28.0,Suitable for any job
33.0,25.0,28.0,33.0,37.0,Education & Social Work
35.0,33.0,30.0,29.0,25.0,Suitable for any job
37.0,36.0,33.0,35.0,42.0,"Sales, Marketing & Management"
31.0,31.0,36.0,32.0,32.0,"Sales, Marketing & Management"
31.0,29.0,29.0,35.0,30.0,Education & Social Work
33.0,36.0,36.0,33.0,33.0,"Sales, Marketing & Management"
35.0,29.0,29.0,28.0,20.0,Suitable for any job
34.0,38.0,33.0,36.0,41.0,"Sales, Marketing & Management"
31.0,33.0,23.0,33.0,37.0,Education & Social Work
38.0,32.0,29.0,28.0,19.0,Suitable for any job
36.0,30.0,30.0,30.0,21.0,"Sales, Marketing & Management"
32.0,30.0,32.0,34.0,22.0,"Sales, Marketing & Management"
36.0,25.0,35.0,32.0,26.0,Education & Social Work
32.0,31.0,31.0,27.0,28.0,Suitable for any job
33.0,34.0,33.0,33.0,25.0,"Sales, Marketing & Management"
33.0,33.0,29.0,30.0,28.0,Education & Social Work
33.0,34.0,29.0,38.0,26.0,Education & Social Work
28.0,26.0,33.0,34.0,31.0,Suitable for any job
34.0,29.0,31.0,30.0,34.0,Education & Social Work
29.0,26.0,26.0,23.0,25.0,Suitable for any job
31.0,28.0,30.0,38.0,35.0,Education & Social Work
31.0,36.0,28.0,29.0,22.0,Suitable for any job
33.0,36.0,30.0,28.0,32.0,Suitable for any job
31.0,34.0,28.0,31.0,18.0,Healthcare & Support
34.0,30.0,30.0,31.0,25.0,"Sales, Marketing & Management"
37.0,31.0,34.0,27.0,25.0,Suitable for any job
33.0,32.0,32.0,35.0,35.0,"Sales, Marketing & Management"
36.0,32.0,23.0,28.0,34.0,Suitable for any job
31.0,33.0,23.0,34.0,40.0,Education & Social Work
33.0,32.0,31.0,32.0,29.0,"Sales, Marketing & Management"
34.0,25.0,33.0,32.0,31.0,Education & Social Work
31.0,36.0,28.0,32.0,31.0,Education & Social Work
38.0,35.0,26.0,31.0,34.0,Education & Social Work
30.0,36.0,39.0,34.0,15.0,Healthcare & Support
33.0,28.0,31.0,28.0,20.0,Suitable for any job
33.0,28.0,32.0,32.0,26.0,Education & Social Work
29.0,33.0,30.0,28.0,22.0,Suitable for any job
35.0,34.0,30.0,35.0,24.0,"Sales, Marketing & Management"
34.0,32.0,26.0,31.0,19.0,Healthcare & Support
39.0,29.0,25.0,31.0,30.0,Education & Social Work
30.0,29.0,26.0,25.0,24.0,Suitable for any job
34.0,30.0,25.0,32.0,19.0,Healthcare & Support
33.0,36.0,34.0,34.0,38.0,"Sales, Marketing & Management"
34.0,30.0,33.0,36.0,44.0,"Sales, Marketing & Management"
30.0,27.0,32.0,31.0,33.0,Education & Social Work
30.0,33.0,28.0,27.0,28.0,Suitable for any job
26.0,32.0,30.0,23.0,18.0,High-Pressure & Leadership Roles
29.0,35.0,37.0,38.0,30.0,"Sales, Marketing & Management"
29.0,32.0,30.0,32.0,33.0,"Sales, Marketing & Management"
23.0,36.0,29.0,34.0,33.0,Suitable for any job
28.0,30.0,31.0,29.0,25.0,Suitable for any job
30.0,28.0,29.0,32.0,35.0,Education & Social Work
33.0,26.0,30.0,35.0,21.0,Education & Social Work
36.0,30.0,31.0,30.0,25.0,"Sales, Marketing & Management"
30.0,24.0,33.0,32.0,30.0,Education & Social Work
22.0,32.0,29.0,26.0,45.0,Suitable for any job
27.0,26.0,28.0,34.0,24.0,Suitable for any job
29.0,28.0,33.0,31.0,33.0,Suitable for any job
30.0,28.0,28.0,36.0,20.0,Education & Social Work
37.0,38.0,32.0,29.0,32.0,Suitable for any job
33.0,29.0,35.0,38.0,28.0,Education & Social Work
29.0,33.0,34.0,35.0,32.0,"Sales, Marketing & Management"
35.0,36.0,36.0,33.0,29.0,"Sales, Marketing & Management"
37.0,36.0,26.0,31.0,39.0,Education & Social Work
35.0,31.0,29.0,29.0,32.0,Suitable for any job
32.0,31.0,32.0,35.0,23.0,"Sales, Marketing & Management"
25.0,33.0,33.0,32.0,26.0,"Sales, Marketing & Management"
34.0,35.0,30.0,32.0,39.0,"Sales, Marketing & Management"
31.0,38.0,29.0,35.0,36.0,Education & Social Work
41.0,30.0,24.0,28.0,37.0,Suitable for any job
33.0,35.0,34.0,32.0,24.0,"Sales, Marketing & Management"
29.0,31.0,30.0,32.0,35.0,"Sales, Marketing & Management"
32.0,31.0,37.0,33.0,30.0,"Sales, Marketing & Management"
31.0,32.0,28.0,29.0,39.0,Suitable for any job
28.0,33.0,29.0,29.0,34.0,Suitable for any job
30.0,22.0,33.0,40.0,26.0,Education & Social Work
36.0,29.0,31.0,28.0,33.0,Suitable for any job
36.0,38.0,32.0,29.0,26.0,Suitable for any job
33.0,34.0,28.0,37.0,25.0,Education & Social Work
27.0,35.0,31.0,32.0,35.0,"Sales, Marketing & Management"
28.0,33.0,32.0,31.0,34.0,"Sales, Marketing & Management"
32.0,33.0,37.0,36.0,25.0,"Sales, Marketing & Management"
31.0,28.0,33.0,32.0,35.0,Education & Social Work
30.0,34.0,34.0,32.0,38.0,"Sales, Marketing & Management"
32.0,33.0,32.0,36.0,37.0,"Sales, Marketing & Management"
36.0,34.0,30.0,34.0,25.0,"Sales, Marketing & Management"
27.0,35.0,32.0,31.0,37.0,"Sales, Marketing & Management"
32.0,28.0,27.0,29.0,30.0,Suitable for any job
30.0,25.0,27.0,28.0,23.0,Suitable for any job
30.0,32.0,25.0,28.0,24.0,Suitable for any job
32.0,30.0,32.0,34.0,30.0,"Sales, Marketing & Management"
27.0,28.0,29.0,30.0,21.0,Suitable for any job
33.0,32.0,34.0,32.0,41.0,"Sales, Marketing & Management"
33.0,34.0,30.0,28.0,29.0,Suitable for any job
38.0,43.0,32.0,41.0,44.0,"Sales, Marketing & Management"
39.0,34.0,26.0,29.0,35.0,Suitable for any job
31.0,28.0,27.0,25.0,32.0,Suitable for any job
30.0,27.0,28.0,32.0,34.0,Education & Social Work
26.0,29.0,37.0,36.0,31.0,Suitable for any job
30.0,31.0,31.0,34.0,35.0,"Sales, Marketing & Management"
46.0,48.0,46.0,48.0,46.0,"Sales, Marketing & Management"
33.0,25.0,27.0,31.0,24.0,Education & Social Work
33.0,36.0,35.0,36.0,25.0,"Sales, Marketing & Management"
35.0,32.0,34.0,33.0,36.0,"Sales, Marketing & Management"
32.0,31.0,30.0,33.0,42.0,"Sales, Marketing & Management"
30.0,29.0,28.0,28.0,25.0,Suitable for any job
37.0,28.0,26.0,34.0,36.0,Education & Social Work
37.0,36.0,33.0,36.0,36.0,"Sales, Marketing & Management"
36.0,34.0,31.0,26.0,31.0,Suitable for any job
30.0,27.0,27.0,32.0,23.0,Education & Social Work
33.0,36.0,33.0,31.0,30.0,"Sales, Marketing & Management"
35.0,38.0,27.0,33.0,39.0,Education & Social Work
36.0,34.0,33.0,35.0,36.0,"Sales, Marketing & Management"
39.0,34.0,36.0,34.0,30.0,"Sales, Marketing & Management"
35.0,33.0,28.0,30.0,33.0,Education & Social Work
33.0,30.0,35.0,26.0,25.0,Suitable for any job
30.0,28.0,30.0,37.0,26.0,Education & Social Work
27.0,23.0,30.0,25.0,24.0,Suitable for any job
37.0,38.0,35.0,39.0,37.0,"Sales, Marketing & Management"
35.0,30.0,29.0,29.0,33.0,Suitable for any job
35.0,30.0,24.0,32.0,40.0,Education & Social Work
31.0,31.0,29.0,30.0,27.0,Education & Social Work
28.0,29.0,33.0,33.0,33.0,Suitable for any job
30.0,29.0,30.0,29.0,32.0,Suitable for any job
35.0,32.0,27.0,32.0,25.0,Education & Social Work
34.0,24.0,30.0,29.0,37.0,Suitable for any job
36.0,30.0,28.0,32.0,26.0,Education & Social Work
23.0,35.0,34.0,31.0,33.0,"Sales, Marketing & Management"
37.0,31.0,26.0,32.0,40.0,Education & Social Work
35.0,32.0,33.0,34.0,32.0,"Sales, Marketing & Management"
30.0,30.0,30.0,31.0,32.0,"Sales, Marketing & Management"
35.0,31.0,30.0,29.0,26.0,Suitable for any job
40.0,26.0,35.0,30.0,27.0,Education & Social Work
30.0,30.0,31.0,29.0,36.0,Suitable for any job
30.0,33.0,31.0,34.0,35.0,"Sales, Marketing & Management"
36.0,31.0,30.0,34.0,29.0,"Sales, Marketing & Management"
42.0,33.0,26.0,27.0,27.0,Suitable for any job
33.0,33.0,32.0,30.0,40.0,"Sales, Marketing & Management"
35.0,31.0,29.0,36.0,26.0,Education & Social Work
30.0,28.0,28.0,30.0,33.0,Education & Social Work
33.0,35.0,35.0,31.0,36.0,"Sales, Marketing & Management"
35.0,35.0,34.0,32.0,27.0,"Sales, Marketing & Management"
39.0,36.0,30.0,26.0,27.0,Suitable for any job
35.0,31.0,32.0,29.0,20.0,High-Pressure & Leadership Roles
35.0,30.0,33.0,33.0,29.0,"Sales, Marketing & Management"
28.0,28.0,28.0,32.0,33.0,Suitable for any job
36.0,35.0,25.0,29.0,27.0,Suitable for any job
33.0,38.0,32.0,31.0,24.0,"Sales, Marketing & Management"
35.0,21.0,29.0,29.0,20.0,Suitable for any job
32.0,34.0,25.0,31.0,40.0,Education & Social Work
34.0,26.0,35.0,35.0,36.0,Education & Social Work
31.0,31.0,32.0,29.0,21.0,Suitable for any job
34.0,29.0,30.0,34.0,42.0,Education & Social Work
29.0,30.0,33.0,24.0,30.0,Suitable for any job
35.0,25.0,30.0,37.0,27.0,Education & Social Work
34.0,31.0,31.0,33.0,29.0,"Sales, Marketing & Management"
36.0,35.0,31.0,34.0,32.0,"Sales, Marketing & Management"
30.0,32.0,29.0,31.0,28.0,Education & Social Work
31.0,32.0,32.0,32.0,32.0,"Sales, Marketing & Management"
42.0,34.0,42.0,39.0,44.0,"Sales, Marketing & Management"
34.0,27.0,29.0,26.0,26.0,Suitable for any job
33.0,34.0,30.0,25.0,27.0,Suitable for any job
37.0,30.0,30.0,28.0,22.0,Suitable for any job
34.0,29.0,32.0,39.0,16.0,Education & Social Work
35.0,31.0,32.0,34.0,39.0,"Sales, Marketing & Management"
36.0,30.0,28.0,30.0,28.0,Education & Social Work
31.0,27.0,37.0,33.0,32.0,Education & Social Work
33.0,30.0,35.0,32.0,29.0,"Sales, Marketing & Management"
29.0,25.0,27.0,32.0,35.0,Suitable for any job
32.0,28.0,30.0,41.0,25.0,Education & Social Work
33.0,33.0,29.0,27.0,29.0,Suitable for any job
33.0,22.0,32.0,33.0,30.0,Education & Social Work
30.0,32.0,30.0,33.0,31.0,"Sales, Marketing & Management"
36.0,28.0,28.0,35.0,35.0,Education & Social Work
28.0,34.0,34.0,36.0,27.0,"Sales, Marketing & Management"
33.0,32.0,30.0,35.0,37.0,"Sales, Marketing & Management"
35.0,30.0,36.0,35.0,28.0,"Sales, Marketing & Management"
33.0,29.0,31.0,33.0,30.0,Education & Social Work
35.0,28.0,28.0,34.0,33.0,Education & Social Work
37.0,36.0,31.0,37.0,23.0,"Sales, Marketing & Management"
22.0,32.0,26.0,32.0,42.0,Suitable for any job
31.0,36.0,28.0,36.0,25.0,Education & Social Work
37.0,32.0,35.0,35.0,29.0,"Sales, Marketing & Management"
34.0,35.0,33.0,31.0,29.0,"Sales, Marketing & Management"
24.0,31.0,26.0,26.0,35.0,Suitable for any job
30.0,40.0,25.0,35.0,26.0,Education & Social Work
29.0,29.0,31.0,29.0,37.0,Suitable for any job
32.0,26.0,31.0,31.0,39.0,Education & Social Work
31.0,28.0,33.0,31.0,24.0,Education & Social Work
30.0,29.0,31.0,32.0,28.0,Education & Social Work
31.0,29.0,25.0,33.0,29.0,Education & Social Work
31.0,33.0,29.0,33.0,29.0,Education & Social Work
24.0,30.0,29.0,33.0,37.0,Suitable for any job
35.0,29.0,27.0,25.0,25.0,Suitable for any job
33.0,40.0,36.0,37.0,45.0,"Sales, Marketing & Management"
29.0,30.0,30.0,36.0,33.0,"Sales, Marketing & Management"
35.0,27.0,36.0,36.0,31.0,Education & Social Work
36.0,34.0,31.0,35.0,30.0,"Sales, Marketing & Management"
31.0,34.0,29.0,27.0,27.0,Suitable for any job
38.0,22.0,29.0,32.0,31.0,Education & Social Work
28.0,37.0,32.0,35.0,31.0,"Sales, Marketing & Management"
26.0,37.0,30.0,34.0,34.0,"Sales, Marketing & Management"
30.0,33.0,40.0,28.0,22.0,Suitable for any job
42.0,37.0,37.0,42.0,42.0,"Sales, Marketing & Management"
30.0,28.0,32.0,32.0,38.0,Education & Social Work
33.0,35.0,37.0,35.0,37.0,"Sales, Marketing & Management"
30.0,27.0,29.0,32.0,32.0,Education & Social Work
36.0,34.0,26.0,22.0,17.0,Suitable for any job
32.0,32.0,30.0,33.0,26.0,"Sales, Marketing & Management"
40.0,35.0,34.0,35.0,40.0,"Sales, Marketing & Management"
34.0,40.0,30.0,32.0,39.0,"Sales, Marketing & Management"
37.0,37.0,29.0,32.0,24.0,Education & Social Work
34.0,28.0,30.0,27.0,33.0,Suitable for any job
33.0,31.0,30.0,30.0,30.0,"Sales, Marketing & Management"
33.0,32.0,36.0,29.0,30.0,Suitable for any job
28.0,31.0,29.0,32.0,33.0,Suitable for any job
37.0,32.0,29.0,33.0,37.0,Education & Social Work
32.0,24.0,34.0,32.0,18.0,Education & Social Work
32.0,28.0,34.0,29.0,32.0,Suitable for any job
35.0,33.0,29.0,29.0,31.0,Suitable for any job
35.0,24.0,31.0,31.0,27.0,Education & Social Work
30.0,26.0,26.0,34.0,32.0,Education & Social Work
27.0,30.0,29.0,31.0,26.0,Suitable for any job
24.0,32.0,26.0,28.0,30.0,Suitable for any job
34.0,30.0,29.0,28.0,22.0,Suitable for any job
35.0,45.0,27.0,26.0,25.0,Suitable for any job
28.0,29.0,30.0,32.0,20.0,Suitable for any job
28.0,32.0,33.0,31.0,30.0,"Sales, Marketing & Management"
29.0,32.0,31.0,30.0,37.0,"Sales, Marketing & Management"
36.0,33.0,31.0,33.0,25.0,"Sales, Marketing & Management"
34.0,41.0,34.0,32.0,39.0,"Sales, Marketing & Management"
35.0,32.0,30.0,32.0,27.0,"Sales, Marketing & Management"
23.0,24.0,24.0,34.0,32.0,Suitable for any job
22.0,31.0,27.0,35.0,36.0,Suitable for any job
39.0,34.0,30.0,35.0,33.0,"Sales, Marketing & Management"
32.0,26.0,28.0,28.0,25.0,Suitable for any job
35.0,33.0,31.0,31.0,34.0,"Sales, Marketing & Management"
34.0,27.0,31.0,31.0,26.0,Education & Social Work
29.0,30.0,26.0,27.0,30.0,Suitable for any job
30.0,27.0,32.0,31.0,33.0,Education & Social Work
36.0,32.0,34.0,33.0,26.0,"Sales, Marketing & Management"
33.0,25.0,31.0,38.0,40.0,Education & Social Work
34.0,36.0,36.0,38.0,42.0,"Sales, Marketing & Management"
34.0,28.0,32.0,31.0,31.0,Education & Social Work
34.0,27.0,32.0,36.0,26.0,Education & Social Work
26.0,32.0,26.0,33.0,37.0,Suitable for any job
26.0,30.0,34.0,32.0,31.0,"Sales, Marketing & Management"
31.0,29.0,27.0,29.0,31.0,Suitable for any job
37.0,33.0,34.0,38.0,42.0,"Sales, Marketing & Management"
27.0,32.0,29.0,27.0,29.0,Suitable for any job
35.0,27.0,24.0,30.0,17.0,Education & Social Work
28.0,28.0,31.0,34.0,18.0,Suitable for any job
35.0,28.0,35.0,34.0,27.0,Education & Social Work
25.0,28.0,31.0,30.0,30.0,Suitable for any job
18.0,27.0,23.0,23.0,31.0,Routine & Practical Jobs
31.0,25.0,34.0,31.0,35.0,Education & Social Work
29.0,35.0,28.0,32.0,22.0,Suitable for any job
18.0,24.0,24.0,23.0,20.0,Routine & Practical Jobs
27.0,30.0,26.0,32.0,23.0,Suitable for any job
37.0,28.0,31.0,32.0,25.0,Education & Social Work
25.0,28.0,32.0,31.0,28.0,Suitable for any job
29.0,28.0,30.0,33.0,23.0,Suitable for any job
42.0,31.0,22.0,36.0,41.0,Education & Social Work
40.0,35.0,28.0,31.0,37.0,Education & Social Work
35.0,24.0,33.0,33.0,27.0,Education & Social Work
32.0,27.0,31.0,36.0,45.0,Education & Social Work
35.0,32.0,26.0,32.0,17.0,Healthcare & Support
27.0,31.0,33.0,29.0,22.0,Suitable for any job
37.0,34.0,22.0,26.0,19.0,Suitable for any job
34.0,30.0,30.0,32.0,35.0,"Sales, Marketing & Management"
36.0,33.0,28.0,31.0,25.0,Education & Social Work
29.0,32.0,31.0,33.0,34.0,"Sales, Marketing & Management"
31.0,29.0,31.0,28.0,42.0,Suitable for any job
33.0,29.0,33.0,29.0,25.0,Suitable for any job
37.0,28.0,29.0,32.0,37.0,Education & Social Work
31.0,32.0,33.0,29.0,22.0,Suitable for any job
36.0,30.0,31.0,37.0,31.0,"Sales, Marketing & Management"
33.0,39.0,43.0,36.0,23.0,"Sales, Marketing & Management"
32.0,30.0,27.0,23.0,30.0,Suitable for any job
30.0,25.0,27.0,25.0,24.0,Suitable for any job
32.0,28.0,33.0,35.0,36.0,Education & Social Work
35.0,25.0,30.0,30.0,29.0,Education & Social Work
30.0,34.0,29.0,35.0,25.0,Education & Social Work
22.0,31.0,28.0,30.0,33.0,Suitable for any job
33.0,27.0,30.0,30.0,28.0,Education & Social Work
33.0,36.0,32.0,33.0,24.0,"Sales, Marketing & Management"
31.0,34.0,33.0,32.0,33.0,"Sales, Marketing & Management"
0.0,0.0,0.0,0.0,0.0,Suitable for any job
34.0,35.0,33.0,37.0,37.0,"Sales, Marketing & Management"
31.0,34.0,28.0,35.0,35.0,Education & Social Work
34.0,30.0,31.0,32.0,26.0,"Sales, Marketing & Management"
31.0,32.0,29.0,30.0,30.0,Education & Social Work
39.0,33.0,31.0,31.0,26.0,"Sales, Marketing & Management"
40.0,40.0,32.0,35.0,28.0,"Sales, Marketing & Management"
35.0,29.0,30.0,32.0,42.0,Education & Social Work
34.0,30.0,26.0,30.0,30.0,Education & Social Work
34.0,29.0,28.0,27.0,30.0,Suitable for any job
33.0,31.0,32.0,31.0,32.0,"Sales, Marketing & Management"
22.0,23.0,28.0,30.0,36.0,Suitable for any job
33.0,32.0,24.0,30.0,35.0,Education & Social Work
40.0,30.0,28.0,30.0,37.0,Education & Social Work
36.0,34.0,32.0,28.0,28.0,Suitable for any job
33.0,27.0,31.0,36.0,18.0,Education & Social Work
36.0,29.0,32.0,30.0,33.0,Education & Social Work
34.0,32.0,24.0,38.0,39.0,Education & Social Work
36.0,36.0,30.0,28.0,40.0,Suitable for any job
26.0,28.0,21.0,25.0,18.0,Suitable for any job
27.0,24.0,26.0,29.0,43.0,Suitable for any job
35.0,30.0,31.0,38.0,30.0,"Sales, Marketing & Management"
27.0,30.0,28.0,32.0,32.0,Suitable for any job
32.0,28.0,30.0,33.0,34.0,Education & Social Work
31.0,35.0,27.0,33.0,34.0,Education & Social Work
31.0,34.0,34.0,36.0,36.0,"Sales, Marketing & Management"
31.0,33.0,31.0,35.0,32.0,"Sales, Marketing & Management"
32.0,28.0,30.0,26.0,31.0,Suitable for any job
36.0,37.0,33.0,29.0,36.0,Suitable for any job
35.0,25.0,28.0,26.0,22.0,Suitable for any job
34.0,32.0,28.0,31.0,36.0,Education & Social Work
29.0,26.0,31.0,28.0,20.0,Suitable for any job
33.0,28.0,31.0,33.0,36.0,Education & Social Work
26.0,27.0,26.0,31.0,33.0,Suitable for any job
35.0,35.0,29.0,31.0,36.0,Education & Social Work
29.0,28.0,33.0,25.0,36.0,Suitable for any job
25.0,32.0,34.0,41.0,38.0,"Sales, Marketing & Management"
37.0,29.0,27.0,25.0,26.0,Suitable for any job
37.0,31.0,29.0,29.0,25.0,Suitable for any job
35.0,35.0,28.0,39.0,36.0,Education & Social Work
36.0,34.0,29.0,31.0,39.0,Education & Social Work
34.0,32.0,20.0,30.0,28.0,Technical Expert Roles
35.0,34.0,28.0,40.0,38.0,Education & Social Work
36.0,25.0,33.0,32.0,24.0,Education & Social Work
38.0,32.0,28.0,31.0,27.0,Education & Social Work
36.0,27.0,31.0,30.0,26.0,Education & Social Work
34.0,34.0,34.0,31.0,29.0,"Sales, Marketing & Management"
34.0,35.0,33.0,34.0,40.0,"Sales, Marketing & Management"
36.0,29.0,30.0,36.0,39.0,Education & Social Work
41.0,37.0,32.0,36.0,41.0,"Sales, Marketing & Management"
26.0,27.0,31.0,28.0,24.0,Suitable for any job
39.0,35.0,31.0,35.0,34.0,"Sales, Marketing & Management"
28.0,38.0,32.0,38.0,37.0,"Sales, Marketing & Management"
32.0,28.0,28.0,24.0,23.0,Suitable for any job
34.0,29.0,30.0,31.0,21.0,Education & Social Work
32.0,32.0,34.0,28.0,20.0,High-Pressure & Leadership Roles
35.0,36.0,21.0,37.0,34.0,Education & Social Work
29.0,34.0,35.0,30.0,28.0,"Sales, Marketing & Management"
32.0,27.0,31.0,30.0,26.0,Education & Social Work
36.0,34.0,33.0,32.0,26.0,"Sales, Marketing & Management"
34.0,39.0,36.0,38.0,39.0,"Sales, Marketing & Management"
33.0,30.0,32.0,31.0,36.0,"Sales, Marketing & Management"
34.0,30.0,27.0,30.0,30.0,Education & Social Work
39.0,39.0,25.0,32.0,35.0,Education & Social Work
39.0,32.0,33.0,28.0,24.0,Suitable for any job
39.0,32.0,34.0,32.0,30.0,"Sales, Marketing & Management"
35.0,38.0,34.0,34.0,27.0,"Sales, Marketing & Management"
31.0,30.0,29.0,30.0,41.0,Education & Social Work
34.0,28.0,29.0,30.0,24.0,Education & Social Work
26.0,26.0,29.0,28.0,34.0,Suitable for any job
33.0,33.0,33.0,30.0,35.0,"Sales, Marketing & Management"
32.0,33.0,34.0,37.0,33.0,"Sales, Marketing & Management"
30.0,34.0,30.0,29.0,36.0,Suitable for any job
31.0,34.0,29.0,31.0,30.0,Education & Social Work
32.0,25.0,30.0,33.0,32.0,Education & Social Work
27.0,28.0,24.0,32.0,35.0,Suitable for any job
37.0,36.0,34.0,28.0,37.0,Suitable for any job
37.0,33.0,30.0,27.0,24.0,Suitable for any job
34.0,34.0,34.0,33.0,26.0,"Sales, Marketing & Management"
34.0,30.0,29.0,33.0,46.0,Education & Social Work
25.0,25.0,30.0,25.0,43.0,Suitable for any job
33.0,32.0,38.0,28.0,46.0,Suitable for any job
28.0,32.0,31.0,24.0,39.0,Suitable for any job
31.0,33.0,25.0,29.0,28.0,Suitable for any job
33.0,33.0,31.0,33.0,32.0,"Sales, Marketing & Management"
31.0,27.0,30.0,28.0,27.0,Suitable for any job
35.0,30.0,26.0,29.0,38.0,Suitable for any job
36.0,33.0,31.0,29.0,32.0,Suitable for any job
29.0,35.0,28.0,23.0,26.0,Suitable for any job
33.0,34.0,23.0,26.0,28.0,Suitable for any job
33.0,31.0,28.0,28.0,36.0,Suitable for any job
34.0,36.0,32.0,35.0,34.0,"Sales, Marketing & Management"
35.0,30.0,30.0,34.0,41.0,"Sales, Marketing & Management"
35.0,31.0,31.0,31.0,32.0,"Sales, Marketing & Management"
30.0,22.0,30.0,31.0,29.0,Education & Social Work
37.0,31.0,38.0,35.0,31.0,"Sales, Marketing & Management"
32.0,35.0,35.0,34.0,29.0,"Sales, Marketing & Management"
31.0,33.0,28.0,30.0,30.0,Education & Social Work
33.0,38.0,32.0,33.0,32.0,"Sales, Marketing & Management"
31.0,31.0,37.0,28.0,22.0,Suitable for any job
33.0,38.0,30.0,30.0,37.0,"Sales, Marketing & Management"
35.0,32.0,34.0,28.0,24.0,Suitable for any job
32.0,32.0,25.0,31.0,31.0,Education & Social Work
31.0,31.0,27.0,29.0,31.0,Suitable for any job
33.0,30.0,29.0,30.0,31.0,Education & Social Work
30.0,28.0,31.0,32.0,36.0,Education & Social Work
30.0,36.0,33.0,32.0,44.0,"Sales, Marketing & Management"
35.0,30.0,31.0,36.0,39.0,"Sales, Marketing & Management"
28.0,31.0,27.0,33.0,39.0,Suitable for any job
32.0,33.0,35.0,29.0,33.0,Suitable for any job
35.0,30.0,34.0,36.0,28.0,"Sales, Marketing & Management"
32.0,31.0,26.0,31.0,21.0,Education & Social Work
33.0,31.0,27.0,33.0,30.0,Education & Social Work
31.0,32.0,23.0,27.0,38.0,Suitable for any job
36.0,34.0,33.0,29.0,21.0,Suitable for any job
28.0,31.0,31.0,34.0,34.0,"Sales, Marketing & Management"
28.0,27.0,32.0,29.0,35.0,Suitable for any job
31.0,28.0,33.0,30.0,21.0,Education & Social Work
35.0,32.0,34.0,32.0,30.0,"Sales, Marketing & Management"
32.0,32.0,34.0,31.0,31.0,"Sales, Marketing & Management"
32.0,34.0,30.0,38.0,42.0,"Sales, Marketing & Management"
31.0,30.0,30.0,32.0,32.0,"Sales, Marketing & Management"
35.0,35.0,37.0,31.0,44.0,"Sales, Marketing & Management"
35.0,29.0,29.0,26.0,29.0,Suitable for any job
24.0,30.0,25.0,30.0,38.0,Suitable for any job
32.0,24.0,26.0,24.0,31.0,Suitable for any job
24.0,24.0,31.0,25.0,20.0,Suitable for any job
37.0,32.0,31.0,34.0,35.0,"Sales, Marketing & Management"
38.0,21.0,26.0,36.0,29.0,Education & Social Work
39.0,28.0,31.0,34.0,18.0,Education & Social Work
39.0,38.0,33.0,36.0,38.0,"Sales, Marketing & Management"
30.0,31.0,29.0,35.0,34.0,Education & Social Work
35.0,33.0,25.0,27.0,19.0,Suitable for any job
28.0,25.0,30.0,35.0,35.0,Suitable for any job
35.0,36.0,35.0,32.0,27.0,"Sales, Marketing & Management"
34.0,29.0,37.0,36.0,35.0,Education & Social Work
29.0,24.0,34.0,22.0,31.0,Suitable for any job
36.0,26.0,30.0,34.0,30.0,Education & Social Work
40.0,38.0,32.0,34.0,37.0,"Sales, Marketing & Management"
33.0,36.0,33.0,34.0,31.0,"Sales, Marketing & Management"
36.0,36.0,29.0,32.0,35.0,Education & Social Work
38.0,34.0,33.0,36.0,26.0,"Sales, Marketing & Management"
33.0,31.0,33.0,36.0,22.0,"Sales, Marketing & Management"
36.0,25.0,31.0,30.0,31.0,Education & Social Work
34.0,30.0,32.0,34.0,35.0,"Sales, Marketing & Management"
36.0,33.0,30.0,32.0,19.0,Healthcare & Support
30.0,30.0,25.0,36.0,32.0,Education & Social Work
31.0,30.0,28.0,27.0,27.0,Suitable for any job
37.0,28.0,32.0,34.0,31.0,Education & Social Work
28.0,26.0,32.0,35.0,21.0,Suitable for any job
28.0,26.0,30.0,30.0,31.0,Suitable for any job
28.0,35.0,28.0,34.0,37.0,Suitable for any job
36.0,40.0,40.0,29.0,40.0,Suitable for any job
38.0,32.0,34.0,29.0,24.0,Suitable for any job
37.0,32.0,33.0,34.0,25.0,"Sales, Marketing & Management"
34.0,31.0,31.0,32.0,17.0,Healthcare & Support
30.0,33.0,31.0,27.0,34.0,Suitable for any job
35.0,32.0,33.0,30.0,31.0,"Sales, Marketing & Management"
32.0,33.0,30.0,35.0,30.0,"Sales, Marketing & Management"
32.0,28.0,27.0,33.0,32.0,Education & Social Work
25.0,32.0,32.0,31.0,34.0,"Sales, Marketing & Management"
35.0,32.0,28.0,33.0,32.0,Education & Social Work
27.0,25.0,30.0,29.0,32.0,Suitable for any job
32.0,26.0,29.0,26.0,30.0,Suitable for any job
35.0,31.0,34.0,30.0,20.0,Healthcare & Support
34.0,27.0,28.0,32.0,36.0,Education & Social Work
34.0,31.0,38.0,39.0,39.0,"Sales, Marketing & Management"
37.0,29.0,30.0,27.0,32.0,Suitable for any job
30.0,26.0,32.0,31.0,28.0,Education & Social Work
36.0,26.0,31.0,30.0,30.0,Education & Social Work
31.0,33.0,30.0,30.0,34.0,"Sales, Marketing & Management"
38.0,37.0,31.0,38.0,28.0,"Sales, Marketing & Management"
38.0,32.0,30.0,34.0,21.0,"Sales, Marketing & Management"
36.0,32.0,34.0,28.0,32.0,Suitable for any job
31.0,36.0,32.0,30.0,34.0,"Sales, Marketing & Management"
33.0,37.0,33.0,30.0,37.0,"Sales, Marketing & Management"
29.0,31.0,26.0,27.0,30.0,Suitable for any job
28.0,33.0,33.0,35.0,32.0,"Sales, Marketing & Management"
38.0,39.0,32.0,30.0,36.0,"Sales, Marketing & Management"
34.0,33.0,37.0,31.0,33.0,"Sales, Marketing & Management"
33.0,30.0,32.0,34.0,27.0,"Sales, Marketing & Management"
31.0,30.0,33.0,34.0,25.0,"Sales, Marketing & Management"
31.0,29.0,27.0,34.0,27.0,Education & Social Work
30.0,29.0,31.0,31.0,28.0,Education & Social Work
37.0,34.0,25.0,25.0,20.0,Suitable for any job
35.0,28.0,26.0,32.0,23.0,Education & Social Work
33.0,30.0,32.0,30.0,22.0,"Sales, Marketing & Management"
36.0,31.0,26.0,27.0,30.0,Suitable for any job
35.0,31.0,30.0,37.0,28.0,"Sales, Marketing & Management"
30.0,31.0,30.0,32.0,23.0,"Sales, Marketing & Management"
37.0,35.0,30.0,36.0,31.0,"Sales, Marketing & Management"
30.0,34.0,36.0,35.0,25.0,"Sales, Marketing & Management"
31.0,32.0,36.0,43.0,34.0,"Sales, Marketing & Management"
36.0,28.0,26.0,29.0,37.0,Suitable for any job
36.0,40.0,34.0,37.0,24.0,"Sales, Marketing & Management"
29.0,27.0,29.0,30.0,34.0,Suitable for any job
32.0,31.0,34.0,31.0,28.0,"Sales, Marketing & Management"
35.0,38.0,31.0,37.0,40.0,"Sales, Marketing & Management"
31.0,30.0,29.0,36.0,35.0,Education & Social Work
32.0,34.0,26.0,31.0,35.0,Education & Social Work
41.0,31.0,27.0,32.0,30.0,Education & Social Work
34.0,30.0,29.0,35.0,23.0,Education & Social Work
41.0,37.0,34.0,27.0,37.0,Suitable for any job
32.0,30.0,26.0,28.0,21.0,Suitable for any job
35.0,32.0,28.0,29.0,29.0,Suitable for any job
37.0,34.0,26.0,32.0,27.0,Education & Social Work
35.0,32.0,28.0,35.0,31.0,Education & Social Work
31.0,34.0,29.0,33.0,35.0,Education & Social Work
31.0,32.0,28.0,31.0,32.0,Education & Social Work
37.0,34.0,29.0,31.0,24.0,Education & Social Work
32.0,25.0,31.0,34.0,19.0,Education & Social Work
32.0,34.0,29.0,33.0,27.0,Education & Social Work
28.0,28.0,28.0,28.0,27.0,Suitable for any job
31.0,32.0,29.0,32.0,30.0,Education & Social Work
42.0,24.0,28.0,22.0,34.0,Suitable for any job
34.0,31.0,28.0,36.0,29.0,Education & Social Work
33.0,34.0,36.0,32.0,36.0,"Sales, Marketing & Management"
31.0,29.0,29.0,27.0,26.0,Suitable for any job
35.0,32.0,29.0,35.0,39.0,Education & Social Work
31.0,36.0,30.0,37.0,22.0,"Sales, Marketing & Management"
30.0,30.0,26.0,29.0,25.0,Suitable for any job
35.0,31.0,34.0,29.0,27.0,Suitable for any job
38.0,33.0,33.0,32.0,35.0,"Sales, Marketing & Management"
32.0,34.0,40.0,38.0,28.0,"Sales, Marketing & Management"
36.0,33.0,31.0,27.0,35.0,Suitable for any job
31.0,31.0,25.0,31.0,35.0,Education & Social Work
34.0,15.0,29.0,28.0,20.0,Creative Freelance & Innovation
30.0,38.0,34.0,37.0,34.0,"Sales, Marketing & Management"
31.0,31.0,29.0,36.0,26.0,Education & Social Work
27.0,37.0,32.0,29.0,31.0,Suitable for any job
35.0,29.0,30.0,25.0,31.0,Suitable for any job
29.0,31.0,30.0,31.0,33.0,"Sales, Marketing & Management"
36.0,30.0,30.0,32.0,32.0,"Sales, Marketing & Management"
32.0,24.0,30.0,30.0,25.0,Education & Social Work
33.0,35.0,31.0,28.0,41.0,Suitable for any job
27.0,26.0,29.0,23.0,25.0,Suitable for any job
28.0,32.0,32.0,38.0,28.0,"Sales, Marketing & Management"
33.0,33.0,28.0,35.0,28.0,Education & Social Work
30.0,29.0,35.0,28.0,33.0,Suitable for any job
35.0,32.0,27.0,37.0,37.0,Education & Social Work
28.0,30.0,26.0,29.0,35.0,Suitable for any job
32.0,35.0,26.0,31.0,40.0,Education & Social Work
22.0,28.0,26.0,28.0,34.0,Suitable for any job
37.0,31.0,35.0,30.0,38.0,"Sales, Marketing & Management"
34.0,37.0,32.0,35.0,39.0,"Sales, Marketing & Management"
35.0,33.0,28.0,28.0,27.0,Suitable for any job
29.0,27.0,30.0,30.0,20.0,Suitable for any job
27.0,31.0,30.0,30.0,36.0,"Sales, Marketing & Management"
35.0,31.0,37.0,32.0,32.0,"Sales, Marketing & Management"
28.0,24.0,32.0,33.0,19.0,Suitable for any job
36.0,33.0,28.0,36.0,33.0,Education & Social Work
31.0,32.0,32.0,34.0,22.0,"Sales, Marketing & Management"
31.0,31.0,33.0,29.0,41.0,Suitable for any job
32.0,28.0,31.0,30.0,25.0,Education & Social Work
31.0,32.0,30.0,31.0,24.0,"Sales, Marketing & Management"
37.0,33.0,30.0,30.0,39.0,"Sales, Marketing & Management"
39.0,37.0,29.0,31.0,38.0,Education & Social Work
34.0,28.0,27.0,29.0,33.0,Suitable for any job
34.0,35.0,30.0,36.0,27.0,"Sales, Marketing & Management"
31.0,30.0,24.0,26.0,29.0,Suitable for any job
36.0,29.0,27.0,26.0,19.0,Suitable for any job
26.0,33.0,30.0,28.0,22.0,Suitable for any job
33.0,37.0,30.0,32.0,39.0,"Sales, Marketing & Management"
31.0,25.0,29.0,33.0,35.0,Education & Social Work
25.0,28.0,30.0,32.0,31.0,Suitable for any job
27.0,30.0,26.0,32.0,41.0,Suitable for any job
33.0,27.0,32.0,31.0,32.0,Education & Social Work
36.0,29.0,32.0,33.0,25.0,Education & Social Work
33.0,32.0,25.0,29.0,35.0,Suitable for any job
33.0,29.0,33.0,32.0,32.0,Education & Social Work
35.0,35.0,28.0,32.0,36.0,Education & Social Work
26.0,29.0,29.0,28.0,31.0,Suitable for any job
34.0,33.0,30.0,36.0,28.0,"Sales, Marketing & Management"
38.0,33.0,30.0,32.0,35.0,"Sales, Marketing & Management"
31.0,30.0,31.0,32.0,40.0,"Sales, Marketing & Management"
35.0,32.0,26.0,34.0,35.0,Education & Social Work
34.0,29.0,29.0,30.0,26.0,Education & Social Work
28.0,31.0,30.0,35.0,28.0,"Sales, Marketing & Management"
35.0,30.0,23.0,32.0,29.0,Education & Social Work
25.0,31.0,32.0,28.0,28.0,Suitable for any job
34.0,27.0,27.0,26.0,21.0,Suitable for any job
32.0,31.0,30.0,37.0,26.0,"Sales, Marketing & Management"
36.0,33.0,30.0,30.0,38.0,"Sales, Marketing & Management"
41.0,34.0,40.0,34.0,31.0,"Sales, Marketing & Management"
31.0,27.0,32.0,37.0,31.0,Education & Social Work
31.0,29.0,33.0,36.0,21.0,Education & Social Work
32.0,32.0,28.0,32.0,28.0,Education & Social Work
29.0,33.0,30.0,30.0,29.0,"Sales, Marketing & Management"
33.0,28.0,25.0,30.0,39.0,Education & Social Work
28.0,27.0,28.0,32.0,29.0,Suitable for any job
34.0,29.0,32.0,28.0,21.0,Suitable for any job
27.0,36.0,33.0,33.0,35.0,"Sales, Marketing & Management"
30.0,33.0,32.0,30.0,25.0,"Sales, Marketing & Management"
31.0,30.0,30.0,30.0,42.0,"Sales, Marketing & Management"
34.0,37.0,31.0,31.0,19.0,Healthcare & Support
32.0,36.0,32.0,32.0,34.0,"Sales, Marketing & Management"
39.0,34.0,32.0,31.0,30.0,"Sales, Marketing & Management"
31.0,25.0,29.0,30.0,28.0,Education & Social Work
30.0,28.0,29.0,29.0,32.0,Suitable for any job
35.0,36.0,28.0,39.0,32.0,Education & Social Work
35.0,30.0,33.0,32.0,35.0,"Sales, Marketing & Management"
35.0,31.0,28.0,32.0,26.0,Education & Social Work
38.0,24.0,29.0,33.0,41.0,Education & Social Work
34.0,31.0,36.0,21.0,24.0,Suitable for any job
36.0,30.0,36.0,34.0,24.0,"Sales, Marketing & Management"
37.0,31.0,30.0,34.0,19.0,Healthcare & Support
39.0,37.0,30.0,35.0,33.0,"Sales, Marketing & Management"
33.0,38.0,36.0,30.0,29.0,"Sales, Marketing & Management"
39.0,31.0,29.0,34.0,32.0,Education & Social Work
37.0,31.0,31.0,31.0,31.0,"Sales, Marketing & Management"
33.0,30.0,29.0,27.0,17.0,Suitable for any job
26.0,35.0,34.0,28.0,38.0,Suitable for any job
30.0,33.0,31.0,34.0,31.0,"Sales, Marketing & Management"
31.0,32.0,28.0,31.0,30.0,Education & Social Work
31.0,31.0,29.0,30.0,26.0,Education & Social Work
31.0,34.0,31.0,32.0,39.0,"Sales, Marketing & Management"
31.0,28.0,31.0,28.0,21.0,Suitable for any job
38.0,26.0,34.0,34.0,42.0,Education & Social Work
34.0,24.0,34.0,34.0,13.0,Education & Social Work
33.0,33.0,26.0,32.0,30.0,Education & Social Work
36.0,35.0,31.0,28.0,34.0,Suitable for any job
31.0,36.0,29.0,32.0,35.0,Education & Social Work
36.0,30.0,31.0,33.0,34.0,"Sales, Marketing & Management"
21.0,28.0,29.0,27.0,22.0,Suitable for any job
34.0,39.0,26.0,32.0,38.0,Education & Social Work
36.0,24.0,26.0,36.0,20.0,Education & Social Work
31.0,28.0,29.0,28.0,40.0,Suitable for any job
33.0,34.0,32.0,30.0,33.0,"Sales, Marketing & Management"
35.0,29.0,36.0,30.0,29.0,Education & Social Work
32.0,27.0,30.0,33.0,23.0,Education & Social Work
35.0,34.0,27.0,31.0,20.0,Healthcare & Support
33.0,27.0,35.0,28.0,34.0,Suitable for any job
27.0,29.0,30.0,27.0,28.0,Suitable for any job
33.0,33.0,32.0,35.0,30.0,"Sales, Marketing & Management"
31.0,35.0,32.0,33.0,25.0,"Sales, Marketing & Management"
41.0,42.0,32.0,38.0,24.0,"Sales, Marketing & Management"
38.0,30.0,26.0,31.0,28.0,Education & Social Work
39.0,33.0,28.0,28.0,35.0,Suitable for any job
36.0,34.0,34.0,32.0,20.0,Healthcare & Support
35.0,31.0,28.0,32.0,27.0,Education & Social Work
38.0,38.0,22.0,36.0,36.0,Education & Social Work
29.0,32.0,30.0,34.0,28.0,"Sales, Marketing & Management"
33.0,33.0,28.0,30.0,30.0,Education & Social Work
34.0,38.0,29.0,34.0,34.0,Education & Social Work
30.0,31.0,27.0,31.0,31.0,Education & Social Work
41.0,39.0,28.0,26.0,15.0,Suitable for any job
32.0,34.0,29.0,31.0,37.0,Education & Social Work
33.0,34.0,28.0,27.0,31.0,Suitable for any job
32.0,37.0,29.0,35.0,40.0,Education & Social Work
26.0,33.0,31.0,28.0,37.0,Suitable for any job
31.0,27.0,28.0,31.0,29.0,Education & Social Work
31.0,27.0,28.0,31.0,39.0,Education & Social Work
30.0,25.0,29.0,29.0,35.0,Suitable for any job
36.0,40.0,27.0,31.0,30.0,Education & Social Work
29.0,33.0,32.0,30.0,31.0,"Sales, Marketing & Management"
28.0,34.0,30.0,34.0,24.0,"Sales, Marketing & Management"
35.0,31.0,30.0,38.0,36.0,"Sales, Marketing & Management"
31.0,28.0,28.0,33.0,30.0,Education & Social Work
34.0,32.0,28.0,36.0,32.0,Education & Social Work
35.0,28.0,28.0,30.0,33.0,Education & Social Work
34.0,32.0,31.0,33.0,23.0,"Sales, Marketing & Management"
33.0,27.0,32.0,31.0,28.0,Education & Social Work
33.0,33.0,33.0,30.0,33.0,"Sales, Marketing & Management"
28.0,33.0,30.0,29.0,22.0,Suitable for any job
30.0,23.0,25.0,31.0,25.0,Education & Social Work
35.0,34.0,33.0,32.0,33.0,"Sales, Marketing & Management"
41.0,32.0,30.0,30.0,28.0,"Sales, Marketing & Management"
38.0,32.0,31.0,35.0,35.0,"Sales, Marketing & Management"
34.0,31.0,32.0,33.0,29.0,"Sales, Marketing & Management"
33.0,33.0,27.0,28.0,33.0,Suitable for any job
38.0,29.0,27.0,34.0,28.0,Education & Social Work
31.0,27.0,27.0,30.0,31.0,Education & Social Work
39.0,37.0,31.0,34.0,30.0,"Sales, Marketing & Management"
34.0,35.0,33.0,32.0,24.0,"Sales, Marketing & Management"
37.0,26.0,29.0,26.0,31.0,Suitable for any job
30.0,35.0,32.0,39.0,46.0,"Sales, Marketing & Management"
38.0,40.0,37.0,34.0,39.0,"Sales, Marketing & Management"
35.0,29.0,24.0,32.0,28.0,Education & Social Work
38.0,31.0,29.0,34.0,26.0,Education & Social Work
31.0,34.0,32.0,29.0,21.0,Suitable for any job
29.0,33.0,27.0,33.0,34.0,Suitable for any job
35.0,30.0,31.0,32.0,22.0,"Sales, Marketing & Management"
30.0,28.0,27.0,36.0,31.0,Education & Social Work
36.0,39.0,29.0,34.0,33.0,Education & Social Work
31.0,28.0,39.0,27.0,30.0,Suitable for any job
24.0,30.0,37.0,31.0,39.0,"Sales, Marketing & Management"
32.0,21.0,18.0,28.0,36.0,Independent/Research
35.0,29.0,24.0,30.0,34.0,Education & Social Work
30.0,34.0,33.0,32.0,34.0,"Sales, Marketing & Management"
34.0,28.0,36.0,33.0,28.0,Education & Social Work
38.0,23.0,30.0,37.0,37.0,Education & Social Work
34.0,34.0,30.0,33.0,40.0,"Sales, Marketing & Management"
30.0,31.0,30.0,29.0,21.0,Suitable for any job
32.0,31.0,25.0,36.0,27.0,Education & Social Work
24.0,21.0,28.0,33.0,28.0,Suitable for any job
28.0,29.0,33.0,35.0,34.0,Suitable for any job
32.0,26.0,32.0,33.0,28.0,Education & Social Work
35.0,32.0,30.0,28.0,29.0,Suitable for any job
30.0,38.0,29.0,34.0,34.0,Education & Social Work
29.0,32.0,30.0,37.0,29.0,"Sales, Marketing & Management"
34.0,22.0,34.0,32.0,19.0,Education & Social Work
30.0,28.0,33.0,34.0,23.0,Education & Social Work
38.0,33.0,31.0,33.0,28.0,"Sales, Marketing & Management"
35.0,29.0,33.0,33.0,36.0,Education & Social Work
31.0,28.0,32.0,29.0,44.0,Suitable for any job
34.0,40.0,27.0,31.0,32.0,Education & Social Work
25.0,39.0,30.0,30.0,44.0,"Sales, Marketing & Management"
33.0,40.0,27.0,35.0,41.0,Education & Social Work
31.0,32.0,35.0,29.0,29.0,Suitable for any job
33.0,30.0,31.0,32.0,25.0,"Sales, Marketing & Management"
31.0,34.0,30.0,26.0,22.0,Suitable for any job
30.0,28.0,23.0,27.0,36.0,Suitable for any job
38.0,28.0,28.0,34.0,34.0,Education & Social Work
31.0,28.0,28.0,30.0,35.0,Education & Social Work
35.0,35.0,38.0,40.0,32.0,"Sales, Marketing & Management"
31.0,31.0,26.0,32.0,28.0,Education & Social Work
34.0,38.0,28.0,29.0,26.0,Suitable for any job
29.0,28.0,27.0,27.0,37.0,Suitable for any job
29.0,33.0,33.0,28.0,28.0,Suitable for any job
31.0,29.0,30.0,34.0,33.0,Education & Social Work
33.0,27.0,32.0,30.0,24.0,Education & Social Work
33.0,34.0,31.0,31.0,38.0,"Sales, Marketing & Management"
34.0,30.0,30.0,31.0,38.0,"Sales, Marketing & Management"
35.0,33.0,30.0,28.0,30.0,Suitable for any job
32.0,30.0,29.0,32.0,25.0,Education & Social Work
36.0,33.0,28.0,29.0,37.0,Suitable for any job
32.0,34.0,32.0,34.0,32.0,"Sales, Marketing & Management"
32.0,35.0,32.0,29.0,36.0,Suitable for any job
36.0,35.0,28.0,33.0,36.0,Education & Social Work
35.0,32.0,28.0,27.0,31.0,Suitable for any job
33.0,32.0,28.0,28.0,35.0,Suitable for any job
37.0,33.0,32.0,35.0,33.0,"Sales, Marketing & Management"
35.0,31.0,37.0,31.0,37.0,"Sales, Marketing & Management"
25.0,34.0,35.0,33.0,23.0,"Sales, Marketing & Management"
28.0,32.0,31.0,29.0,26.0,Suitable for any job
33.0,41.0,34.0,35.0,36.0,"Sales, Marketing & Management"
41.0,41.0,36.0,40.0,27.0,"Sales, Marketing & Management"
29.0,37.0,33.0,38.0,40.0,"Sales, Marketing & Management"
27.0,28.0,32.0,29.0,34.0,Suitable for any job
28.0,27.0,34.0,31.0,25.0,Suitable for any job
35.0,31.0,26.0,33.0,35.0,Education & Social Work
41.0,39.0,30.0,28.0,40.0,Suitable for any job
30.0,25.0,30.0,29.0,30.0,Suitable for any job
38.0,34.0,29.0,32.0,28.0,Education & Social Work
28.0,30.0,29.0,27.0,23.0,Suitable for any job
33.0,34.0,34.0,29.0,32.0,Suitable for any job
26.0,36.0,25.0,28.0,32.0,Suitable for any job
37.0,40.0,28.0,32.0,18.0,Healthcare & Support
34.0,33.0,28.0,29.0,29.0,Suitable for any job
35.0,22.0,21.0,21.0,40.0,Suitable for any job
38.0,33.0,37.0,33.0,34.0,"Sales, Marketing & Management"
36.0,33.0,30.0,34.0,17.0,Healthcare & Support
33.0,33.0,34.0,34.0,20.0,Healthcare & Support
28.0,29.0,27.0,31.0,30.0,Suitable for any job
34.0,30.0,27.0,30.0,41.0,Education & Social Work
30.0,31.0,34.0,32.0,32.0,"Sales, Marketing & Management"
30.0,34.0,28.0,31.0,23.0,Education & Social Work
30.0,34.0,30.0,29.0,21.0,Suitable for any job
35.0,32.0,31.0,29.0,32.0,Suitable for any job
30.0,28.0,26.0,32.0,20.0,Education & Social Work
36.0,29.0,31.0,32.0,34.0,Education & Social Work
33.0,28.0,31.0,31.0,35.0,Education & Social Work
32.0,30.0,26.0,31.0,39.0,Education & Social Work
26.0,36.0,27.0,33.0,38.0,Suitable for any job
32.0,32.0,31.0,28.0,25.0,Suitable for any job
30.0,32.0,30.0,31.0,36.0,"Sales, Marketing & Management"
32.0,27.0,30.0,36.0,38.0,Education & Social Work
31.0,30.0,29.0,33.0,34.0,Education & Social Work
38.0,38.0,35.0,32.0,20.0,Healthcare & Support
33.0,32.0,27.0,36.0,32.0,Education & Social Work
38.0,29.0,31.0,35.0,37.0,Education & Social Work
31.0,28.0,29.0,36.0,36.0,Education & Social Work
31.0,32.0,26.0,32.0,23.0,Education & Social Work
33.0,27.0,32.0,28.0,25.0,Suitable for any job
32.0,33.0,32.0,22.0,25.0,Suitable for any job
21.0,25.0,42.0,27.0,28.0,Suitable for any job
34.0,31.0,26.0,32.0,24.0,Education & Social Work
26.0,36.0,26.0,39.0,22.0,Suitable for any job
33.0,29.0,27.0,29.0,27.0,Suitable for any job
28.0,25.0,30.0,36.0,27.0,Suitable for any job
37.0,30.0,30.0,32.0,23.0,"Sales, Marketing & Management"
30.0,32.0,32.0,31.0,38.0,"Sales, Marketing & Management"
33.0,32.0,24.0,33.0,28.0,Education & Social Work
31.0,28.0,32.0,29.0,33.0,Suitable for any job
30.0,36.0,34.0,36.0,22.0,"Sales, Marketing & Management"
35.0,32.0,34.0,30.0,27.0,"Sales, Marketing & Management"
35.0,29.0,33.0,28.0,28.0,Suitable for any job
29.0,31.0,33.0,34.0,36.0,"Sales, Marketing & Management"
28.0,32.0,35.0,34.0,22.0,"Sales, Marketing & Management"
37.0,26.0,24.0,32.0,26.0,Education & Social Work
34.0,34.0,34.0,34.0,16.0,Healthcare & Support
34.0,29.0,31.0,30.0,30.0,Education & Social Work
25.0,31.0,36.0,32.0,27.0,"Sales, Marketing & Management"
32.0,24.0,30.0,32.0,38.0,Education & Social Work
36.0,30.0,33.0,35.0,40.0,"Sales, Marketing & Management"
40.0,44.0,34.0,38.0,38.0,"Sales, Marketing & Management"
33.0,32.0,33.0,29.0,38.0,Suitable for any job
33.0,30.0,32.0,32.0,28.0,"Sales, Marketing & Management"
37.0,31.0,31.0,36.0,31.0,"Sales, Marketing & Management"
28.0,23.0,25.0,25.0,27.0,Suitable for any job
29.0,41.0,23.0,29.0,37.0,Suitable for any job
38.0,36.0,26.0,30.0,26.0,Education & Social Work
32.0,33.0,27.0,33.0,25.0,Education & Social Work
35.0,33.0,26.0,32.0,37.0,Education & Social Work
28.0,31.0,33.0,33.0,26.0,"Sales, Marketing & Management"
34.0,25.0,33.0,27.0,28.0,Suitable for any job
30.0,31.0,25.0,34.0,28.0,Education & Social Work
32.0,30.0,33.0,31.0,32.0,"Sales, Marketing & Management"
34.0,25.0,29.0,29.0,30.0,Suitable for any job
37.0,31.0,30.0,28.0,27.0,Suitable for any job
32.0,34.0,34.0,36.0,18.0,Healthcare & Support
35.0,30.0,29.0,31.0,38.0,Education & Social Work
28.0,33.0,36.0,35.0,48.0,"Sales, Marketing & Management"
35.0,33.0,28.0,34.0,25.0,Education & Social Work
38.0,31.0,33.0,29.0,31.0,Suitable for any job
36.0,31.0,34.0,36.0,40.0,"Sales, Marketing & Management"
33.0,33.0,32.0,32.0,43.0,"Sales, Marketing & Management"
38.0,31.0,36.0,37.0,23.0,"Sales, Marketing & Management"
31.0,28.0,29.0,23.0,41.0,Suitable for any job
26.0,31.0,27.0,33.0,37.0,Suitable for any job
34.0,27.0,35.0,32.0,34.0,Education & Social Work
32.0,34.0,24.0,29.0,28.0,Suitable for any job
35.0,28.0,29.0,30.0,20.0,Education & Social Work
34.0,31.0,27.0,29.0,35.0,Suitable for any job
31.0,34.0,28.0,28.0,33.0,Suitable for any job
36.0,34.0,31.0,30.0,26.0,"Sales, Marketing & Management"
35.0,28.0,31.0,37.0,28.0,Education & Social Work
35.0,33.0,31.0,29.0,35.0,Suitable for any job
29.0,26.0,35.0,38.0,28.0,Suitable for any job
27.0,35.0,31.0,34.0,31.0,"Sales, Marketing & Management"
36.0,34.0,25.0,32.0,33.0,Education & Social Work
34.0,27.0,35.0,32.0,27.0,Education & Social Work
33.0,33.0,29.0,34.0,24.0,Education & Social Work
38.0,33.0,31.0,33.0,32.0,"Sales, Marketing & Management"
19.0,18.0,20.0,16.0,21.0,"Flexible, Less Structured Roles"
37.0,22.0,32.0,34.0,18.0,Education & Social Work
30.0,26.0,34.0,33.0,36.0,Education & Social Work
36.0,34.0,32.0,37.0,36.0,"Sales, Marketing & Management"
28.0,28.0,29.0,33.0,38.0,Suitable for any job
31.0,31.0,37.0,32.0,23.0,"Sales, Marketing & Management"
33.0,27.0,27.0,31.0,27.0,Education & Social Work
35.0,36.0,29.0,33.0,36.0,Education & Social Work
35.0,25.0,32.0,30.0,32.0,Education & Social Work
33.0,35.0,28.0,26.0,27.0,Suitable for any job
34.0,31.0,25.0,32.0,32.0,Education & Social Work
36.0,32.0,32.0,33.0,28.0,"Sales, Marketing & Management"
34.0,22.0,29.0,30.0,25.0,Education & Social Work
34.0,30.0,26.0,27.0,21.0,Suitable for any job
38.0,31.0,27.0,28.0,26.0,Suitable for any job
38.0,36.0,30.0,32.0,26.0,"Sales, Marketing & Management"
31.0,31.0,34.0,30.0,30.0,"Sales, Marketing & Management"
29.0,28.0,32.0,34.0,29.0,Suitable for any job
38.0,33.0,28.0,39.0,28.0,Education & Social Work
34.0,28.0,34.0,35.0,29.0,Education & Social Work
30.0,34.0,30.0,34.0,34.0,"Sales, Marketing & Management"
32.0,31.0,34.0,31.0,25.0,"Sales, Marketing & Management"
36.0,33.0,30.0,32.0,34.0,"Sales, Marketing & Management"
26.0,29.0,32.0,34.0,28.0,Suitable for any job
29.0,33.0,27.0,25.0,23.0,Suitable for any job
36.0,21.0,26.0,28.0,35.0,Suitable for any job
38.0,29.0,28.0,27.0,32.0,Suitable for any job
22.0,28.0,26.0,27.0,19.0,Suitable for any job
31.0,26.0,34.0,35.0,28.0,Education & Social Work
32.0,30.0,31.0,31.0,33.0,"Sales, Marketing & Management"
32.0,31.0,30.0,32.0,28.0,"Sales, Marketing & Management"
41.0,37.0,30.0,36.0,39.0,"Sales, Marketing & Management"
33.0,28.0,35.0,35.0,36.0,Education & Social Work
38.0,26.0,30.0,27.0,35.0,Suitable for any job
34.0,32.0,31.0,31.0,43.0,"Sales, Marketing & Management"
40.0,26.0,26.0,26.0,25.0,Suitable for any job
35.0,32.0,28.0,34.0,46.0,Education & Social Work
26.0,27.0,32.0,23.0,31.0,Suitable for any job
34.0,29.0,33.0,39.0,19.0,Education & Social Work
36.0,30.0,32.0,32.0,42.0,"Sales, Marketing & Management"
33.0,41.0,31.0,29.0,31.0,Suitable for any job
27.0,27.0,35.0,33.0,34.0,Suitable for any job
33.0,32.0,28.0,31.0,29.0,Education & Social Work
30.0,32.0,26.0,30.0,41.0,Education & Social Work
34.0,35.0,28.0,22.0,23.0,Suitable for any job
32.0,37.0,36.0,30.0,37.0,"Sales, Marketing & Management"
32.0,36.0,26.0,26.0,34.0,Suitable for any job
34.0,35.0,27.0,36.0,36.0,Education & Social Work
33.0,33.0,32.0,38.0,35.0,"Sales, Marketing & Management"
32.0,33.0,32.0,28.0,24.0,Suitable for any job
36.0,39.0,30.0,31.0,35.0,"Sales, Marketing & Management"
35.0,31.0,27.0,29.0,21.0,Suitable for any job
28.0,26.0,27.0,25.0,43.0,Suitable for any job
34.0,24.0,29.0,35.0,18.0,Education & Social Work
35.0,30.0,28.0,29.0,31.0,Suitable for any job
34.0,32.0,25.0,32.0,35.0,Education & Social Work
32.0,29.0,28.0,35.0,29.0,Education & Social Work
35.0,30.0,40.0,35.0,26.0,"Sales, Marketing & Management"
34.0,30.0,30.0,33.0,38.0,"Sales, Marketing & Management"
34.0,32.0,34.0,34.0,34.0,"Sales, Marketing & Management"
32.0,34.0,34.0,31.0,24.0,"Sales, Marketing & Management"
30.0,34.0,28.0,33.0,29.0,Education & Social Work
31.0,37.0,32.0,35.0,32.0,"Sales, Marketing & Management"
37.0,27.0,32.0,34.0,37.0,Education & Social Work
35.0,34.0,30.0,31.0,41.0,"Sales, Marketing & Management"
37.0,32.0,32.0,33.0,25.0,"Sales, Marketing & Management"
32.0,33.0,31.0,33.0,42.0,"Sales, Marketing & Management"
29.0,30.0,29.0,38.0,33.0,Suitable for any job
32.0,29.0,29.0,28.0,19.0,Suitable for any job
36.0,38.0,32.0,32.0,31.0,"Sales, Marketing & Management"
36.0,33.0,30.0,30.0,33.0,"Sales, Marketing & Management"
32.0,27.0,27.0,31.0,32.0,Education & Social Work
38.0,34.0,29.0,33.0,25.0,Education & Social Work
32.0,27.0,27.0,30.0,29.0,Education & Social Work
36.0,31.0,32.0,34.0,15.0,Healthcare & Support
34.0,29.0,30.0,31.0,36.0,Education & Social Work
31.0,32.0,28.0,30.0,16.0,Healthcare & Support
30.0,30.0,28.0,27.0,32.0,Suitable for any job
32.0,31.0,29.0,32.0,30.0,Education & Social Work
33.0,30.0,31.0,29.0,31.0,Suitable for any job
40.0,34.0,29.0,34.0,24.0,Education & Social Work
35.0,32.0,28.0,34.0,20.0,Healthcare & Support
24.0,31.0,34.0,33.0,28.0,"Sales, Marketing & Management"
30.0,36.0,29.0,31.0,24.0,Education & Social Work
37.0,30.0,32.0,31.0,34.0,"Sales, Marketing & Management"
34.0,26.0,27.0,32.0,17.0,Education & Social Work
34.0,32.0,23.0,29.0,30.0,Suitable for any job
26.0,30.0,28.0,26.0,22.0,Suitable for any job
31.0,31.0,27.0,30.0,32.0,Education & Social Work
34.0,30.0,37.0,28.0,37.0,Suitable for any job
32.0,26.0,31.0,31.0,30.0,Education & Social Work
33.0,31.0,26.0,32.0,27.0,Education & Social Work
28.0,29.0,29.0,29.0,29.0,Suitable for any job
36.0,36.0,31.0,32.0,36.0,"Sales, Marketing & Management"
35.0,33.0,30.0,28.0,36.0,Suitable for any job
32.0,31.0,27.0,29.0,34.0,Suitable for any job
36.0,28.0,25.0,32.0,33.0,Education & Social Work
26.0,31.0,31.0,35.0,31.0,"Sales, Marketing & Management"
33.0,29.0,33.0,35.0,26.0,Education & Social Work
26.0,24.0,25.0,31.0,33.0,Suitable for any job
35.0,29.0,38.0,33.0,17.0,Education & Social Work
27.0,32.0,27.0,34.0,34.0,Suitable for any job
35.0,31.0,31.0,31.0,40.0,"Sales, Marketing & Management"
30.0,38.0,32.0,33.0,29.0,"Sales, Marketing & Management"
34.0,25.0,24.0,29.0,40.0,Suitable for any job
30.0,26.0,31.0,31.0,27.0,Education & Social Work
38.0,35.0,28.0,34.0,28.0,Education & Social Work
27.0,25.0,36.0,33.0,17.0,Suitable for any job
35.0,32.0,28.0,31.0,35.0,Education & Social Work
30.0,27.0,27.0,28.0,39.0,Suitable for any job
34.0,30.0,32.0,31.0,28.0,"Sales, Marketing & Management"
31.0,26.0,30.0,30.0,26.0,Education & Social Work
38.0,34.0,27.0,35.0,42.0,Education & Social Work
27.0,31.0,24.0,26.0,29.0,Suitable for any job
38.0,37.0,34.0,36.0,36.0,"Sales, Marketing & Management"
36.0,23.0,27.0,30.0,31.0,Education & Social Work
29.0,26.0,30.0,32.0,38.0,Suitable for any job
35.0,32.0,30.0,33.0,36.0,"Sales, Marketing & Management"
36.0,34.0,27.0,32.0,39.0,Education & Social Work
35.0,31.0,30.0,25.0,20.0,High-Pressure & Leadership Roles
32.0,30.0,28.0,33.0,22.0,Education & Social Work
36.0,31.0,28.0,32.0,30.0,Education & Social Work
32.0,30.0,29.0,30.0,34.0,Education & Social Work
23.0,37.0,35.0,31.0,30.0,"Sales, Marketing & Management"
28.0,30.0,31.0,28.0,29.0,Suitable for any job
33.0,31.0,29.0,34.0,29.0,Education & Social Work
32.0,33.0,32.0,27.0,19.0,High-Pressure & Leadership Roles
26.0,32.0,29.0,33.0,29.0,Suitable for any job
32.0,32.0,31.0,31.0,19.0,Healthcare & Support
33.0,29.0,32.0,28.0,27.0,Suitable for any job
31.0,25.0,31.0,22.0,26.0,Suitable for any job
38.0,30.0,33.0,30.0,37.0,"Sales, Marketing & Management"
36.0,31.0,24.0,36.0,23.0,Education & Social Work
39.0,26.0,34.0,42.0,45.0,Education & Social Work
31.0,25.0,25.0,30.0,28.0,Education & Social Work
28.0,32.0,29.0,30.0,28.0,Suitable for any job
29.0,39.0,35.0,30.0,35.0,"Sales, Marketing & Management"
37.0,30.0,31.0,37.0,41.0,"Sales, Marketing & Management"
34.0,33.0,33.0,34.0,32.0,"Sales, Marketing & Management"
30.0,29.0,28.0,34.0,30.0,Education & Social Work
29.0,32.0,29.0,31.0,34.0,Suitable for any job
35.0,21.0,31.0,31.0,31.0,Education & Social Work
28.0,31.0,31.0,34.0,24.0,"Sales, Marketing & Management"
34.0,26.0,33.0,32.0,29.0,Education & Social Work
35.0,37.0,35.0,34.0,39.0,"Sales, Marketing & Management"
34.0,33.0,34.0,30.0,33.0,"Sales, Marketing & Management"
28.0,31.0,29.0,27.0,24.0,Suitable for any job
32.0,29.0,29.0,31.0,42.0,Education & Social Work
36.0,32.0,31.0,26.0,19.0,High-Pressure & Leadership Roles
0.0,0.0,0.0,0.0,0.0,Suitable for any job
32.0,45.0,32.0,37.0,24.0,"Sales, Marketing & Management"
28.0,33.0,33.0,32.0,23.0,"Sales, Marketing & Management"
31.0,32.0,39.0,29.0,41.0,Suitable for any job
31.0,26.0,32.0,35.0,33.0,Education & Social Work
34.0,34.0,29.0,27.0,34.0,Suitable for any job
35.0,35.0,32.0,30.0,38.0,"Sales, Marketing & Management"
32.0,35.0,32.0,30.0,31.0,"Sales, Marketing & Management"
35.0,32.0,24.0,28.0,25.0,Suitable for any job
34.0,31.0,36.0,32.0,36.0,"Sales, Marketing & Management"
34.0,36.0,30.0,30.0,33.0,"Sales, Marketing & Management"
26.0,30.0,32.0,30.0,31.0,"Sales, Marketing & Management"
32.0,28.0,24.0,31.0,27.0,Education & Social Work
28.0,30.0,34.0,29.0,28.0,Suitable for any job
33.0,31.0,25.0,32.0,31.0,Education & Social Work
35.0,28.0,31.0,34.0,32.0,Education & Social Work
28.0,34.0,27.0,35.0,30.0,Suitable for any job
30.0,28.0,31.0,30.0,38.0,Education & Social Work
36.0,30.0,29.0,32.0,36.0,Education & Social Work
31.0,32.0,31.0,33.0,28.0,"Sales, Marketing & Management"
29.0,27.0,37.0,33.0,26.0,Suitable for any job
30.0,25.0,30.0,31.0,30.0,Education & Social Work
34.0,34.0,27.0,36.0,43.0,Education & Social Work
30.0,26.0,31.0,35.0,33.0,Education & Social Work
33.0,33.0,29.0,32.0,32.0,Education & Social Work
30.0,32.0,28.0,29.0,43.0,Suitable for any job
32.0,29.0,31.0,24.0,36.0,Suitable for any job
28.0,19.0,26.0,36.0,34.0,"Flexible, Less Structured Roles"
24.0,33.0,28.0,26.0,26.0,Suitable for any job
30.0,28.0,29.0,34.0,21.0,Education & Social Work
33.0,37.0,30.0,29.0,29.0,Suitable for any job
37.0,26.0,31.0,32.0,31.0,Education & Social Work
42.0,29.0,27.0,31.0,31.0,Education & Social Work
36.0,27.0,31.0,32.0,37.0,Education & Social Work
33.0,33.0,43.0,40.0,27.0,"Sales, Marketing & Management"
34.0,30.0,31.0,33.0,20.0,Healthcare & Support
36.0,36.0,30.0,28.0,28.0,Suitable for any job
35.0,29.0,27.0,30.0,30.0,Education & Social Work
32.0,26.0,30.0,31.0,24.0,Education & Social Work
28.0,30.0,26.0,31.0,28.0,Suitable for any job
25.0,29.0,31.0,29.0,35.0,Suitable for any job
31.0,29.0,29.0,30.0,30.0,Education & Social Work
33.0,29.0,27.0,27.0,37.0,Suitable for any job
20.0,30.0,29.0,21.0,33.0,Corporate & Admin
25.0,28.0,29.0,28.0,26.0,Suitable for any job
33.0,33.0,33.0,35.0,43.0,"Sales, Marketing & Management"
36.0,29.0,31.0,22.0,31.0,Suitable for any job
33.0,28.0,24.0,31.0,22.0,Education & Social Work
26.0,26.0,29.0,31.0,22.0,Suitable for any job
29.0,35.0,29.0,30.0,31.0,Suitable for any job
34.0,33.0,29.0,29.0,30.0,Suitable for any job
33.0,24.0,29.0,29.0,24.0,Suitable for any job
32.0,32.0,30.0,32.0,27.0,"Sales, Marketing & Management"
36.0,32.0,28.0,35.0,37.0,Education & Social Work
35.0,28.0,26.0,29.0,24.0,Suitable for any job
35.0,35.0,33.0,29.0,22.0,Suitable for any job
30.0,29.0,28.0,29.0,34.0,Suitable for any job
25.0,32.0,27.0,33.0,29.0,Suitable for any job
29.0,40.0,31.0,31.0,38.0,"Sales, Marketing & Management"
26.0,26.0,28.0,31.0,32.0,Suitable for any job
32.0,34.0,31.0,29.0,30.0,Suitable for any job
37.0,28.0,29.0,31.0,38.0,Education & Social Work
22.0,33.0,25.0,30.0,27.0,Suitable for any job
38.0,26.0,30.0,32.0,25.0,Education & Social Work
32.0,28.0,33.0,29.0,31.0,Suitable for any job
33.0,32.0,29.0,34.0,28.0,Education & Social Work
34.0,32.0,32.0,26.0,35.0,Suitable for any job
34.0,30.0,27.0,31.0,25.0,Education & Social Work
31.0,34.0,34.0,34.0,35.0,"Sales, Marketing & Management"
31.0,31.0,28.0,32.0,30.0,Education & Social Work
26.0,34.0,35.0,25.0,32.0,Suitable for any job
33.0,31.0,30.0,34.0,22.0,"Sales, Marketing & Management"
40.0,33.0,25.0,35.0,20.0,Healthcare & Support
37.0,40.0,32.0,33.0,20.0,Healthcare & Support
24.0,32.0,28.0,30.0,31.0,Suitable for any job
27.0,33.0,33.0,25.0,34.0,Suitable for any job
28.0,27.0,30.0,30.0,33.0,Suitable for any job
30.0,29.0,29.0,25.0,35.0,Suitable for any job
33.0,27.0,32.0,32.0,28.0,Education & Social Work
27.0,30.0,33.0,29.0,36.0,Suitable for any job
11.0,3.0,16.0,10.0,7.0,Suitable for any job
23.0,34.0,29.0,36.0,30.0,Suitable for any job
42.0,40.0,34.0,31.0,35.0,"Sales, Marketing & Management"
29.0,23.0,38.0,27.0,21.0,Suitable for any job
36.0,34.0,35.0,33.0,41.0,"Sales, Marketing & Management"
35.0,36.0,33.0,30.0,31.0,"Sales, Marketing & Management"
32.0,23.0,31.0,30.0,19.0,Education & Social Work
30.0,33.0,33.0,33.0,30.0,"Sales, Marketing & Management"
33.0,32.0,31.0,26.0,16.0,High-Pressure & Leadership Roles
38.0,25.0,33.0,32.0,19.0,Education & Social Work
32.0,28.0,31.0,34.0,26.0,Education & Social Work
32.0,34.0,31.0,32.0,31.0,"Sales, Marketing & Management"
34.0,28.0,32.0,29.0,31.0,Suitable for any job
34.0,33.0,35.0,33.0,29.0,"Sales, Marketing & Management"
32.0,31.0,35.0,36.0,35.0,"Sales, Marketing & Management"
36.0,35.0,26.0,30.0,32.0,Education & Social Work
38.0,29.0,33.0,34.0,42.0,Education & Social Work
38.0,28.0,37.0,33.0,32.0,Education & Social Work
35.0,30.0,34.0,34.0,34.0,"Sales, Marketing & Management"
32.0,32.0,31.0,27.0,37.0,Suitable for any job
29.0,35.0,33.0,35.0,20.0,Healthcare & Support
25.0,27.0,32.0,26.0,30.0,Suitable for any job
35.0,39.0,30.0,32.0,39.0,"Sales, Marketing & Management"
28.0,31.0,34.0,29.0,23.0,Suitable for any job
30.0,35.0,27.0,30.0,20.0,Healthcare & Support
29.0,26.0,36.0,29.0,29.0,Suitable for any job
36.0,33.0,33.0,30.0,32.0,"Sales, Marketing & Management"
28.0,42.0,39.0,37.0,38.0,"Sales, Marketing & Management"
35.0,32.0,33.0,34.0,33.0,"Sales, Marketing & Management"
30.0,33.0,27.0,31.0,31.0,Education & Social Work
29.0,35.0,32.0,30.0,29.0,"Sales, Marketing & Management"
35.0,37.0,32.0,36.0,39.0,"Sales, Marketing & Management"
34.0,32.0,31.0,29.0,24.0,Suitable for any job
25.0,30.0,26.0,31.0,40.0,Suitable for any job
30.0,30.0,29.0,28.0,36.0,Suitable for any job
32.0,30.0,41.0,32.0,28.0,"Sales, Marketing & Management"
35.0,30.0,27.0,28.0,31.0,Suitable for any job
32.0,33.0,33.0,34.0,26.0,"Sales, Marketing & Management"
34.0,31.0,29.0,27.0,32.0,Suitable for any job
27.0,30.0,30.0,30.0,41.0,"Sales, Marketing & Management"
39.0,32.0,29.0,34.0,33.0,Education & Social Work
26.0,31.0,29.0,29.0,32.0,Suitable for any job
36.0,32.0,24.0,32.0,37.0,Education & Social Work
30.0,32.0,33.0,30.0,41.0,"Sales, Marketing & Management"
36.0,33.0,20.0,25.0,27.0,Technical Expert Roles
28.0,33.0,29.0,30.0,28.0,Suitable for any job
30.0,33.0,25.0,32.0,32.0,Education & Social Work
40.0,31.0,30.0,35.0,39.0,"Sales, Marketing & Management"
30.0,31.0,26.0,39.0,37.0,Education & Social Work
36.0,30.0,37.0,42.0,19.0,Healthcare & Support
36.0,36.0,24.0,30.0,41.0,Education & Social Work
34.0,35.0,32.0,35.0,27.0,"Sales, Marketing & Management"
32.0,28.0,30.0,31.0,31.0,Education & Social Work
30.0,29.0,24.0,29.0,27.0,Suitable for any job
33.0,26.0,26.0,26.0,30.0,Suitable for any job
32.0,26.0,27.0,32.0,26.0,Education & Social Work
37.0,32.0,42.0,34.0,37.0,"Sales, Marketing & Management"
32.0,28.0,29.0,32.0,32.0,Education & Social Work
27.0,33.0,25.0,36.0,31.0,Suitable for any job
29.0,31.0,31.0,34.0,30.0,"Sales, Marketing & Management"
33.0,38.0,31.0,35.0,38.0,"Sales, Marketing & Management"
34.0,29.0,27.0,33.0,38.0,Education & Social Work
34.0,28.0,34.0,28.0,27.0,Suitable for any job
35.0,36.0,23.0,31.0,33.0,Education & Social Work
33.0,28.0,29.0,31.0,24.0,Education & Social Work
36.0,34.0,35.0,28.0,32.0,Suitable for any job
34.0,34.0,35.0,34.0,27.0,"Sales, Marketing & Management"
39.0,30.0,29.0,28.0,36.0,Suitable for any job
30.0,32.0,30.0,34.0,33.0,"Sales, Marketing & Management"
32.0,30.0,31.0,31.0,27.0,"Sales, Marketing & Management"
33.0,40.0,28.0,31.0,28.0,Education & Social Work
35.0,37.0,30.0,30.0,26.0,"Sales, Marketing & Management"
38.0,32.0,27.0,25.0,37.0,Suitable for any job
34.0,25.0,35.0,31.0,41.0,Education & Social Work
38.0,37.0,28.0,35.0,41.0,Education & Social Work
35.0,30.0,33.0,28.0,32.0,Suitable for any job
37.0,34.0,32.0,30.0,32.0,"Sales, Marketing & Management"
27.0,29.0,30.0,29.0,28.0,Suitable for any job
28.0,30.0,29.0,31.0,36.0,Suitable for any job
31.0,24.0,31.0,37.0,22.0,Education & Social Work
36.0,33.0,32.0,36.0,45.0,"Sales, Marketing & Management"
32.0,26.0,30.0,36.0,36.0,Education & Social Work
29.0,34.0,33.0,30.0,19.0,Healthcare & Support
38.0,33.0,29.0,29.0,36.0,Suitable for any job
35.0,31.0,29.0,30.0,35.0,Education & Social Work
39.0,30.0,33.0,39.0,30.0,"Sales, Marketing & Management"
33.0,29.0,34.0,35.0,28.0,Education & Social Work
29.0,35.0,26.0,30.0,35.0,Suitable for any job
40.0,30.0,28.0,33.0,35.0,Education & Social Work
32.0,33.0,31.0,33.0,31.0,"Sales, Marketing & Management"
37.0,29.0,27.0,27.0,33.0,Suitable for any job
29.0,37.0,34.0,35.0,40.0,"Sales, Marketing & Management"
35.0,31.0,30.0,37.0,26.0,"Sales, Marketing & Management"
33.0,32.0,32.0,31.0,25.0,"Sales, Marketing & Management"
39.0,30.0,31.0,33.0,40.0,"Sales, Marketing & Management"
35.0,31.0,25.0,31.0,24.0,Education & Social Work
28.0,26.0,28.0,35.0,37.0,Suitable for any job
26.0,27.0,31.0,29.0,35.0,Suitable for any job
28.0,40.0,35.0,34.0,34.0,"Sales, Marketing & Management"
36.0,35.0,26.0,33.0,21.0,Education & Social Work
27.0,30.0,33.0,31.0,26.0,"Sales, Marketing & Management"
35.0,28.0,32.0,36.0,19.0,Education & Social Work
32.0,30.0,32.0,29.0,38.0,Suitable for any job
37.0,30.0,25.0,30.0,26.0,Education & Social Work
38.0,29.0,31.0,36.0,27.0,Education & Social Work
33.0,22.0,31.0,35.0,27.0,Education & Social Work
37.0,35.0,27.0,35.0,25.0,Education & Social Work
34.0,30.0,33.0,34.0,41.0,"Sales, Marketing & Management"
38.0,29.0,34.0,32.0,31.0,Education & Social Work
40.0,38.0,25.0,31.0,29.0,Education & Social Work
31.0,29.0,29.0,38.0,22.0,Education & Social Work
35.0,26.0,34.0,25.0,26.0,Suitable for any job
34.0,30.0,32.0,31.0,30.0,"Sales, Marketing & Management"
36.0,33.0,32.0,40.0,34.0,"Sales, Marketing & Management"
33.0,24.0,31.0,31.0,31.0,Education & Social Work
30.0,27.0,31.0,31.0,25.0,Education & Social Work
30.0,30.0,24.0,32.0,40.0,Education & Social Work
35.0,34.0,38.0,36.0,35.0,"Sales, Marketing & Management"
35.0,39.0,30.0,34.0,39.0,"Sales, Marketing & Management"
30.0,32.0,28.0,27.0,22.0,Suitable for any job
39.0,33.0,25.0,36.0,44.0,Education & Social Work
32.0,37.0,22.0,26.0,33.0,Suitable for any job
34.0,32.0,35.0,29.0,35.0,Suitable for any job
32.0,29.0,32.0,37.0,19.0,Education & Social Work
35.0,37.0,31.0,29.0,27.0,Suitable for any job
38.0,33.0,30.0,33.0,32.0,"Sales, Marketing & Management"
28.0,30.0,27.0,34.0,28.0,Suitable for any job
38.0,30.0,30.0,31.0,26.0,"Sales, Marketing & Management"
35.0,32.0,31.0,31.0,34.0,"Sales, Marketing & Management"
35.0,31.0,30.0,29.0,35.0,Suitable for any job
34.0,31.0,32.0,30.0,27.0,"Sales, Marketing & Management"
29.0,26.0,32.0,27.0,26.0,Suitable for any job
32.0,27.0,25.0,30.0,31.0,Education & Social Work
35.0,33.0,32.0,31.0,40.0,"Sales, Marketing & Management"
32.0,30.0,29.0,30.0,37.0,Education & Social Work
37.0,32.0,33.0,32.0,24.0,"Sales, Marketing & Management"
35.0,34.0,22.0,31.0,31.0,Education & Social Work
38.0,31.0,34.0,33.0,18.0,Healthcare & Support
33.0,37.0,37.0,35.0,29.0,"Sales, Marketing & Management"
30.0,32.0,27.0,34.0,41.0,Education & Social Work
33.0,28.0,32.0,36.0,35.0,Education & Social Work
33.0,38.0,30.0,31.0,34.0,"Sales, Marketing & Management"
35.0,37.0,30.0,28.0,28.0,Suitable for any job
31.0,32.0,30.0,35.0,33.0,"Sales, Marketing & Management"
29.0,31.0,35.0,33.0,24.0,"Sales, Marketing & Management"
33.0,28.0,30.0,32.0,32.0,Education & Social Work
32.0,33.0,36.0,32.0,30.0,"Sales, Marketing & Management"
31.0,31.0,32.0,34.0,33.0,"Sales, Marketing & Management"
28.0,35.0,28.0,28.0,36.0,Suitable for any job
38.0,40.0,28.0,31.0,26.0,Education & Social Work
35.0,37.0,35.0,38.0,38.0,"Sales, Marketing & Management"
33.0,31.0,26.0,33.0,33.0,Education & Social Work
32.0,26.0,38.0,34.0,18.0,Education & Social Work
30.0,30.0,30.0,30.0,30.0,"Sales, Marketing & Management"
37.0,32.0,29.0,29.0,24.0,Suitable for any job
32.0,25.0,31.0,31.0,27.0,Education & Social Work
32.0,30.0,31.0,29.0,26.0,Suitable for any job
36.0,31.0,31.0,31.0,32.0,"Sales, Marketing & Management"
32.0,35.0,32.0,31.0,34.0,"Sales, Marketing & Management"
32.0,34.0,32.0,34.0,33.0,"Sales, Marketing & Management"
34.0,26.0,36.0,32.0,40.0,Education & Social Work
38.0,29.0,27.0,34.0,35.0,Education & Social Work
30.0,35.0,38.0,33.0,43.0,"Sales, Marketing & Management"
32.0,31.0,32.0,32.0,38.0,"Sales, Marketing & Management"
25.0,23.0,29.0,25.0,32.0,Suitable for any job
33.0,28.0,33.0,30.0,38.0,Education & Social Work
37.0,39.0,34.0,36.0,41.0,"Sales, Marketing & Management"
25.0,29.0,30.0,32.0,26.0,Suitable for any job
27.0,25.0,25.0,28.0,28.0,Suitable for any job
36.0,33.0,26.0,25.0,35.0,Suitable for any job
29.0,30.0,29.0,33.0,27.0,Suitable for any job
37.0,29.0,32.0,27.0,29.0,Suitable for any job
27.0,32.0,27.0,29.0,37.0,Suitable for any job
33.0,34.0,25.0,33.0,34.0,Education & Social Work
40.0,39.0,36.0,34.0,24.0,"Sales, Marketing & Management"
32.0,27.0,25.0,33.0,41.0,Education & Social Work
30.0,33.0,32.0,25.0,26.0,Suitable for any job
33.0,31.0,26.0,35.0,35.0,Education & Social Work
38.0,23.0,28.0,38.0,33.0,Education & Social Work
35.0,27.0,24.0,27.0,25.0,Suitable for any job
31.0,26.0,31.0,33.0,29.0,Education & Social Work
19.0,20.0,29.0,28.0,27.0,Routine & Practical Jobs
37.0,29.0,24.0,26.0,29.0,Suitable for any job
33.0,33.0,29.0,37.0,41.0,Education & Social Work
26.0,34.0,29.0,27.0,30.0,Suitable for any job
32.0,28.0,30.0,31.0,35.0,Education & Social Work
26.0,29.0,35.0,29.0,19.0,Suitable for any job
29.0,43.0,27.0,35.0,28.0,Suitable for any job
38.0,31.0,35.0,30.0,43.0,"Sales, Marketing & Management"
33.0,32.0,27.0,35.0,40.0,Education & Social Work
32.0,19.0,26.0,33.0,28.0,Creative Freelance & Innovation
32.0,36.0,28.0,38.0,23.0,Education & Social Work
35.0,24.0,31.0,31.0,35.0,Education & Social Work
28.0,28.0,35.0,30.0,35.0,Suitable for any job
29.0,31.0,33.0,30.0,39.0,"Sales, Marketing & Management"
29.0,33.0,36.0,38.0,31.0,"Sales, Marketing & Management"
30.0,32.0,25.0,36.0,26.0,Education & Social Work
39.0,35.0,30.0,33.0,30.0,"Sales, Marketing & Management"
36.0,35.0,33.0,33.0,34.0,"Sales, Marketing & Management"
28.0,28.0,26.0,30.0,18.0,Suitable for any job
36.0,32.0,31.0,33.0,31.0,"Sales, Marketing & Management"
29.0,29.0,34.0,30.0,33.0,Suitable for any job
33.0,32.0,29.0,29.0,33.0,Suitable for any job
30.0,39.0,31.0,34.0,34.0,"Sales, Marketing & Management"
36.0,29.0,32.0,25.0,32.0,Suitable for any job
24.0,28.0,34.0,30.0,24.0,Suitable for any job
26.0,36.0,35.0,36.0,35.0,"Sales, Marketing & Management"
30.0,23.0,32.0,31.0,30.0,Education & Social Work
34.0,31.0,29.0,32.0,37.0,Education & Social Work
38.0,26.0,29.0,28.0,32.0,Suitable for any job
24.0,25.0,24.0,35.0,37.0,Suitable for any job
34.0,29.0,27.0,32.0,29.0,Education & Social Work
30.0,33.0,29.0,32.0,37.0,Education & Social Work
33.0,37.0,35.0,26.0,26.0,Suitable for any job
35.0,28.0,33.0,31.0,34.0,Education & Social Work
30.0,32.0,29.0,33.0,26.0,Education & Social Work
33.0,29.0,30.0,32.0,34.0,Education & Social Work
36.0,29.0,30.0,30.0,29.0,Education & Social Work
40.0,35.0,29.0,36.0,39.0,Education & Social Work
26.0,30.0,32.0,32.0,40.0,"Sales, Marketing & Management"
36.0,30.0,30.0,34.0,36.0,"Sales, Marketing & Management"
27.0,30.0,29.0,24.0,31.0,Suitable for any job
25.0,29.0,33.0,28.0,30.0,Suitable for any job
37.0,26.0,30.0,31.0,37.0,Education & Social Work
37.0,38.0,31.0,29.0,32.0,Suitable for any job
38.0,37.0,37.0,34.0,39.0,"Sales, Marketing & Management"
39.0,36.0,29.0,28.0,26.0,Suitable for any job
37.0,32.0,33.0,33.0,33.0,"Sales, Marketing & Management"
35.0,31.0,29.0,32.0,19.0,Healthcare & Support
32.0,36.0,31.0,29.0,34.0,Suitable for any job
32.0,33.0,30.0,29.0,19.0,High-Pressure & Leadership Roles
36.0,29.0,30.0,30.0,27.0,Education & Social Work
38.0,32.0,29.0,34.0,26.0,Education & Social Work
26.0,39.0,33.0,33.0,33.0,"Sales, Marketing & Management"
32.0,34.0,34.0,32.0,31.0,"Sales, Marketing & Management"
27.0,34.0,34.0,26.0,23.0,Suitable for any job
32.0,29.0,28.0,32.0,33.0,Education & Social Work
31.0,35.0,31.0,40.0,29.0,"Sales, Marketing & Management"
29.0,26.0,31.0,36.0,23.0,Suitable for any job
34.0,36.0,30.0,37.0,32.0,"Sales, Marketing & Management"
36.0,24.0,33.0,35.0,27.0,Education & Social Work
34.0,28.0,30.0,31.0,33.0,Education & Social Work
31.0,38.0,26.0,33.0,38.0,Education & Social Work
31.0,33.0,31.0,32.0,31.0,"Sales, Marketing & Management"
35.0,36.0,32.0,33.0,23.0,"Sales, Marketing & Management"
38.0,36.0,32.0,32.0,21.0,"Sales, Marketing & Management"
31.0,30.0,31.0,30.0,32.0,"Sales, Marketing & Management"
35.0,30.0,26.0,32.0,35.0,Education & Social Work
32.0,30.0,30.0,32.0,25.0,"Sales, Marketing & Management"
32.0,31.0,28.0,31.0,22.0,Education & Social Work
32.0,32.0,31.0,32.0,28.0,"Sales, Marketing & Management"
30.0,40.0,30.0,33.0,36.0,"Sales, Marketing & Management"
29.0,30.0,23.0,30.0,26.0,Suitable for any job
31.0,33.0,36.0,34.0,34.0,"Sales, Marketing & Management"
25.0,30.0,27.0,34.0,30.0,Suitable for any job
31.0,33.0,32.0,30.0,32.0,"Sales, Marketing & Management"
32.0,28.0,31.0,32.0,30.0,Education & Social Work
31.0,26.0,34.0,37.0,24.0,Education & Social Work
29.0,24.0,30.0,33.0,34.0,Suitable for any job
33.0,30.0,28.0,34.0,21.0,Education & Social Work
29.0,28.0,29.0,32.0,22.0,Suitable for any job
35.0,31.0,33.0,28.0,16.0,High-Pressure & Leadership Roles
33.0,33.0,33.0,24.0,30.0,Suitable for any job
36.0,44.0,30.0,34.0,28.0,"Sales, Marketing & Management"
34.0,28.0,29.0,31.0,41.0,Education & Social Work
32.0,21.0,31.0,31.0,24.0,Education & Social Work
33.0,29.0,29.0,32.0,27.0,Education & Social Work
28.0,32.0,29.0,29.0,30.0,Suitable for any job
38.0,31.0,29.0,32.0,31.0,Education & Social Work
30.0,28.0,30.0,37.0,20.0,Education & Social Work
35.0,30.0,29.0,27.0,27.0,Suitable for any job
34.0,25.0,37.0,28.0,34.0,Suitable for any job
40.0,36.0,24.0,38.0,34.0,Education & Social Work
36.0,35.0,26.0,34.0,38.0,Education & Social Work
29.0,36.0,31.0,36.0,39.0,"Sales, Marketing & Management"
32.0,31.0,29.0,31.0,34.0,Education & Social Work
35.0,33.0,30.0,31.0,38.0,"Sales, Marketing & Management"
31.0,30.0,31.0,34.0,28.0,"Sales, Marketing & Management"
36.0,27.0,33.0,28.0,37.0,Suitable for any job
35.0,39.0,34.0,38.0,23.0,"Sales, Marketing & Management"
34.0,29.0,41.0,30.0,34.0,Education & Social Work
29.0,38.0,27.0,34.0,34.0,Suitable for any job
38.0,28.0,31.0,31.0,35.0,Education & Social Work
35.0,35.0,36.0,36.0,25.0,"Sales, Marketing & Management"
30.0,35.0,31.0,32.0,29.0,"Sales, Marketing & Management"
27.0,29.0,29.0,31.0,29.0,Suitable for any job
34.0,37.0,21.0,32.0,32.0,Education & Social Work
31.0,30.0,26.0,32.0,38.0,Education & Social Work
37.0,34.0,26.0,31.0,38.0,Education & Social Work
23.0,25.0,25.0,21.0,22.0,Suitable for any job
30.0,30.0,27.0,31.0,36.0,Education & Social Work
35.0,27.0,32.0,39.0,35.0,Education & Social Work
33.0,30.0,31.0,30.0,36.0,"Sales, Marketing & Management"
31.0,30.0,31.0,28.0,25.0,Suitable for any job
31.0,30.0,28.0,35.0,32.0,Education & Social Work
36.0,36.0,32.0,32.0,38.0,"Sales, Marketing & Management"
25.0,28.0,30.0,34.0,24.0,Suitable for any job
25.0,34.0,28.0,30.0,40.0,Suitable for any job
30.0,34.0,32.0,33.0,31.0,"Sales, Marketing & Management"
36.0,33.0,31.0,34.0,34.0,"Sales, Marketing & Management"
33.0,29.0,36.0,35.0,22.0,Education & Social Work
25.0,31.0,30.0,32.0,35.0,"Sales, Marketing & Management"
32.0,27.0,36.0,35.0,31.0,Education & Social Work
35.0,26.0,28.0,27.0,29.0,Suitable for any job
26.0,28.0,31.0,30.0,30.0,Suitable for any job
37.0,33.0,32.0,34.0,38.0,"Sales, Marketing & Management"
32.0,32.0,29.0,30.0,35.0,Education & Social Work
30.0,28.0,33.0,36.0,38.0,Education & Social Work
41.0,34.0,31.0,29.0,18.0,High-Pressure & Leadership Roles
33.0,27.0,29.0,30.0,26.0,Education & Social Work
30.0,26.0,28.0,32.0,32.0,Education & Social Work
21.0,28.0,28.0,29.0,27.0,Suitable for any job
31.0,32.0,37.0,28.0,31.0,Suitable for any job
29.0,28.0,29.0,38.0,40.0,Suitable for any job
36.0,30.0,27.0,31.0,25.0,Education & Social Work
30.0,29.0,31.0,30.0,36.0,Education & Social Work
36.0,30.0,36.0,21.0,17.0,High-Pressure & Leadership Roles
32.0,34.0,30.0,38.0,28.0,"Sales, Marketing & Management"
15.0,15.0,15.0,24.0,16.0,Suitable for any job
34.0,33.0,29.0,33.0,35.0,Education & Social Work
34.0,29.0,28.0,36.0,40.0,Education & Social Work
3.0,4.0,5.0,5.0,5.0,Suitable for any job
31.0,46.0,42.0,30.0,29.0,"Sales, Marketing & Management"
37.0,30.0,32.0,28.0,22.0,Suitable for any job
30.0,29.0,32.0,34.0,30.0,Education & Social Work
32.0,30.0,30.0,30.0,34.0,"Sales, Marketing & Management"
33.0,34.0,28.0,27.0,27.0,Suitable for any job
36.0,34.0,28.0,32.0,36.0,Education & Social Work
30.0,24.0,29.0,30.0,23.0,Education & Social Work
24.0,24.0,31.0,34.0,32.0,Suitable for any job
33.0,27.0,33.0,26.0,34.0,Suitable for any job
34.0,36.0,35.0,33.0,21.0,"Sales, Marketing & Management"
29.0,32.0,32.0,27.0,18.0,High-Pressure & Leadership Roles
39.0,37.0,33.0,34.0,35.0,"Sales, Marketing & Management"
34.0,31.0,31.0,31.0,28.0,"Sales, Marketing & Management"
34.0,27.0,36.0,36.0,36.0,Education & Social Work
32.0,29.0,26.0,29.0,40.0,Suitable for any job
28.0,30.0,30.0,33.0,34.0,"Sales, Marketing & Management"
26.0,30.0,32.0,29.0,30.0,Suitable for any job
31.0,27.0,35.0,30.0,29.0,Education & Social Work
35.0,31.0,29.0,33.0,32.0,Education & Social Work
31.0,27.0,31.0,32.0,34.0,Education & Social Work
27.0,32.0,28.0,32.0,25.0,Suitable for any job
28.0,29.0,32.0,38.0,26.0,Suitable for any job
27.0,34.0,33.0,29.0,26.0,Suitable for any job
29.0,28.0,32.0,37.0,31.0,Suitable for any job
35.0,30.0,30.0,31.0,32.0,"Sales, Marketing & Management"
34.0,37.0,31.0,38.0,38.0,"Sales, Marketing & Management"
36.0,25.0,26.0,31.0,24.0,Education & Social Work
32.0,26.0,36.0,35.0,35.0,Education & Social Work
36.0,29.0,27.0,32.0,29.0,Education & Social Work
31.0,29.0,33.0,31.0,37.0,Education & Social Work
28.0,31.0,26.0,31.0,37.0,Suitable for any job
30.0,31.0,32.0,30.0,35.0,"Sales, Marketing & Management"
36.0,32.0,30.0,26.0,42.0,Suitable for any job
28.0,31.0,35.0,34.0,27.0,"Sales, Marketing & Management"
27.0,35.0,35.0,39.0,43.0,"Sales, Marketing & Management"
31.0,28.0,27.0,29.0,27.0,Suitable for any job
37.0,29.0,30.0,32.0,33.0,Education & Social Work
32.0,24.0,36.0,40.0,27.0,Education & Social Work
30.0,28.0,38.0,26.0,21.0,Suitable for any job
34.0,26.0,28.0,28.0,36.0,Suitable for any job
36.0,26.0,24.0,35.0,23.0,Education & Social Work
32.0,34.0,29.0,31.0,38.0,Education & Social Work
34.0,27.0,32.0,35.0,17.0,Education & Social Work
31.0,30.0,30.0,31.0,32.0,"Sales, Marketing & Management"
39.0,34.0,29.0,28.0,35.0,Suitable for any job
32.0,32.0,28.0,32.0,23.0,Education & Social Work
29.0,31.0,32.0,27.0,31.0,Suitable for any job
32.0,30.0,31.0,33.0,41.0,"Sales, Marketing & Management"
22.0,33.0,29.0,33.0,29.0,Suitable for any job
34.0,30.0,33.0,30.0,33.0,"Sales, Marketing & Management"
36.0,29.0,25.0,33.0,19.0,Education & Social Work
25.0,29.0,29.0,25.0,29.0,Suitable for any job
34.0,26.0,34.0,33.0,25.0,Education & Social Work
26.0,33.0,31.0,29.0,36.0,Suitable for any job
33.0,32.0,31.0,31.0,34.0,"Sales, Marketing & Management"
33.0,36.0,35.0,39.0,26.0,"Sales, Marketing & Management"
36.0,28.0,29.0,26.0,30.0,Suitable for any job
36.0,30.0,30.0,31.0,39.0,"Sales, Marketing & Management"
30.0,32.0,32.0,34.0,29.0,"Sales, Marketing & Management"
35.0,32.0,27.0,29.0,21.0,Suitable for any job
35.0,31.0,33.0,32.0,22.0,"Sales, Marketing & Management"
30.0,32.0,31.0,31.0,31.0,"Sales, Marketing & Management"
36.0,30.0,29.0,31.0,31.0,Education & Social Work
32.0,34.0,28.0,34.0,40.0,Education & Social Work
28.0,26.0,28.0,29.0,35.0,Suitable for any job
32.0,29.0,29.0,32.0,29.0,Education & Social Work
35.0,42.0,27.0,34.0,25.0,Education & Social Work
32.0,30.0,28.0,32.0,30.0,Education & Social Work
34.0,34.0,35.0,36.0,36.0,"Sales, Marketing & Management"
36.0,34.0,27.0,29.0,31.0,Suitable for any job
39.0,31.0,30.0,30.0,28.0,"Sales, Marketing & Management"
31.0,35.0,26.0,34.0,39.0,Education & Social Work
28.0,30.0,29.0,32.0,34.0,Suitable for any job
41.0,34.0,25.0,39.0,24.0,Education & Social Work
32.0,28.0,30.0,28.0,28.0,Suitable for any job
38.0,31.0,28.0,29.0,29.0,Suitable for any job
31.0,31.0,32.0,29.0,28.0,Suitable for any job
35.0,31.0,31.0,29.0,23.0,Suitable for any job
27.0,34.0,32.0,31.0,25.0,"Sales, Marketing & Management"
36.0,27.0,32.0,33.0,32.0,Education & Social Work
34.0,30.0,33.0,28.0,29.0,Suitable for any job
29.0,30.0,34.0,32.0,30.0,"Sales, Marketing & Management"
36.0,30.0,28.0,34.0,39.0,Education & Social Work
32.0,32.0,27.0,32.0,31.0,Education & Social Work
27.0,33.0,27.0,31.0,25.0,Suitable for any job
35.0,29.0,32.0,33.0,32.0,Education & Social Work
30.0,30.0,29.0,29.0,34.0,Suitable for any job
29.0,27.0,31.0,34.0,32.0,Suitable for any job
30.0,28.0,31.0,27.0,34.0,Suitable for any job
32.0,35.0,30.0,32.0,20.0,Healthcare & Support
34.0,29.0,34.0,31.0,26.0,Education & Social Work
29.0,36.0,28.0,27.0,32.0,Suitable for any job
34.0,31.0,26.0,33.0,36.0,Education & Social Work
29.0,29.0,26.0,30.0,30.0,Suitable for any job
33.0,32.0,29.0,29.0,28.0,Suitable for any job
34.0,29.0,30.0,29.0,28.0,Suitable for any job
32.0,30.0,32.0,30.0,29.0,"Sales, Marketing & Management"
35.0,32.0,29.0,27.0,37.0,Suitable for any job
33.0,31.0,35.0,31.0,39.0,"Sales, Marketing & Management"
30.0,28.0,25.0,27.0,29.0,Suitable for any job
33.0,38.0,31.0,35.0,28.0,"Sales, Marketing & Management"
32.0,26.0,29.0,32.0,31.0,Education & Social Work
35.0,33.0,35.0,33.0,34.0,"Sales, Marketing & Management"
28.0,30.0,27.0,29.0,33.0,Suitable for any job
37.0,28.0,30.0,37.0,23.0,Education & Social Work
33.0,32.0,32.0,37.0,40.0,"Sales, Marketing & Management"
28.0,26.0,30.0,31.0,28.0,Suitable for any job
33.0,31.0,35.0,32.0,18.0,Healthcare & Support
29.0,32.0,30.0,34.0,31.0,"Sales, Marketing & Management"
25.0,26.0,30.0,27.0,17.0,Suitable for any job
25.0,32.0,31.0,33.0,31.0,"Sales, Marketing & Management"
31.0,26.0,30.0,31.0,33.0,Education & Social Work
33.0,26.0,31.0,35.0,21.0,Education & Social Work
33.0,31.0,29.0,28.0,25.0,Suitable for any job
31.0,32.0,31.0,33.0,26.0,"Sales, Marketing & Management"
30.0,31.0,27.0,30.0,26.0,Education & Social Work
41.0,29.0,31.0,35.0,36.0,Education & Social Work
27.0,29.0,29.0,33.0,35.0,Suitable for any job
28.0,33.0,27.0,30.0,35.0,Suitable for any job
39.0,40.0,35.0,36.0,28.0,"Sales, Marketing & Management"
30.0,33.0,28.0,35.0,36.0,Education & Social Work
30.0,31.0,32.0,34.0,38.0,"Sales, Marketing & Management"
33.0,27.0,29.0,29.0,30.0,Suitable for any job
36.0,29.0,31.0,31.0,30.0,Education & Social Work
31.0,32.0,36.0,31.0,26.0,"Sales, Marketing & Management"
35.0,23.0,31.0,35.0,33.0,Education & Social Work
31.0,37.0,31.0,34.0,21.0,"Sales, Marketing & Management"
33.0,23.0,31.0,34.0,33.0,Education & Social Work
33.0,30.0,30.0,31.0,29.0,"Sales, Marketing & Management"
32.0,29.0,28.0,29.0,28.0,Suitable for any job
30.0,35.0,29.0,31.0,22.0,Education & Social Work
30.0,28.0,34.0,35.0,26.0,Education & Social Work
30.0,31.0,33.0,31.0,31.0,"Sales, Marketing & Management"
26.0,31.0,32.0,31.0,41.0,"Sales, Marketing & Management"
30.0,35.0,24.0,30.0,33.0,Education & Social Work
27.0,28.0,34.0,33.0,20.0,Suitable for any job
29.0,27.0,26.0,29.0,39.0,Suitable for any job
40.0,35.0,33.0,35.0,22.0,"Sales, Marketing & Management"
26.0,31.0,32.0,34.0,33.0,"Sales, Marketing & Management"
32.0,34.0,31.0,36.0,28.0,"Sales, Marketing & Management"
30.0,25.0,28.0,34.0,23.0,Education & Social Work
26.0,33.0,28.0,31.0,42.0,Suitable for any job
33.0,28.0,32.0,29.0,24.0,Suitable for any job
30.0,33.0,34.0,42.0,27.0,"Sales, Marketing & Management"
34.0,32.0,30.0,33.0,23.0,"Sales, Marketing & Management"
37.0,30.0,33.0,32.0,35.0,"Sales, Marketing & Management"
31.0,35.0,29.0,36.0,36.0,Education & Social Work
39.0,31.0,30.0,34.0,22.0,"Sales, Marketing & Management"
28.0,26.0,29.0,33.0,28.0,Suitable for any job
30.0,26.0,33.0,31.0,22.0,Education & Social Work
31.0,25.0,26.0,33.0,25.0,Education & Social Work
35.0,39.0,36.0,31.0,22.0,"Sales, Marketing & Management"
27.0,30.0,30.0,32.0,36.0,"Sales, Marketing & Management"
31.0,29.0,34.0,42.0,24.0,Education & Social Work
31.0,25.0,29.0,33.0,33.0,Education & Social Work
38.0,31.0,32.0,33.0,46.0,"Sales, Marketing & Management"
33.0,34.0,30.0,32.0,30.0,"Sales, Marketing & Management"
32.0,32.0,39.0,33.0,24.0,"Sales, Marketing & Management"
33.0,27.0,27.0,31.0,30.0,Education & Social Work
29.0,27.0,30.0,30.0,28.0,Suitable for any job
36.0,30.0,30.0,32.0,32.0,"Sales, Marketing & Management"
35.0,32.0,26.0,34.0,36.0,Education & Social Work
33.0,34.0,25.0,40.0,24.0,Education & Social Work
34.0,36.0,31.0,33.0,37.0,"Sales, Marketing & Management"
33.0,31.0,31.0,32.0,36.0,"Sales, Marketing & Management"
34.0,33.0,31.0,31.0,26.0,"Sales, Marketing & Management"
32.0,34.0,29.0,32.0,25.0,Education & Social Work
34.0,30.0,32.0,34.0,33.0,"Sales, Marketing & Management"
36.0,32.0,29.0,35.0,32.0,Education & Social Work
29.0,39.0,29.0,26.0,28.0,Suitable for any job
31.0,30.0,30.0,32.0,36.0,"Sales, Marketing & Management"
32.0,30.0,32.0,29.0,34.0,Suitable for any job
36.0,45.0,32.0,35.0,37.0,"Sales, Marketing & Management"
33.0,33.0,30.0,30.0,41.0,"Sales, Marketing & Management"
34.0,30.0,29.0,30.0,29.0,Education & Social Work
35.0,32.0,28.0,38.0,36.0,Education & Social Work
36.0,33.0,27.0,29.0,30.0,Suitable for any job
39.0,33.0,35.0,31.0,30.0,"Sales, Marketing & Management"
31.0,31.0,29.0,30.0,31.0,Education & Social Work
34.0,29.0,26.0,33.0,32.0,Education & Social Work
29.0,33.0,32.0,29.0,19.0,High-Pressure & Leadership Roles
35.0,32.0,35.0,38.0,22.0,"Sales, Marketing & Management"
39.0,31.0,30.0,32.0,22.0,"Sales, Marketing & Management"
29.0,37.0,26.0,28.0,21.0,Suitable for any job
34.0,32.0,29.0,33.0,21.0,Education & Social Work
35.0,33.0,25.0,33.0,31.0,Education & Social Work
26.0,24.0,29.0,29.0,38.0,Suitable for any job
34.0,31.0,27.0,34.0,27.0,Education & Social Work
35.0,31.0,33.0,41.0,34.0,"Sales, Marketing & Management"
31.0,34.0,27.0,26.0,31.0,Suitable for any job
35.0,38.0,33.0,33.0,33.0,"Sales, Marketing & Management"
30.0,32.0,33.0,28.0,33.0,Suitable for any job
37.0,30.0,27.0,31.0,19.0,Healthcare & Support
35.0,26.0,31.0,30.0,36.0,Education & Social Work
27.0,30.0,32.0,32.0,33.0,"Sales, Marketing & Management"
29.0,32.0,28.0,31.0,32.0,Suitable for any job
35.0,29.0,29.0,37.0,34.0,Education & Social Work
30.0,31.0,32.0,25.0,37.0,Suitable for any job
33.0,32.0,30.0,34.0,32.0,"Sales, Marketing & Management"
27.0,26.0,31.0,34.0,27.0,Suitable for any job
30.0,28.0,36.0,35.0,24.0,Education & Social Work
35.0,28.0,26.0,33.0,40.0,Education & Social Work
38.0,37.0,28.0,36.0,32.0,Education & Social Work
31.0,25.0,30.0,37.0,39.0,Education & Social Work
27.0,37.0,28.0,30.0,24.0,Suitable for any job
33.0,40.0,29.0,31.0,31.0,Education & Social Work
29.0,33.0,27.0,30.0,32.0,Suitable for any job
34.0,35.0,32.0,35.0,36.0,"Sales, Marketing & Management"
36.0,31.0,29.0,29.0,32.0,Suitable for any job
33.0,32.0,30.0,32.0,34.0,"Sales, Marketing & Management"
41.0,39.0,32.0,31.0,41.0,"Sales, Marketing & Management"
23.0,26.0,28.0,26.0,22.0,Suitable for any job
34.0,27.0,27.0,33.0,33.0,Education & Social Work
32.0,29.0,26.0,28.0,35.0,Suitable for any job
31.0,37.0,28.0,37.0,34.0,Education & Social Work
27.0,30.0,25.0,31.0,33.0,Suitable for any job
31.0,34.0,30.0,31.0,32.0,"Sales, Marketing & Management"
26.0,33.0,28.0,33.0,28.0,Suitable for any job
38.0,29.0,31.0,34.0,43.0,Education & Social Work
36.0,36.0,33.0,22.0,40.0,Suitable for any job
35.0,31.0,28.0,30.0,31.0,Education & Social Work
37.0,32.0,29.0,23.0,26.0,Suitable for any job
36.0,26.0,34.0,30.0,27.0,Education & Social Work
32.0,38.0,29.0,32.0,31.0,Education & Social Work
31.0,35.0,30.0,35.0,26.0,"Sales, Marketing & Management"
32.0,25.0,30.0,32.0,41.0,Education & Social Work
31.0,30.0,32.0,30.0,32.0,"Sales, Marketing & Management"
30.0,33.0,33.0,29.0,27.0,Suitable for any job
32.0,31.0,30.0,35.0,34.0,"Sales, Marketing & Management"
39.0,38.0,32.0,38.0,23.0,"Sales, Marketing & Management"
26.0,22.0,26.0,40.0,26.0,Suitable for any job
30.0,26.0,32.0,38.0,30.0,Education & Social Work
37.0,31.0,28.0,32.0,38.0,Education & Social Work
30.0,33.0,36.0,37.0,25.0,"Sales, Marketing & Management"
29.0,31.0,29.0,30.0,22.0,Suitable for any job
33.0,26.0,26.0,34.0,33.0,Education & Social Work
30.0,34.0,31.0,33.0,29.0,"Sales, Marketing & Management"
28.0,29.0,32.0,30.0,38.0,Suitable for any job
28.0,34.0,31.0,35.0,37.0,"Sales, Marketing & Management"
32.0,27.0,32.0,30.0,25.0,Education & Social Work
33.0,35.0,28.0,27.0,29.0,Suitable for any job
33.0,32.0,37.0,27.0,35.0,Suitable for any job
31.0,33.0,32.0,34.0,29.0,"Sales, Marketing & Management"
39.0,33.0,30.0,33.0,39.0,"Sales, Marketing & Management"
37.0,36.0,31.0,30.0,32.0,"Sales, Marketing & Management"
35.0,29.0,29.0,31.0,30.0,Education & Social Work
36.0,34.0,31.0,31.0,28.0,"Sales, Marketing & Management"
34.0,32.0,26.0,24.0,35.0,Suitable for any job
31.0,32.0,28.0,33.0,23.0,Education & Social Work
39.0,32.0,32.0,28.0,32.0,Suitable for any job
26.0,34.0,29.0,36.0,36.0,Suitable for any job
34.0,36.0,27.0,35.0,40.0,Education & Social Work
38.0,33.0,32.0,36.0,20.0,Healthcare & Support
38.0,33.0,35.0,30.0,25.0,"Sales, Marketing & Management"
31.0,27.0,27.0,26.0,30.0,Suitable for any job
34.0,35.0,31.0,33.0,37.0,"Sales, Marketing & Management"
37.0,28.0,27.0,30.0,26.0,Education & Social Work
34.0,33.0,33.0,30.0,25.0,"Sales, Marketing & Management"
41.0,33.0,35.0,34.0,38.0,"Sales, Marketing & Management"
34.0,27.0,29.0,29.0,34.0,Suitable for any job
33.0,30.0,30.0,34.0,31.0,"Sales, Marketing & Management"
24.0,23.0,26.0,32.0,46.0,Suitable for any job
34.0,28.0,27.0,32.0,31.0,Education & Social Work
34.0,31.0,29.0,32.0,25.0,Education & Social Work
34.0,30.0,37.0,32.0,23.0,"Sales, Marketing & Management"
37.0,33.0,28.0,35.0,34.0,Education & Social Work
39.0,28.0,30.0,30.0,40.0,Education & Social Work
36.0,35.0,28.0,29.0,25.0,Suitable for any job
37.0,29.0,28.0,32.0,33.0,Education & Social Work
31.0,33.0,28.0,31.0,32.0,Education & Social Work
36.0,32.0,31.0,31.0,30.0,"Sales, Marketing & Management"
36.0,35.0,24.0,35.0,35.0,Education & Social Work
35.0,33.0,29.0,28.0,28.0,Suitable for any job
29.0,28.0,32.0,31.0,30.0,Suitable for any job
32.0,30.0,30.0,33.0,21.0,"Sales, Marketing & Management"
34.0,32.0,36.0,35.0,24.0,"Sales, Marketing & Management"
28.0,29.0,32.0,34.0,19.0,Suitable for any job
36.0,40.0,27.0,39.0,19.0,Healthcare & Support
32.0,29.0,32.0,29.0,23.0,Suitable for any job
28.0,28.0,32.0,33.0,18.0,Suitable for any job
31.0,30.0,29.0,29.0,30.0,Suitable for any job
32.0,30.0,32.0,30.0,37.0,"Sales, Marketing & Management"
35.0,28.0,32.0,29.0,27.0,Suitable for any job
36.0,34.0,32.0,39.0,34.0,"Sales, Marketing & Management"
37.0,30.0,30.0,33.0,19.0,Healthcare & Support
36.0,33.0,24.0,28.0,33.0,Suitable for any job
33.0,30.0,37.0,35.0,32.0,"Sales, Marketing & Management"
29.0,37.0,34.0,33.0,30.0,"Sales, Marketing & Management"
37.0,32.0,33.0,36.0,21.0,"Sales, Marketing & Management"
28.0,31.0,28.0,32.0,41.0,Suitable for any job
31.0,25.0,24.0,33.0,42.0,Education & Social Work
33.0,25.0,31.0,30.0,26.0,Education & Social Work
31.0,31.0,28.0,29.0,26.0,Suitable for any job
29.0,30.0,31.0,31.0,40.0,"Sales, Marketing & Management"
33.0,34.0,31.0,34.0,33.0,"Sales, Marketing & Management"
38.0,30.0,32.0,37.0,37.0,"Sales, Marketing & Management"
32.0,28.0,34.0,33.0,23.0,Education & Social Work
30.0,30.0,29.0,32.0,36.0,Education & Social Work
34.0,27.0,35.0,33.0,19.0,Education & Social Work
26.0,32.0,30.0,27.0,42.0,Suitable for any job
34.0,28.0,33.0,36.0,26.0,Education & Social Work
40.0,28.0,30.0,30.0,38.0,Education & Social Work
37.0,36.0,33.0,35.0,36.0,"Sales, Marketing & Management"
34.0,29.0,27.0,33.0,30.0,Education & Social Work
34.0,35.0,27.0,31.0,30.0,Education & Social Work
31.0,38.0,32.0,32.0,39.0,"Sales, Marketing & Management"
34.0,25.0,25.0,27.0,31.0,Suitable for any job
34.0,36.0,30.0,34.0,21.0,"Sales, Marketing & Management"
37.0,32.0,32.0,34.0,36.0,"Sales, Marketing & Management"
28.0,28.0,30.0,35.0,20.0,Suitable for any job
35.0,37.0,29.0,32.0,33.0,Education & Social Work
36.0,28.0,29.0,33.0,21.0,Education & Social Work
34.0,34.0,29.0,31.0,38.0,Education & Social Work
37.0,31.0,32.0,36.0,30.0,"Sales, Marketing & Management"
28.0,36.0,32.0,30.0,29.0,"Sales, Marketing & Management"
31.0,30.0,31.0,34.0,29.0,"Sales, Marketing & Management"
31.0,33.0,33.0,31.0,29.0,"Sales, Marketing & Management"
35.0,27.0,28.0,29.0,36.0,Suitable for any job
35.0,40.0,30.0,33.0,20.0,Healthcare & Support
32.0,32.0,31.0,33.0,18.0,Healthcare & Support
34.0,39.0,30.0,29.0,35.0,Suitable for any job
32.0,33.0,30.0,31.0,32.0,"Sales, Marketing & Management"
28.0,26.0,30.0,30.0,15.0,Suitable for any job
32.0,32.0,28.0,31.0,22.0,Education & Social Work
30.0,37.0,32.0,35.0,38.0,"Sales, Marketing & Management"
30.0,28.0,27.0,31.0,22.0,Education & Social Work
30.0,34.0,31.0,32.0,32.0,"Sales, Marketing & Management"
36.0,35.0,32.0,32.0,31.0,"Sales, Marketing & Management"
35.0,32.0,32.0,33.0,35.0,"Sales, Marketing & Management"
29.0,30.0,34.0,33.0,28.0,"Sales, Marketing & Management"
34.0,36.0,34.0,29.0,26.0,Suitable for any job
38.0,32.0,34.0,35.0,37.0,"Sales, Marketing & Management"
34.0,36.0,30.0,32.0,31.0,"Sales, Marketing & Management"
33.0,37.0,33.0,32.0,33.0,"Sales, Marketing & Management"
31.0,32.0,25.0,31.0,33.0,Education & Social Work
29.0,37.0,33.0,31.0,22.0,"Sales, Marketing & Management"
30.0,31.0,32.0,32.0,33.0,"Sales, Marketing & Management"
34.0,32.0,24.0,36.0,28.0,Education & Social Work
30.0,28.0,26.0,28.0,18.0,Suitable for any job
33.0,28.0,32.0,32.0,25.0,Education & Social Work
35.0,31.0,30.0,28.0,23.0,Suitable for any job
34.0,33.0,31.0,29.0,20.0,High-Pressure & Leadership Roles
38.0,32.0,27.0,40.0,35.0,Education & Social Work
35.0,34.0,27.0,29.0,38.0,Suitable for any job
33.0,34.0,28.0,29.0,31.0,Suitable for any job
28.0,33.0,31.0,28.0,20.0,High-Pressure & Leadership Roles
37.0,28.0,31.0,31.0,34.0,Education & Social Work
30.0,30.0,30.0,26.0,29.0,Suitable for any job
42.0,29.0,31.0,33.0,37.0,Education & Social Work
40.0,37.0,31.0,38.0,41.0,"Sales, Marketing & Management"
27.0,29.0,33.0,31.0,26.0,Suitable for any job
28.0,29.0,26.0,32.0,27.0,Suitable for any job
35.0,40.0,38.0,30.0,30.0,"Sales, Marketing & Management"
42.0,41.0,32.0,24.0,31.0,Suitable for any job
34.0,33.0,27.0,34.0,26.0,Education & Social Work
34.0,37.0,34.0,32.0,25.0,"Sales, Marketing & Management"
26.0,26.0,28.0,25.0,30.0,Suitable for any job
36.0,30.0,28.0,32.0,33.0,Education & Social Work
30.0,31.0,28.0,30.0,33.0,Education & Social Work
28.0,31.0,31.0,31.0,38.0,"Sales, Marketing & Management"
26.0,30.0,32.0,32.0,38.0,"Sales, Marketing & Management"
30.0,30.0,32.0,33.0,25.0,"Sales, Marketing & Management"
29.0,35.0,27.0,26.0,35.0,Suitable for any job
32.0,31.0,36.0,33.0,27.0,"Sales, Marketing & Management"
32.0,27.0,33.0,30.0,32.0,Education & Social Work
35.0,40.0,28.0,30.0,29.0,Education & Social Work
32.0,33.0,31.0,31.0,33.0,"Sales, Marketing & Management"
41.0,36.0,32.0,37.0,34.0,"Sales, Marketing & Management"
29.0,30.0,30.0,28.0,27.0,Suitable for any job
32.0,38.0,29.0,28.0,22.0,Suitable for any job
24.0,34.0,32.0,34.0,27.0,"Sales, Marketing & Management"
33.0,36.0,26.0,34.0,35.0,Education & Social Work
34.0,28.0,33.0,27.0,28.0,Suitable for any job
31.0,32.0,28.0,33.0,23.0,Education & Social Work
25.0,30.0,31.0,35.0,29.0,"Sales, Marketing & Management"
35.0,35.0,33.0,38.0,34.0,"Sales, Marketing & Management"
31.0,35.0,29.0,29.0,23.0,Suitable for any job
37.0,28.0,27.0,38.0,30.0,Education & Social Work
33.0,30.0,27.0,31.0,32.0,Education & Social Work
36.0,30.0,31.0,34.0,22.0,"Sales, Marketing & Management"
31.0,31.0,34.0,35.0,34.0,"Sales, Marketing & Management"
36.0,32.0,32.0,34.0,27.0,"Sales, Marketing & Management"
29.0,36.0,23.0,28.0,40.0,Suitable for any job
28.0,26.0,33.0,32.0,33.0,Suitable for any job
32.0,25.0,30.0,29.0,34.0,Suitable for any job
35.0,31.0,29.0,24.0,25.0,Suitable for any job
26.0,34.0,30.0,32.0,37.0,"Sales, Marketing & Management"
48.0,43.0,39.0,44.0,40.0,"Sales, Marketing & Management"
30.0,28.0,27.0,31.0,25.0,Education & Social Work
30.0,28.0,30.0,26.0,31.0,Suitable for any job
29.0,32.0,32.0,33.0,41.0,"Sales, Marketing & Management"
37.0,32.0,27.0,39.0,31.0,Education & Social Work
30.0,25.0,31.0,31.0,31.0,Education & Social Work
28.0,32.0,27.0,34.0,29.0,Suitable for any job
34.0,27.0,34.0,33.0,38.0,Education & Social Work
31.0,33.0,32.0,32.0,25.0,"Sales, Marketing & Management"
35.0,29.0,28.0,31.0,27.0,Education & Social Work
36.0,32.0,32.0,31.0,23.0,"Sales, Marketing & Management"
33.0,29.0,34.0,33.0,33.0,Education & Social Work
29.0,31.0,31.0,24.0,25.0,Suitable for any job
30.0,27.0,31.0,32.0,25.0,Education & Social Work
30.0,31.0,29.0,29.0,37.0,Suitable for any job
29.0,33.0,31.0,34.0,24.0,"Sales, Marketing & Management"
31.0,27.0,36.0,32.0,22.0,Education & Social Work
32.0,34.0,35.0,29.0,19.0,High-Pressure & Leadership Roles
37.0,32.0,33.0,31.0,24.0,"Sales, Marketing & Management"
31.0,28.0,31.0,31.0,30.0,Education & Social Work
36.0,31.0,27.0,25.0,33.0,Suitable for any job
23.0,32.0,30.0,26.0,20.0,High-Pressure & Leadership Roles
33.0,34.0,30.0,28.0,25.0,Suitable for any job
35.0,39.0,26.0,31.0,19.0,Healthcare & Support
36.0,33.0,30.0,28.0,30.0,Suitable for any job
32.0,29.0,31.0,30.0,28.0,Education & Social Work
30.0,31.0,29.0,32.0,26.0,Education & Social Work
36.0,33.0,30.0,33.0,34.0,"Sales, Marketing & Management"
34.0,38.0,32.0,30.0,31.0,"Sales, Marketing & Management"
37.0,41.0,38.0,30.0,43.0,"Sales, Marketing & Management"
40.0,36.0,31.0,32.0,34.0,"Sales, Marketing & Management"
32.0,35.0,28.0,37.0,37.0,Education & Social Work
29.0,24.0,26.0,33.0,40.0,Suitable for any job
33.0,28.0,35.0,21.0,26.0,Suitable for any job
30.0,33.0,31.0,33.0,34.0,"Sales, Marketing & Management"
31.0,30.0,32.0,29.0,28.0,Suitable for any job
34.0,38.0,32.0,34.0,29.0,"Sales, Marketing & Management"
36.0,30.0,35.0,31.0,34.0,"Sales, Marketing & Management"
25.0,31.0,30.0,31.0,24.0,"Sales, Marketing & Management"
37.0,29.0,32.0,31.0,21.0,Education & Social Work
30.0,28.0,28.0,31.0,30.0,Education & Social Work
35.0,39.0,35.0,39.0,41.0,"Sales, Marketing & Management"
32.0,33.0,29.0,32.0,37.0,Education & Social Work
34.0,37.0,26.0,34.0,22.0,Education & Social Work
33.0,28.0,32.0,36.0,26.0,Education & Social Work
37.0,29.0,29.0,30.0,36.0,Education & Social Work
34.0,39.0,34.0,36.0,37.0,"Sales, Marketing & Management"
28.0,34.0,30.0,30.0,32.0,"Sales, Marketing & Management"
37.0,31.0,33.0,40.0,30.0,"Sales, Marketing & Management"
32.0,32.0,28.0,33.0,35.0,Education & Social Work
29.0,29.0,27.0,32.0,21.0,Suitable for any job
37.0,26.0,28.0,36.0,21.0,Education & Social Work
32.0,35.0,37.0,32.0,33.0,"Sales, Marketing & Management"
29.0,28.0,30.0,29.0,37.0,Suitable for any job
44.0,37.0,33.0,33.0,39.0,"Sales, Marketing & Management"
32.0,34.0,32.0,32.0,33.0,"Sales, Marketing & Management"
32.0,26.0,30.0,31.0,28.0,Education & Social Work
29.0,28.0,25.0,26.0,26.0,Suitable for any job
32.0,29.0,27.0,33.0,29.0,Education & Social Work
34.0,29.0,29.0,28.0,32.0,Suitable for any job
28.0,34.0,30.0,31.0,25.0,"Sales, Marketing & Management"
32.0,32.0,30.0,34.0,26.0,"Sales, Marketing & Management"
32.0,27.0,32.0,32.0,27.0,Education & Social Work
36.0,28.0,25.0,26.0,31.0,Suitable for any job
35.0,33.0,29.0,36.0,27.0,Education & Social Work
35.0,32.0,32.0,29.0,17.0,High-Pressure & Leadership Roles
22.0,26.0,31.0,30.0,22.0,Suitable for any job
36.0,32.0,32.0,33.0,31.0,"Sales, Marketing & Management"
28.0,27.0,31.0,31.0,20.0,Suitable for any job
31.0,34.0,30.0,28.0,37.0,Suitable for any job
32.0,40.0,30.0,34.0,36.0,"Sales, Marketing & Management"
32.0,38.0,31.0,29.0,39.0,Suitable for any job
30.0,34.0,33.0,31.0,30.0,"Sales, Marketing & Management"
32.0,36.0,29.0,37.0,37.0,Education & Social Work
33.0,26.0,24.0,29.0,23.0,Suitable for any job
36.0,33.0,32.0,25.0,34.0,Suitable for any job
36.0,38.0,23.0,36.0,35.0,Education & Social Work
34.0,28.0,29.0,35.0,35.0,Education & Social Work
36.0,33.0,27.0,34.0,23.0,Education & Social Work
30.0,33.0,32.0,30.0,34.0,"Sales, Marketing & Management"
38.0,32.0,31.0,31.0,19.0,Healthcare & Support
31.0,28.0,34.0,30.0,26.0,Education & Social Work
28.0,29.0,31.0,29.0,28.0,Suitable for any job
33.0,32.0,28.0,31.0,36.0,Education & Social Work
33.0,28.0,26.0,27.0,13.0,Suitable for any job
32.0,31.0,33.0,37.0,20.0,Healthcare & Support
35.0,29.0,31.0,30.0,28.0,Education & Social Work
28.0,25.0,28.0,28.0,29.0,Suitable for any job
37.0,29.0,30.0,32.0,24.0,Education & Social Work
37.0,29.0,31.0,32.0,40.0,Education & Social Work
29.0,28.0,32.0,32.0,29.0,Suitable for any job
31.0,34.0,26.0,29.0,37.0,Suitable for any job
30.0,32.0,24.0,34.0,28.0,Education & Social Work
22.0,21.0,28.0,21.0,29.0,Suitable for any job
27.0,28.0,30.0,25.0,26.0,Suitable for any job
30.0,29.0,29.0,26.0,20.0,Suitable for any job
30.0,27.0,30.0,25.0,25.0,Suitable for any job
31.0,34.0,30.0,32.0,31.0,"Sales, Marketing & Management"
33.0,30.0,28.0,33.0,32.0,Education & Social Work
25.0,25.0,30.0,27.0,35.0,Suitable for any job
33.0,35.0,26.0,32.0,40.0,Education & Social Work
33.0,31.0,29.0,34.0,29.0,Education & Social Work
35.0,30.0,34.0,34.0,36.0,"Sales, Marketing & Management"
33.0,30.0,30.0,29.0,33.0,Suitable for any job
29.0,31.0,41.0,35.0,33.0,"Sales, Marketing & Management"
31.0,32.0,30.0,29.0,28.0,Suitable for any job
37.0,34.0,37.0,31.0,43.0,"Sales, Marketing & Management"
34.0,29.0,26.0,27.0,31.0,Suitable for any job
21.0,24.0,33.0,27.0,37.0,Suitable for any job
34.0,30.0,32.0,36.0,30.0,"Sales, Marketing & Management"
32.0,31.0,25.0,28.0,26.0,Suitable for any job
32.0,31.0,33.0,28.0,34.0,Suitable for any job
30.0,18.0,26.0,31.0,13.0,Creative Freelance & Innovation
37.0,34.0,30.0,34.0,37.0,"Sales, Marketing & Management"
29.0,28.0,30.0,26.0,35.0,Suitable for any job
27.0,27.0,29.0,28.0,34.0,Suitable for any job
36.0,30.0,31.0,37.0,34.0,"Sales, Marketing & Management"
32.0,27.0,40.0,34.0,26.0,Education & Social Work
29.0,33.0,34.0,32.0,35.0,"Sales, Marketing & Management"
36.0,35.0,34.0,34.0,38.0,"Sales, Marketing & Management"
26.0,38.0,36.0,33.0,36.0,"Sales, Marketing & Management"
34.0,26.0,25.0,32.0,21.0,Education & Social Work
27.0,25.0,29.0,34.0,23.0,Suitable for any job
33.0,27.0,33.0,30.0,32.0,Education & Social Work
36.0,27.0,31.0,34.0,24.0,Education & Social Work
37.0,30.0,26.0,33.0,41.0,Education & Social Work
29.0,28.0,31.0,33.0,26.0,Suitable for any job
35.0,36.0,32.0,35.0,24.0,"Sales, Marketing & Management"
29.0,28.0,32.0,36.0,23.0,Suitable for any job
31.0,36.0,31.0,37.0,28.0,"Sales, Marketing & Management"
33.0,31.0,30.0,33.0,36.0,"Sales, Marketing & Management"
36.0,34.0,33.0,36.0,31.0,"Sales, Marketing & Management"
34.0,22.0,41.0,36.0,20.0,Education & Social Work
38.0,34.0,33.0,36.0,32.0,"Sales, Marketing & Management"
31.0,33.0,25.0,33.0,32.0,Education & Social Work
31.0,34.0,31.0,31.0,35.0,"Sales, Marketing & Management"
35.0,31.0,25.0,23.0,27.0,Suitable for any job
34.0,30.0,26.0,34.0,17.0,Healthcare & Support
32.0,31.0,30.0,32.0,31.0,"Sales, Marketing & Management"
32.0,30.0,33.0,31.0,31.0,"Sales, Marketing & Management"
34.0,24.0,28.0,27.0,23.0,Suitable for any job
35.0,29.0,27.0,31.0,23.0,Education & Social Work
27.0,32.0,34.0,36.0,29.0,"Sales, Marketing & Management"
34.0,32.0,30.0,32.0,23.0,"Sales, Marketing & Management"
32.0,27.0,28.0,30.0,29.0,Education & Social Work
32.0,26.0,31.0,37.0,36.0,Education & Social Work
29.0,27.0,32.0,29.0,28.0,Suitable for any job
35.0,31.0,31.0,33.0,18.0,Healthcare & Support
21.0,27.0,32.0,32.0,30.0,Suitable for any job
29.0,28.0,30.0,32.0,29.0,Suitable for any job
29.0,32.0,27.0,30.0,36.0,Suitable for any job
33.0,29.0,28.0,33.0,23.0,Education & Social Work
37.0,32.0,26.0,30.0,33.0,Education & Social Work
29.0,34.0,30.0,33.0,29.0,"Sales, Marketing & Management"
31.0,22.0,29.0,28.0,27.0,Suitable for any job
36.0,28.0,35.0,36.0,40.0,Education & Social Work
32.0,28.0,35.0,28.0,32.0,Suitable for any job
35.0,33.0,35.0,29.0,32.0,Suitable for any job
30.0,33.0,34.0,28.0,41.0,Suitable for any job
36.0,37.0,36.0,33.0,29.0,"Sales, Marketing & Management"
33.0,33.0,27.0,29.0,41.0,Suitable for any job
39.0,34.0,32.0,30.0,36.0,"Sales, Marketing & Management"
31.0,35.0,34.0,30.0,34.0,"Sales, Marketing & Management"
32.0,36.0,30.0,33.0,34.0,"Sales, Marketing & Management"
35.0,35.0,30.0,27.0,31.0,Suitable for any job
31.0,30.0,27.0,27.0,28.0,Suitable for any job
28.0,34.0,33.0,33.0,36.0,"Sales, Marketing & Management"
32.0,31.0,26.0,26.0,25.0,Suitable for any job
35.0,31.0,27.0,32.0,31.0,Education & Social Work
27.0,27.0,28.0,28.0,23.0,Suitable for any job
32.0,33.0,31.0,34.0,42.0,"Sales, Marketing & Management"
18.0,22.0,29.0,28.0,28.0,Routine & Practical Jobs
38.0,43.0,30.0,31.0,30.0,"Sales, Marketing & Management"
33.0,32.0,29.0,31.0,29.0,Education & Social Work
34.0,38.0,30.0,30.0,46.0,"Sales, Marketing & Management"
33.0,29.0,28.0,33.0,31.0,Education & Social Work
34.0,30.0,25.0,25.0,31.0,Suitable for any job
37.0,34.0,33.0,31.0,24.0,"Sales, Marketing & Management"
33.0,32.0,32.0,33.0,26.0,"Sales, Marketing & Management"
33.0,32.0,30.0,32.0,31.0,"Sales, Marketing & Management"
30.0,28.0,27.0,29.0,23.0,Suitable for any job
34.0,27.0,28.0,34.0,37.0,Education & Social Work
30.0,32.0,30.0,31.0,32.0,"Sales, Marketing & Management"
33.0,31.0,34.0,34.0,27.0,"Sales, Marketing & Management"
27.0,31.0,27.0,30.0,28.0,Suitable for any job
30.0,40.0,34.0,34.0,28.0,"Sales, Marketing & Management"
34.0,32.0,31.0,33.0,30.0,"Sales, Marketing & Management"
34.0,28.0,23.0,36.0,40.0,Education & Social Work
38.0,26.0,28.0,31.0,14.0,Education & Social Work
27.0,29.0,33.0,33.0,43.0,Suitable for any job
30.0,33.0,32.0,34.0,31.0,"Sales, Marketing & Management"
31.0,34.0,31.0,23.0,34.0,Suitable for any job
32.0,32.0,27.0,34.0,29.0,Education & Social Work
26.0,31.0,32.0,29.0,26.0,Suitable for any job
32.0,31.0,33.0,32.0,23.0,"Sales, Marketing & Management"
35.0,31.0,28.0,29.0,35.0,Suitable for any job
31.0,25.0,36.0,29.0,21.0,Suitable for any job
39.0,37.0,25.0,33.0,27.0,Education & Social Work
35.0,32.0,29.0,28.0,34.0,Suitable for any job
35.0,30.0,37.0,34.0,20.0,Healthcare & Support
34.0,23.0,29.0,30.0,19.0,Education & Social Work
35.0,36.0,25.0,29.0,32.0,Suitable for any job
32.0,27.0,32.0,37.0,26.0,Education & Social Work
32.0,31.0,30.0,28.0,31.0,Suitable for any job
34.0,29.0,38.0,33.0,27.0,Education & Social Work
31.0,29.0,29.0,30.0,29.0,Education & Social Work
33.0,31.0,33.0,28.0,44.0,Suitable for any job
30.0,35.0,29.0,35.0,22.0,Education & Social Work
28.0,32.0,29.0,34.0,34.0,Suitable for any job
32.0,35.0,31.0,29.0,26.0,Suitable for any job
29.0,35.0,33.0,29.0,30.0,Suitable for any job
32.0,33.0,30.0,33.0,26.0,"Sales, Marketing & Management"
43.0,24.0,36.0,32.0,23.0,Education & Social Work
29.0,27.0,33.0,26.0,29.0,Suitable for any job
36.0,32.0,32.0,30.0,27.0,"Sales, Marketing & Management"
29.0,34.0,34.0,37.0,29.0,"Sales, Marketing & Management"
28.0,28.0,30.0,34.0,29.0,Suitable for any job
29.0,34.0,36.0,32.0,38.0,"Sales, Marketing & Management"
26.0,24.0,30.0,33.0,16.0,Suitable for any job
38.0,30.0,29.0,27.0,26.0,Suitable for any job
34.0,34.0,33.0,35.0,33.0,"Sales, Marketing & Management"
31.0,33.0,31.0,34.0,33.0,"Sales, Marketing & Management"
34.0,25.0,28.0,31.0,30.0,Education & Social Work
30.0,29.0,38.0,30.0,24.0,Education & Social Work
38.0,34.0,30.0,34.0,23.0,"Sales, Marketing & Management"
32.0,29.0,26.0,38.0,30.0,Education & Social Work
31.0,30.0,28.0,33.0,33.0,Education & Social Work
35.0,33.0,25.0,32.0,35.0,Education & Social Work
32.0,33.0,30.0,32.0,21.0,"Sales, Marketing & Management"
30.0,32.0,31.0,31.0,16.0,Healthcare & Support
36.0,30.0,33.0,34.0,33.0,"Sales, Marketing & Management"
33.0,33.0,32.0,33.0,33.0,"Sales, Marketing & Management"
28.0,33.0,25.0,37.0,35.0,Suitable for any job
31.0,25.0,31.0,32.0,23.0,Education & Social Work
30.0,30.0,28.0,31.0,35.0,Education & Social Work
29.0,27.0,29.0,32.0,30.0,Suitable for any job
31.0,32.0,29.0,28.0,24.0,Suitable for any job
37.0,33.0,32.0,29.0,28.0,Suitable for any job
33.0,35.0,30.0,28.0,36.0,Suitable for any job
33.0,43.0,31.0,29.0,26.0,Suitable for any job
33.0,26.0,32.0,30.0,27.0,Education & Social Work
24.0,34.0,32.0,31.0,38.0,"Sales, Marketing & Management"
40.0,39.0,33.0,29.0,22.0,Suitable for any job
22.0,34.0,28.0,34.0,33.0,Suitable for any job
27.0,29.0,25.0,32.0,28.0,Suitable for any job
20.0,19.0,18.0,18.0,20.0,Suitable for any job
37.0,35.0,32.0,33.0,14.0,Healthcare & Support
32.0,32.0,34.0,30.0,36.0,"Sales, Marketing & Management"
28.0,33.0,32.0,33.0,24.0,"Sales, Marketing & Management"
34.0,30.0,32.0,32.0,30.0,"Sales, Marketing & Management"
24.0,29.0,34.0,30.0,34.0,Suitable for any job
31.0,35.0,28.0,33.0,39.0,Education & Social Work
34.0,34.0,37.0,34.0,27.0,"Sales, Marketing & Management"
29.0,35.0,35.0,30.0,33.0,"Sales, Marketing & Management"
34.0,29.0,28.0,30.0,29.0,Education & Social Work
32.0,31.0,31.0,32.0,31.0,"Sales, Marketing & Management"
24.0,32.0,31.0,30.0,21.0,"Sales, Marketing & Management"
27.0,33.0,34.0,31.0,31.0,"Sales, Marketing & Management"
33.0,37.0,28.0,31.0,22.0,Education & Social Work
44.0,39.0,31.0,31.0,36.0,"Sales, Marketing & Management"
34.0,30.0,26.0,29.0,39.0,Suitable for any job
36.0,36.0,28.0,27.0,30.0,Suitable for any job
41.0,30.0,37.0,36.0,30.0,"Sales, Marketing & Management"
29.0,34.0,35.0,30.0,21.0,"Sales, Marketing & Management"
32.0,31.0,33.0,31.0,27.0,"Sales, Marketing & Management"
35.0,34.0,31.0,25.0,26.0,Suitable for any job
25.0,31.0,29.0,23.0,29.0,Suitable for any job
30.0,35.0,31.0,33.0,36.0,"Sales, Marketing & Management"
37.0,36.0,31.0,32.0,42.0,"Sales, Marketing & Management"
25.0,22.0,31.0,31.0,37.0,Suitable for any job
35.0,34.0,35.0,32.0,38.0,"Sales, Marketing & Management"
31.0,38.0,33.0,36.0,35.0,"Sales, Marketing & Management"
34.0,37.0,24.0,38.0,23.0,Education & Social Work
27.0,34.0,30.0,32.0,39.0,"Sales, Marketing & Management"
28.0,25.0,37.0,31.0,29.0,Suitable for any job
32.0,24.0,33.0,38.0,29.0,Education & Social Work
27.0,39.0,32.0,37.0,31.0,"Sales, Marketing & Management"
34.0,33.0,28.0,32.0,27.0,Education & Social Work
25.0,30.0,28.0,28.0,34.0,Suitable for any job
29.0,30.0,35.0,28.0,34.0,Suitable for any job
37.0,34.0,26.0,30.0,18.0,Healthcare & Support
25.0,30.0,30.0,31.0,35.0,"Sales, Marketing & Management"
28.0,36.0,27.0,36.0,43.0,Suitable for any job
31.0,33.0,30.0,25.0,32.0,Suitable for any job
23.0,29.0,26.0,25.0,25.0,Suitable for any job
38.0,36.0,30.0,34.0,38.0,"Sales, Marketing & Management"
35.0,32.0,29.0,32.0,33.0,Education & Social Work
34.0,35.0,27.0,32.0,37.0,Education & Social Work
37.0,31.0,36.0,37.0,40.0,"Sales, Marketing & Management"
37.0,30.0,33.0,32.0,42.0,"Sales, Marketing & Management"
35.0,31.0,31.0,29.0,30.0,Suitable for any job
38.0,30.0,36.0,34.0,21.0,"Sales, Marketing & Management"
25.0,26.0,34.0,38.0,37.0,Suitable for any job
39.0,38.0,35.0,38.0,39.0,"Sales, Marketing & Management"
33.0,29.0,28.0,36.0,22.0,Education & Social Work
28.0,32.0,28.0,29.0,22.0,Suitable for any job
33.0,34.0,27.0,33.0,36.0,Education & Social Work
50.0,50.0,50.0,50.0,50.0,"Sales, Marketing & Management"
32.0,36.0,32.0,34.0,29.0,"Sales, Marketing & Management"
50.0,50.0,50.0,50.0,50.0,"Sales, Marketing & Management"
31.0,34.0,31.0,42.0,35.0,"Sales, Marketing & Management"
34.0,35.0,40.0,34.0,32.0,"Sales, Marketing & Management"
37.0,29.0,32.0,28.0,33.0,Suitable for any job
28.0,29.0,29.0,32.0,35.0,Suitable for any job
32.0,26.0,24.0,32.0,37.0,Education & Social Work
29.0,35.0,28.0,31.0,35.0,Suitable for any job
34.0,30.0,33.0,28.0,26.0,Suitable for any job
35.0,34.0,32.0,32.0,28.0,"Sales, Marketing & Management"
35.0,32.0,27.0,33.0,30.0,Education & Social Work
26.0,31.0,30.0,32.0,23.0,"Sales, Marketing & Management"
28.0,32.0,38.0,31.0,23.0,"Sales, Marketing & Management"
34.0,33.0,33.0,36.0,30.0,"Sales, Marketing & Management"
23.0,29.0,28.0,34.0,40.0,Suitable for any job
36.0,29.0,33.0,36.0,27.0,Education & Social Work
34.0,39.0,25.0,28.0,38.0,Suitable for any job
34.0,29.0,30.0,30.0,31.0,Education & Social Work
32.0,33.0,34.0,37.0,34.0,"Sales, Marketing & Management"
39.0,36.0,31.0,39.0,45.0,"Sales, Marketing & Management"
35.0,28.0,28.0,34.0,29.0,Education & Social Work
25.0,25.0,27.0,26.0,46.0,Suitable for any job
35.0,31.0,28.0,30.0,33.0,Education & Social Work
35.0,35.0,36.0,34.0,34.0,"Sales, Marketing & Management"
35.0,34.0,29.0,33.0,47.0,Education & Social Work
37.0,28.0,30.0,35.0,34.0,Education & Social Work
31.0,30.0,30.0,28.0,24.0,Suitable for any job
31.0,28.0,30.0,35.0,28.0,Education & Social Work
30.0,43.0,31.0,32.0,28.0,"Sales, Marketing & Management"
26.0,24.0,29.0,28.0,30.0,Suitable for any job
31.0,33.0,31.0,30.0,30.0,"Sales, Marketing & Management"
37.0,34.0,27.0,33.0,44.0,Education & Social Work
36.0,32.0,34.0,34.0,28.0,"Sales, Marketing & Management"
30.0,28.0,29.0,29.0,26.0,Suitable for any job
37.0,30.0,26.0,33.0,31.0,Education & Social Work
38.0,36.0,29.0,31.0,36.0,Education & Social Work
30.0,33.0,29.0,29.0,43.0,Suitable for any job
31.0,25.0,25.0,35.0,30.0,Education & Social Work
30.0,34.0,30.0,34.0,17.0,Healthcare & Support
27.0,28.0,32.0,34.0,21.0,Suitable for any job
34.0,32.0,28.0,31.0,24.0,Education & Social Work
32.0,34.0,32.0,30.0,16.0,Healthcare & Support
29.0,32.0,33.0,38.0,29.0,"Sales, Marketing & Management"
29.0,28.0,25.0,29.0,25.0,Suitable for any job
29.0,26.0,33.0,40.0,33.0,Suitable for any job
38.0,33.0,32.0,39.0,39.0,"Sales, Marketing & Management"
37.0,27.0,30.0,29.0,32.0,Suitable for any job
31.0,31.0,32.0,29.0,28.0,Suitable for any job
33.0,32.0,36.0,31.0,37.0,"Sales, Marketing & Management"
28.0,31.0,33.0,32.0,37.0,"Sales, Marketing & Management"
26.0,26.0,29.0,23.0,27.0,Suitable for any job
35.0,25.0,38.0,30.0,39.0,Education & Social Work
28.0,28.0,31.0,31.0,28.0,Suitable for any job
34.0,32.0,27.0,37.0,26.0,Education & Social Work
33.0,29.0,30.0,28.0,28.0,Suitable for any job
31.0,30.0,30.0,33.0,42.0,"Sales, Marketing & Management"
30.0,32.0,31.0,34.0,36.0,"Sales, Marketing & Management"
35.0,39.0,35.0,33.0,40.0,"Sales, Marketing & Management"
33.0,30.0,30.0,31.0,32.0,"Sales, Marketing & Management"
34.0,36.0,26.0,35.0,39.0,Education & Social Work
35.0,31.0,33.0,39.0,31.0,"Sales, Marketing & Management"
35.0,41.0,32.0,39.0,26.0,"Sales, Marketing & Management"
38.0,28.0,28.0,26.0,37.0,Suitable for any job
31.0,26.0,30.0,31.0,32.0,Education & Social Work
30.0,37.0,28.0,33.0,30.0,Education & Social Work
33.0,32.0,31.0,30.0,21.0,"Sales, Marketing & Management"
30.0,26.0,32.0,29.0,20.0,Suitable for any job
36.0,30.0,29.0,28.0,21.0,Suitable for any job
32.0,27.0,34.0,32.0,23.0,Education & Social Work
33.0,25.0,33.0,24.0,34.0,Suitable for any job
35.0,36.0,26.0,34.0,31.0,Education & Social Work
36.0,29.0,27.0,31.0,33.0,Education & Social Work
33.0,28.0,30.0,30.0,19.0,Education & Social Work
30.0,34.0,32.0,34.0,41.0,"Sales, Marketing & Management"
26.0,34.0,29.0,30.0,28.0,Suitable for any job
37.0,31.0,28.0,33.0,26.0,Education & Social Work
31.0,24.0,31.0,32.0,26.0,Education & Social Work
35.0,25.0,31.0,34.0,33.0,Education & Social Work
35.0,33.0,27.0,33.0,44.0,Education & Social Work
29.0,26.0,28.0,31.0,21.0,Suitable for any job
31.0,32.0,27.0,29.0,28.0,Suitable for any job
33.0,26.0,27.0,31.0,36.0,Education & Social Work
35.0,30.0,31.0,32.0,28.0,"Sales, Marketing & Management"
36.0,40.0,29.0,40.0,41.0,Education & Social Work
33.0,36.0,33.0,39.0,38.0,"Sales, Marketing & Management"
31.0,31.0,29.0,30.0,31.0,Education & Social Work
35.0,33.0,28.0,26.0,28.0,Suitable for any job
35.0,30.0,31.0,31.0,21.0,"Sales, Marketing & Management"
37.0,24.0,32.0,35.0,33.0,Education & Social Work
34.0,27.0,33.0,35.0,19.0,Education & Social Work
35.0,27.0,28.0,28.0,20.0,Suitable for any job
32.0,30.0,26.0,33.0,40.0,Education & Social Work
33.0,33.0,33.0,32.0,30.0,"Sales, Marketing & Management"
33.0,34.0,33.0,30.0,31.0,"Sales, Marketing & Management"
37.0,32.0,34.0,33.0,29.0,"Sales, Marketing & Management"
38.0,24.0,32.0,37.0,27.0,Education & Social Work
35.0,33.0,28.0,26.0,36.0,Suitable for any job
32.0,27.0,25.0,31.0,36.0,Education & Social Work
36.0,30.0,26.0,26.0,30.0,Suitable for any job
31.0,36.0,29.0,32.0,28.0,Education & Social Work
35.0,33.0,31.0,30.0,19.0,Healthcare & Support
38.0,32.0,32.0,30.0,29.0,"Sales, Marketing & Management"
35.0,37.0,26.0,30.0,38.0,Education & Social Work
37.0,33.0,30.0,33.0,27.0,"Sales, Marketing & Management"
39.0,30.0,26.0,34.0,19.0,Healthcare & Support
30.0,27.0,28.0,31.0,19.0,Education & Social Work
31.0,34.0,31.0,35.0,34.0,"Sales, Marketing & Management"
32.0,33.0,37.0,28.0,30.0,Suitable for any job
35.0,35.0,31.0,35.0,38.0,"Sales, Marketing & Management"
34.0,33.0,30.0,32.0,18.0,Healthcare & Support
34.0,28.0,29.0,25.0,26.0,Suitable for any job
30.0,32.0,32.0,29.0,32.0,Suitable for any job
32.0,30.0,35.0,33.0,33.0,"Sales, Marketing & Management"
36.0,41.0,25.0,31.0,41.0,Education & Social Work
33.0,29.0,32.0,32.0,36.0,Education & Social Work
39.0,37.0,23.0,21.0,29.0,Suitable for any job
29.0,34.0,31.0,35.0,36.0,"Sales, Marketing & Management"
29.0,25.0,32.0,33.0,31.0,Suitable for any job
35.0,29.0,34.0,34.0,37.0,Education & Social Work
28.0,34.0,32.0,29.0,34.0,Suitable for any job
30.0,31.0,30.0,33.0,31.0,"Sales, Marketing & Management"
37.0,40.0,32.0,35.0,39.0,"Sales, Marketing & Management"
36.0,33.0,29.0,35.0,31.0,Education & Social Work
36.0,33.0,34.0,30.0,38.0,"Sales, Marketing & Management"
31.0,37.0,29.0,34.0,42.0,Education & Social Work
34.0,32.0,34.0,33.0,38.0,"Sales, Marketing & Management"
37.0,35.0,34.0,35.0,29.0,"Sales, Marketing & Management"
30.0,31.0,27.0,28.0,30.0,Suitable for any job
36.0,29.0,31.0,31.0,32.0,Education & Social Work
32.0,29.0,33.0,32.0,25.0,Education & Social Work
37.0,33.0,33.0,34.0,15.0,Healthcare & Support
35.0,23.0,25.0,34.0,20.0,Education & Social Work
33.0,34.0,30.0,35.0,16.0,Healthcare & Support
35.0,29.0,36.0,31.0,43.0,Education & Social Work
36.0,31.0,31.0,32.0,28.0,"Sales, Marketing & Management"
31.0,34.0,33.0,32.0,25.0,"Sales, Marketing & Management"
34.0,28.0,29.0,28.0,30.0,Suitable for any job
35.0,33.0,30.0,34.0,33.0,"Sales, Marketing & Management"
35.0,32.0,29.0,27.0,38.0,Suitable for any job
27.0,32.0,31.0,30.0,39.0,"Sales, Marketing & Management"
33.0,32.0,35.0,35.0,39.0,"Sales, Marketing & Management"
30.0,32.0,29.0,33.0,29.0,Education & Social Work
32.0,29.0,27.0,30.0,31.0,Education & Social Work
24.0,40.0,31.0,30.0,35.0,"Sales, Marketing & Management"
37.0,27.0,31.0,27.0,19.0,Suitable for any job
30.0,22.0,33.0,34.0,23.0,Education & Social Work
33.0,35.0,26.0,40.0,42.0,Education & Social Work
41.0,34.0,29.0,28.0,29.0,Suitable for any job
31.0,30.0,30.0,29.0,22.0,Suitable for any job
37.0,41.0,31.0,34.0,39.0,"Sales, Marketing & Management"
39.0,34.0,32.0,36.0,19.0,Healthcare & Support
32.0,24.0,25.0,25.0,34.0,Suitable for any job
0.0,0.0,0.0,0.0,0.0,Suitable for any job
31.0,31.0,28.0,29.0,18.0,Suitable for any job
30.0,32.0,34.0,34.0,29.0,"Sales, Marketing & Management"
36.0,32.0,32.0,36.0,39.0,"Sales, Marketing & Management"
35.0,29.0,28.0,28.0,24.0,Suitable for any job
36.0,27.0,31.0,24.0,24.0,Suitable for any job
33.0,29.0,25.0,29.0,35.0,Suitable for any job
29.0,23.0,30.0,30.0,37.0,Suitable for any job
41.0,24.0,33.0,32.0,23.0,Education & Social Work
38.0,28.0,27.0,29.0,37.0,Suitable for any job
34.0,29.0,29.0,29.0,25.0,Suitable for any job
36.0,32.0,31.0,30.0,20.0,Healthcare & Support
38.0,32.0,31.0,36.0,42.0,"Sales, Marketing & Management"
29.0,30.0,29.0,32.0,26.0,Suitable for any job
38.0,30.0,32.0,35.0,33.0,"Sales, Marketing & Management"
26.0,26.0,32.0,31.0,31.0,Suitable for any job
34.0,25.0,35.0,33.0,29.0,Education & Social Work
32.0,29.0,29.0,37.0,36.0,Education & Social Work
37.0,38.0,33.0,33.0,30.0,"Sales, Marketing & Management"
31.0,32.0,35.0,38.0,38.0,"Sales, Marketing & Management"
35.0,30.0,33.0,32.0,36.0,"Sales, Marketing & Management"
36.0,28.0,34.0,30.0,40.0,Education & Social Work
34.0,35.0,34.0,37.0,31.0,"Sales, Marketing & Management"
33.0,27.0,31.0,29.0,22.0,Suitable for any job
31.0,38.0,30.0,31.0,30.0,"Sales, Marketing & Management"
31.0,29.0,28.0,33.0,27.0,Education & Social Work
34.0,31.0,35.0,33.0,35.0,"Sales, Marketing & Management"
34.0,40.0,34.0,36.0,44.0,"Sales, Marketing & Management"
35.0,37.0,31.0,35.0,38.0,"Sales, Marketing & Management"
32.0,27.0,27.0,26.0,40.0,Suitable for any job
35.0,33.0,25.0,31.0,37.0,Education & Social Work
32.0,30.0,31.0,32.0,23.0,"Sales, Marketing & Management"
37.0,31.0,28.0,33.0,27.0,Education & Social Work
32.0,26.0,32.0,34.0,21.0,Education & Social Work
28.0,35.0,29.0,30.0,34.0,Suitable for any job
35.0,27.0,35.0,35.0,41.0,Education & Social Work
36.0,28.0,30.0,33.0,21.0,Education & Social Work
29.0,33.0,31.0,29.0,18.0,High-Pressure & Leadership Roles
33.0,23.0,29.0,27.0,19.0,Suitable for any job
36.0,26.0,32.0,30.0,27.0,Education & Social Work
33.0,29.0,29.0,34.0,36.0,Education & Social Work
31.0,33.0,30.0,32.0,34.0,"Sales, Marketing & Management"
25.0,26.0,30.0,27.0,31.0,Suitable for any job
31.0,27.0,27.0,28.0,24.0,Suitable for any job
24.0,25.0,20.0,28.0,39.0,Suitable for any job
34.0,29.0,35.0,34.0,29.0,Education & Social Work
34.0,33.0,32.0,31.0,39.0,"Sales, Marketing & Management"
35.0,28.0,33.0,23.0,26.0,Suitable for any job
33.0,32.0,29.0,29.0,31.0,Suitable for any job
34.0,36.0,29.0,29.0,33.0,Suitable for any job
33.0,28.0,31.0,32.0,43.0,Education & Social Work
36.0,33.0,31.0,33.0,30.0,"Sales, Marketing & Management"
28.0,31.0,22.0,26.0,35.0,Suitable for any job
37.0,36.0,26.0,29.0,37.0,Suitable for any job
31.0,35.0,28.0,31.0,27.0,Education & Social Work
37.0,34.0,30.0,30.0,41.0,"Sales, Marketing & Management"
31.0,29.0,30.0,32.0,34.0,Education & Social Work
24.0,30.0,36.0,34.0,26.0,"Sales, Marketing & Management"
30.0,30.0,29.0,30.0,30.0,Education & Social Work
34.0,35.0,29.0,34.0,33.0,Education & Social Work
28.0,24.0,26.0,26.0,21.0,Suitable for any job
33.0,23.0,30.0,32.0,26.0,Education & Social Work
36.0,26.0,22.0,29.0,33.0,Suitable for any job
33.0,28.0,31.0,30.0,27.0,Education & Social Work
35.0,31.0,37.0,30.0,27.0,"Sales, Marketing & Management"
32.0,33.0,39.0,41.0,37.0,"Sales, Marketing & Management"
34.0,34.0,32.0,38.0,20.0,Healthcare & Support
33.0,28.0,28.0,29.0,29.0,Suitable for any job
31.0,31.0,24.0,37.0,31.0,Education & Social Work
32.0,33.0,30.0,28.0,24.0,Suitable for any job
30.0,28.0,38.0,32.0,42.0,Education & Social Work
34.0,29.0,28.0,30.0,37.0,Education & Social Work
31.0,32.0,22.0,32.0,29.0,Education & Social Work
37.0,35.0,31.0,33.0,36.0,"Sales, Marketing & Management"
33.0,32.0,30.0,35.0,38.0,"Sales, Marketing & Management"
31.0,34.0,26.0,35.0,29.0,Education & Social Work
30.0,31.0,31.0,30.0,25.0,"Sales, Marketing & Management"
28.0,34.0,31.0,29.0,26.0,Suitable for any job
38.0,35.0,35.0,38.0,40.0,"Sales, Marketing & Management"
26.0,38.0,41.0,38.0,37.0,"Sales, Marketing & Management"
34.0,29.0,32.0,34.0,28.0,Education & Social Work
35.0,33.0,31.0,35.0,24.0,"Sales, Marketing & Management"
34.0,30.0,29.0,28.0,27.0,Suitable for any job
39.0,37.0,32.0,34.0,41.0,"Sales, Marketing & Management"
34.0,28.0,34.0,27.0,24.0,Suitable for any job
29.0,30.0,28.0,29.0,27.0,Suitable for any job
33.0,34.0,29.0,28.0,20.0,Suitable for any job
31.0,25.0,31.0,30.0,23.0,Education & Social Work
37.0,26.0,25.0,30.0,33.0,Education & Social Work
29.0,26.0,28.0,25.0,31.0,Suitable for any job
27.0,28.0,33.0,28.0,28.0,Suitable for any job
39.0,35.0,32.0,37.0,25.0,"Sales, Marketing & Management"
31.0,30.0,32.0,31.0,21.0,"Sales, Marketing & Management"
39.0,39.0,32.0,34.0,41.0,"Sales, Marketing & Management"
23.0,23.0,21.0,23.0,26.0,Suitable for any job
32.0,38.0,34.0,32.0,26.0,"Sales, Marketing & Management"
36.0,32.0,27.0,36.0,30.0,Education & Social Work
36.0,31.0,31.0,28.0,31.0,Suitable for any job
32.0,27.0,26.0,29.0,28.0,Suitable for any job
37.0,29.0,32.0,38.0,22.0,Education & Social Work
30.0,32.0,32.0,32.0,35.0,"Sales, Marketing & Management"
30.0,31.0,31.0,28.0,40.0,Suitable for any job
26.0,33.0,17.0,33.0,42.0,Solitary & Technical Jobs
38.0,31.0,31.0,34.0,33.0,"Sales, Marketing & Management"
34.0,33.0,31.0,36.0,37.0,"Sales, Marketing & Management"
29.0,29.0,33.0,26.0,33.0,Suitable for any job
35.0,34.0,33.0,34.0,24.0,"Sales, Marketing & Management"
28.0,31.0,32.0,38.0,18.0,Healthcare & Support
35.0,23.0,31.0,34.0,28.0,Education & Social Work
39.0,30.0,31.0,32.0,24.0,"Sales, Marketing & Management"
35.0,26.0,35.0,34.0,18.0,Education & Social Work
34.0,34.0,27.0,27.0,39.0,Suitable for any job
38.0,33.0,26.0,33.0,20.0,Healthcare & Support
29.0,30.0,28.0,25.0,28.0,Suitable for any job
36.0,33.0,32.0,34.0,26.0,"Sales, Marketing & Management"
35.0,32.0,32.0,33.0,37.0,"Sales, Marketing & Management"
34.0,38.0,40.0,34.0,25.0,"Sales, Marketing & Management"
32.0,26.0,25.0,31.0,29.0,Education & Social Work
34.0,33.0,30.0,31.0,26.0,"Sales, Marketing & Management"
33.0,30.0,30.0,29.0,20.0,High-Pressure & Leadership Roles
28.0,28.0,31.0,31.0,29.0,Suitable for any job
32.0,29.0,29.0,32.0,35.0,Education & Social Work
32.0,23.0,27.0,26.0,40.0,Suitable for any job
37.0,40.0,30.0,30.0,38.0,"Sales, Marketing & Management"
34.0,36.0,29.0,31.0,39.0,Education & Social Work
28.0,32.0,33.0,28.0,29.0,Suitable for any job
34.0,29.0,27.0,29.0,42.0,Suitable for any job
34.0,30.0,28.0,32.0,20.0,Healthcare & Support
35.0,39.0,30.0,28.0,36.0,Suitable for any job
33.0,30.0,35.0,33.0,36.0,"Sales, Marketing & Management"
40.0,33.0,27.0,33.0,30.0,Education & Social Work
33.0,30.0,32.0,31.0,37.0,"Sales, Marketing & Management"
34.0,33.0,27.0,33.0,37.0,Education & Social Work
34.0,30.0,30.0,31.0,24.0,"Sales, Marketing & Management"
38.0,34.0,33.0,28.0,41.0,Suitable for any job
33.0,33.0,34.0,34.0,29.0,"Sales, Marketing & Management"
33.0,21.0,33.0,33.0,22.0,Education & Social Work
33.0,31.0,29.0,30.0,33.0,Education & Social Work
32.0,32.0,34.0,31.0,35.0,"Sales, Marketing & Management"
29.0,17.0,27.0,27.0,25.0,"Flexible, Less Structured Roles"
36.0,29.0,29.0,29.0,34.0,Suitable for any job
34.0,34.0,32.0,33.0,33.0,"Sales, Marketing & Management"
37.0,31.0,31.0,28.0,24.0,Suitable for any job
35.0,29.0,28.0,28.0,23.0,Suitable for any job
34.0,29.0,32.0,31.0,23.0,Education & Social Work
37.0,41.0,33.0,42.0,40.0,"Sales, Marketing & Management"
22.0,25.0,29.0,27.0,33.0,Suitable for any job
38.0,35.0,34.0,33.0,26.0,"Sales, Marketing & Management"
36.0,35.0,29.0,25.0,32.0,Suitable for any job
35.0,23.0,27.0,30.0,25.0,Education & Social Work
35.0,33.0,34.0,28.0,19.0,High-Pressure & Leadership Roles
36.0,28.0,28.0,35.0,28.0,Education & Social Work
37.0,28.0,28.0,32.0,21.0,Education & Social Work
25.0,31.0,32.0,36.0,22.0,"Sales, Marketing & Management"
36.0,36.0,31.0,33.0,30.0,"Sales, Marketing & Management"
36.0,30.0,31.0,31.0,38.0,"Sales, Marketing & Management"
34.0,36.0,33.0,31.0,20.0,Healthcare & Support
34.0,38.0,29.0,33.0,40.0,Education & Social Work
33.0,34.0,27.0,25.0,21.0,Suitable for any job
33.0,37.0,32.0,29.0,24.0,Suitable for any job
33.0,30.0,27.0,32.0,22.0,Education & Social Work
33.0,32.0,29.0,30.0,26.0,Education & Social Work
25.0,24.0,28.0,27.0,31.0,Suitable for any job
33.0,33.0,30.0,30.0,25.0,"Sales, Marketing & Management"
34.0,34.0,28.0,31.0,28.0,Education & Social Work
32.0,31.0,27.0,35.0,27.0,Education & Social Work
36.0,28.0,32.0,34.0,27.0,Education & Social Work
27.0,30.0,31.0,31.0,39.0,"Sales, Marketing & Management"
37.0,33.0,32.0,34.0,37.0,"Sales, Marketing & Management"
26.0,28.0,29.0,31.0,29.0,Suitable for any job
32.0,25.0,38.0,37.0,33.0,Education & Social Work
34.0,31.0,36.0,34.0,35.0,"Sales, Marketing & Management"
34.0,31.0,33.0,31.0,35.0,"Sales, Marketing & Management"
29.0,31.0,28.0,27.0,26.0,Suitable for any job
22.0,30.0,30.0,35.0,23.0,"Sales, Marketing & Management"
37.0,30.0,42.0,35.0,25.0,"Sales, Marketing & Management"
31.0,29.0,30.0,30.0,23.0,Education & Social Work
35.0,33.0,31.0,31.0,25.0,"Sales, Marketing & Management"
27.0,32.0,28.0,26.0,30.0,Suitable for any job
30.0,30.0,33.0,29.0,30.0,Suitable for any job
33.0,29.0,27.0,31.0,42.0,Education & Social Work
31.0,32.0,26.0,31.0,32.0,Education & Social Work
30.0,33.0,35.0,33.0,24.0,"Sales, Marketing & Management"
31.0,36.0,29.0,30.0,32.0,Education & Social Work
28.0,29.0,30.0,37.0,36.0,Suitable for any job
37.0,34.0,32.0,34.0,26.0,"Sales, Marketing & Management"
36.0,37.0,27.0,32.0,42.0,Education & Social Work
34.0,30.0,33.0,35.0,36.0,"Sales, Marketing & Management"
28.0,32.0,22.0,29.0,37.0,Suitable for any job
32.0,36.0,34.0,37.0,24.0,"Sales, Marketing & Management"
38.0,34.0,29.0,32.0,28.0,Education & Social Work
32.0,31.0,31.0,34.0,41.0,"Sales, Marketing & Management"
37.0,32.0,32.0,34.0,38.0,"Sales, Marketing & Management"
26.0,33.0,29.0,29.0,27.0,Suitable for any job
34.0,34.0,34.0,32.0,16.0,Healthcare & Support
31.0,31.0,34.0,36.0,40.0,"Sales, Marketing & Management"
26.0,26.0,32.0,31.0,38.0,Suitable for any job
36.0,30.0,27.0,25.0,22.0,Suitable for any job
30.0,29.0,34.0,36.0,28.0,Education & Social Work
31.0,30.0,43.0,36.0,39.0,"Sales, Marketing & Management"
30.0,26.0,29.0,31.0,28.0,Education & Social Work
33.0,38.0,36.0,35.0,34.0,"Sales, Marketing & Management"
34.0,34.0,31.0,31.0,27.0,"Sales, Marketing & Management"
28.0,34.0,30.0,22.0,42.0,Suitable for any job
37.0,35.0,30.0,29.0,42.0,Suitable for any job
33.0,33.0,35.0,39.0,31.0,"Sales, Marketing & Management"
28.0,33.0,28.0,27.0,31.0,Suitable for any job
33.0,32.0,40.0,36.0,36.0,"Sales, Marketing & Management"
27.0,29.0,29.0,34.0,45.0,Suitable for any job
33.0,35.0,41.0,35.0,38.0,"Sales, Marketing & Management"
35.0,34.0,28.0,28.0,28.0,Suitable for any job
36.0,30.0,30.0,34.0,30.0,"Sales, Marketing & Management"
0.0,0.0,0.0,0.0,0.0,Suitable for any job
30.0,31.0,26.0,28.0,27.0,Suitable for any job
26.0,36.0,32.0,30.0,29.0,"Sales, Marketing & Management"
32.0,28.0,34.0,26.0,26.0,Suitable for any job
33.0,35.0,28.0,28.0,28.0,Suitable for any job
31.0,31.0,31.0,32.0,32.0,"Sales, Marketing & Management"
44.0,36.0,29.0,37.0,35.0,Education & Social Work
38.0,33.0,30.0,34.0,28.0,"Sales, Marketing & Management"
36.0,26.0,28.0,34.0,31.0,Education & Social Work
32.0,25.0,38.0,33.0,29.0,Education & Social Work
31.0,37.0,27.0,32.0,32.0,Education & Social Work
36.0,31.0,31.0,32.0,38.0,"Sales, Marketing & Management"
39.0,36.0,26.0,33.0,22.0,Education & Social Work
34.0,23.0,28.0,28.0,24.0,Suitable for any job
30.0,28.0,26.0,30.0,34.0,Education & Social Work
31.0,31.0,27.0,33.0,31.0,Education & Social Work
27.0,28.0,27.0,26.0,37.0,Suitable for any job
35.0,27.0,31.0,25.0,28.0,Suitable for any job
33.0,25.0,32.0,33.0,35.0,Education & Social Work
31.0,33.0,37.0,30.0,35.0,"Sales, Marketing & Management"
33.0,32.0,30.0,27.0,29.0,Suitable for any job
37.0,31.0,29.0,27.0,30.0,Suitable for any job
0.0,0.0,0.0,0.0,0.0,Suitable for any job
34.0,30.0,34.0,34.0,27.0,"Sales, Marketing & Management"
32.0,37.0,33.0,30.0,34.0,"Sales, Marketing & Management"
33.0,28.0,30.0,29.0,21.0,Suitable for any job
32.0,34.0,36.0,28.0,35.0,Suitable for any job
33.0,35.0,31.0,34.0,34.0,"Sales, Marketing & Management"
35.0,30.0,39.0,33.0,23.0,"Sales, Marketing & Management"
34.0,30.0,27.0,30.0,22.0,Education & Social Work
31.0,32.0,37.0,34.0,26.0,"Sales, Marketing & Management"
28.0,27.0,36.0,31.0,19.0,Suitable for any job
36.0,33.0,28.0,28.0,37.0,Suitable for any job
31.0,33.0,28.0,28.0,33.0,Suitable for any job
33.0,34.0,30.0,29.0,35.0,Suitable for any job
39.0,28.0,28.0,32.0,23.0,Education & Social Work
31.0,29.0,30.0,30.0,36.0,Education & Social Work
26.0,31.0,30.0,34.0,30.0,"Sales, Marketing & Management"
29.0,28.0,27.0,22.0,23.0,Suitable for any job
37.0,31.0,32.0,30.0,31.0,"Sales, Marketing & Management"
30.0,32.0,28.0,38.0,32.0,Education & Social Work
27.0,30.0,27.0,30.0,26.0,Suitable for any job
38.0,26.0,32.0,27.0,18.0,Suitable for any job
37.0,31.0,30.0,33.0,30.0,"Sales, Marketing & Management"
36.0,33.0,30.0,33.0,37.0,"Sales, Marketing & Management"
36.0,35.0,27.0,34.0,27.0,Education & Social Work
29.0,30.0,30.0,30.0,32.0,"Sales, Marketing & Management"
29.0,35.0,30.0,26.0,20.0,High-Pressure & Leadership Roles
32.0,32.0,29.0,36.0,30.0,Education & Social Work
30.0,37.0,28.0,33.0,36.0,Education & Social Work
33.0,34.0,30.0,33.0,22.0,"Sales, Marketing & Management"
29.0,33.0,27.0,34.0,31.0,Suitable for any job
32.0,36.0,35.0,32.0,42.0,"Sales, Marketing & Management"
31.0,33.0,34.0,32.0,24.0,"Sales, Marketing & Management"
31.0,30.0,32.0,32.0,33.0,"Sales, Marketing & Management"
31.0,32.0,26.0,29.0,23.0,Suitable for any job
31.0,30.0,38.0,34.0,24.0,"Sales, Marketing & Management"
31.0,29.0,26.0,25.0,32.0,Suitable for any job
32.0,33.0,31.0,31.0,35.0,"Sales, Marketing & Management"
37.0,28.0,26.0,33.0,22.0,Education & Social Work
37.0,40.0,24.0,26.0,41.0,Suitable for any job
36.0,27.0,28.0,33.0,30.0,Education & Social Work
33.0,33.0,26.0,27.0,31.0,Suitable for any job
35.0,27.0,28.0,35.0,21.0,Education & Social Work
34.0,27.0,32.0,34.0,31.0,Education & Social Work
34.0,33.0,33.0,32.0,25.0,"Sales, Marketing & Management"
35.0,31.0,25.0,31.0,37.0,Education & Social Work
34.0,35.0,25.0,34.0,45.0,Education & Social Work
35.0,29.0,33.0,33.0,31.0,Education & Social Work
37.0,33.0,32.0,25.0,20.0,High-Pressure & Leadership Roles
33.0,29.0,25.0,29.0,27.0,Suitable for any job
31.0,28.0,33.0,34.0,23.0,Education & Social Work
35.0,35.0,29.0,31.0,33.0,Education & Social Work
30.0,37.0,33.0,34.0,24.0,"Sales, Marketing & Management"
22.0,25.0,20.0,31.0,30.0,Suitable for any job
27.0,34.0,27.0,34.0,27.0,Suitable for any job
33.0,36.0,27.0,29.0,31.0,Suitable for any job
36.0,33.0,30.0,30.0,32.0,"Sales, Marketing & Management"
34.0,33.0,27.0,29.0,33.0,Suitable for any job
27.0,38.0,30.0,21.0,20.0,High-Pressure & Leadership Roles
40.0,41.0,30.0,35.0,37.0,"Sales, Marketing & Management"
33.0,32.0,31.0,33.0,28.0,"Sales, Marketing & Management"
30.0,29.0,33.0,28.0,35.0,Suitable for any job
31.0,29.0,28.0,26.0,21.0,Suitable for any job
30.0,29.0,32.0,27.0,30.0,Suitable for any job
32.0,30.0,32.0,34.0,22.0,"Sales, Marketing & Management"
27.0,32.0,26.0,31.0,34.0,Suitable for any job
37.0,33.0,30.0,32.0,29.0,"Sales, Marketing & Management"
33.0,32.0,28.0,30.0,27.0,Education & Social Work
32.0,35.0,32.0,32.0,24.0,"Sales, Marketing & Management"
38.0,34.0,30.0,34.0,18.0,Healthcare & Support
31.0,30.0,27.0,28.0,30.0,Suitable for any job
35.0,33.0,34.0,30.0,20.0,Healthcare & Support
34.0,35.0,35.0,37.0,21.0,"Sales, Marketing & Management"
30.0,32.0,27.0,26.0,33.0,Suitable for any job
37.0,30.0,33.0,34.0,20.0,Healthcare & Support
31.0,35.0,30.0,32.0,31.0,"Sales, Marketing & Management"
32.0,32.0,31.0,29.0,27.0,Suitable for any job
38.0,41.0,28.0,38.0,39.0,Education & Social Work
27.0,30.0,32.0,32.0,32.0,"Sales, Marketing & Management"
31.0,33.0,28.0,28.0,32.0,Suitable for any job
35.0,34.0,28.0,32.0,28.0,Education & Social Work
30.0,23.0,37.0,29.0,32.0,Suitable for any job
33.0,35.0,27.0,36.0,38.0,Education & Social Work
38.0,24.0,30.0,30.0,29.0,Education & Social Work
33.0,29.0,28.0,29.0,35.0,Suitable for any job
32.0,36.0,31.0,31.0,41.0,"Sales, Marketing & Management"
32.0,34.0,34.0,32.0,39.0,"Sales, Marketing & Management"
33.0,31.0,28.0,32.0,33.0,Education & Social Work
22.0,28.0,29.0,36.0,27.0,Suitable for any job
29.0,30.0,31.0,32.0,22.0,"Sales, Marketing & Management"
32.0,28.0,26.0,35.0,35.0,Education & Social Work
28.0,30.0,23.0,36.0,46.0,Suitable for any job
33.0,24.0,42.0,30.0,22.0,Education & Social Work
33.0,28.0,32.0,31.0,33.0,Education & Social Work
32.0,30.0,31.0,36.0,39.0,"Sales, Marketing & Management"
38.0,33.0,28.0,37.0,26.0,Education & Social Work
38.0,32.0,28.0,29.0,32.0,Suitable for any job
39.0,32.0,25.0,30.0,27.0,Education & Social Work
39.0,34.0,29.0,30.0,38.0,Education & Social Work
31.0,30.0,28.0,30.0,31.0,Education & Social Work
29.0,41.0,28.0,33.0,43.0,Suitable for any job
27.0,31.0,28.0,33.0,28.0,Suitable for any job
25.0,30.0,29.0,24.0,27.0,Suitable for any job
42.0,33.0,31.0,34.0,23.0,"Sales, Marketing & Management"
37.0,30.0,30.0,26.0,35.0,Suitable for any job
28.0,29.0,33.0,30.0,34.0,Suitable for any job
37.0,35.0,32.0,35.0,30.0,"Sales, Marketing & Management"
35.0,36.0,30.0,32.0,36.0,"Sales, Marketing & Management"
32.0,38.0,33.0,22.0,31.0,Suitable for any job
35.0,31.0,32.0,35.0,30.0,"Sales, Marketing & Management"
37.0,32.0,36.0,34.0,42.0,"Sales, Marketing & Management"
36.0,28.0,21.0,32.0,25.0,Education & Social Work
30.0,28.0,28.0,37.0,31.0,Education & Social Work
35.0,26.0,30.0,33.0,31.0,Education & Social Work
29.0,30.0,30.0,32.0,23.0,"Sales, Marketing & Management"
29.0,36.0,32.0,33.0,22.0,"Sales, Marketing & Management"
36.0,35.0,34.0,36.0,46.0,"Sales, Marketing & Management"
27.0,30.0,30.0,31.0,39.0,"Sales, Marketing & Management"
31.0,24.0,34.0,29.0,25.0,Suitable for any job
40.0,29.0,29.0,31.0,29.0,Education & Social Work
36.0,30.0,32.0,33.0,31.0,"Sales, Marketing & Management"
37.0,35.0,29.0,38.0,36.0,Education & Social Work
34.0,33.0,29.0,38.0,32.0,Education & Social Work
31.0,32.0,33.0,33.0,31.0,"Sales, Marketing & Management"
39.0,30.0,33.0,28.0,35.0,Suitable for any job
31.0,32.0,31.0,31.0,32.0,"Sales, Marketing & Management"
34.0,32.0,34.0,35.0,27.0,"Sales, Marketing & Management"
34.0,32.0,26.0,30.0,36.0,Education & Social Work
35.0,40.0,36.0,35.0,33.0,"Sales, Marketing & Management"
32.0,26.0,29.0,28.0,21.0,Suitable for any job
33.0,37.0,30.0,31.0,26.0,"Sales, Marketing & Management"
37.0,38.0,29.0,35.0,29.0,Education & Social Work
28.0,26.0,30.0,36.0,26.0,Suitable for any job
33.0,28.0,33.0,30.0,22.0,Education & Social Work
31.0,30.0,22.0,29.0,28.0,Suitable for any job
35.0,33.0,27.0,33.0,31.0,Education & Social Work
37.0,26.0,31.0,36.0,26.0,Education & Social Work
38.0,33.0,33.0,33.0,19.0,Healthcare & Support
39.0,34.0,29.0,34.0,34.0,Education & Social Work
35.0,32.0,30.0,30.0,24.0,"Sales, Marketing & Management"
32.0,34.0,22.0,33.0,42.0,Education & Social Work
32.0,28.0,33.0,31.0,32.0,Education & Social Work
37.0,32.0,26.0,31.0,37.0,Education & Social Work
34.0,35.0,35.0,27.0,27.0,Suitable for any job
30.0,23.0,29.0,33.0,20.0,Education & Social Work
33.0,35.0,23.0,33.0,30.0,Education & Social Work
33.0,28.0,30.0,29.0,32.0,Suitable for any job
25.0,34.0,32.0,34.0,31.0,"Sales, Marketing & Management"
27.0,31.0,30.0,34.0,16.0,Healthcare & Support
34.0,37.0,34.0,34.0,34.0,"Sales, Marketing & Management"
40.0,34.0,36.0,26.0,33.0,Suitable for any job
32.0,35.0,29.0,33.0,28.0,Education & Social Work
33.0,30.0,28.0,23.0,22.0,Suitable for any job
34.0,35.0,35.0,33.0,39.0,"Sales, Marketing & Management"
39.0,26.0,34.0,26.0,26.0,Suitable for any job
33.0,34.0,28.0,30.0,25.0,Education & Social Work
33.0,33.0,29.0,30.0,31.0,Education & Social Work
34.0,32.0,33.0,33.0,38.0,"Sales, Marketing & Management"
32.0,29.0,27.0,28.0,36.0,Suitable for any job
25.0,31.0,32.0,35.0,37.0,"Sales, Marketing & Management"
33.0,33.0,30.0,33.0,26.0,"Sales, Marketing & Management"
38.0,34.0,30.0,34.0,18.0,Healthcare & Support
40.0,35.0,28.0,33.0,20.0,Healthcare & Support
36.0,32.0,32.0,26.0,32.0,Suitable for any job
34.0,34.0,30.0,32.0,34.0,"Sales, Marketing & Management"
36.0,36.0,33.0,33.0,31.0,"Sales, Marketing & Management"
34.0,33.0,29.0,32.0,27.0,Education & Social Work
30.0,26.0,29.0,26.0,24.0,Suitable for any job
34.0,34.0,34.0,30.0,22.0,"Sales, Marketing & Management"
31.0,30.0,31.0,29.0,36.0,Suitable for any job
36.0,33.0,29.0,30.0,26.0,Education & Social Work
38.0,31.0,28.0,36.0,35.0,Education & Social Work
31.0,37.0,32.0,28.0,17.0,High-Pressure & Leadership Roles
33.0,29.0,28.0,32.0,32.0,Education & Social Work
39.0,35.0,38.0,34.0,40.0,"Sales, Marketing & Management"
31.0,33.0,32.0,33.0,22.0,"Sales, Marketing & Management"
33.0,35.0,31.0,28.0,26.0,Suitable for any job
33.0,33.0,33.0,30.0,28.0,"Sales, Marketing & Management"
35.0,28.0,24.0,32.0,37.0,Education & Social Work
29.0,30.0,27.0,31.0,36.0,Suitable for any job
33.0,25.0,28.0,29.0,35.0,Suitable for any job
38.0,34.0,30.0,27.0,33.0,Suitable for any job
33.0,32.0,34.0,33.0,36.0,"Sales, Marketing & Management"
27.0,31.0,32.0,32.0,20.0,Healthcare & Support
37.0,28.0,30.0,31.0,37.0,Education & Social Work
29.0,33.0,32.0,33.0,25.0,"Sales, Marketing & Management"
36.0,35.0,24.0,37.0,36.0,Education & Social Work
29.0,25.0,31.0,33.0,32.0,Suitable for any job
35.0,37.0,36.0,28.0,29.0,Suitable for any job
33.0,30.0,23.0,27.0,32.0,Suitable for any job
31.0,31.0,30.0,32.0,38.0,"Sales, Marketing & Management"
33.0,26.0,27.0,29.0,33.0,Suitable for any job
26.0,31.0,33.0,34.0,24.0,"Sales, Marketing & Management"
24.0,24.0,24.0,34.0,44.0,Suitable for any job
32.0,28.0,23.0,31.0,18.0,Education & Social Work
34.0,31.0,26.0,38.0,38.0,Education & Social Work
36.0,29.0,30.0,35.0,28.0,Education & Social Work
28.0,34.0,37.0,30.0,34.0,"Sales, Marketing & Management"
36.0,33.0,32.0,23.0,42.0,Suitable for any job
32.0,32.0,31.0,32.0,23.0,"Sales, Marketing & Management"
37.0,35.0,31.0,36.0,26.0,"Sales, Marketing & Management"
36.0,28.0,33.0,32.0,40.0,Education & Social Work
29.0,32.0,32.0,36.0,30.0,"Sales, Marketing & Management"
36.0,29.0,31.0,31.0,28.0,Education & Social Work
32.0,29.0,30.0,27.0,39.0,Suitable for any job
32.0,24.0,29.0,31.0,29.0,Education & Social Work
38.0,23.0,29.0,36.0,26.0,Education & Social Work
32.0,27.0,32.0,32.0,30.0,Education & Social Work
20.0,20.0,20.0,20.0,20.0,Routine & Practical Jobs
34.0,27.0,28.0,31.0,21.0,Education & Social Work
32.0,27.0,26.0,23.0,38.0,Suitable for any job
34.0,27.0,31.0,40.0,32.0,Education & Social Work
32.0,33.0,34.0,32.0,26.0,"Sales, Marketing & Management"
31.0,30.0,31.0,34.0,35.0,"Sales, Marketing & Management"
38.0,28.0,28.0,35.0,36.0,Education & Social Work
30.0,36.0,32.0,28.0,34.0,Suitable for any job
35.0,40.0,39.0,35.0,28.0,"Sales, Marketing & Management"
34.0,34.0,30.0,31.0,38.0,"Sales, Marketing & Management"
29.0,37.0,31.0,32.0,32.0,"Sales, Marketing & Management"
31.0,32.0,29.0,29.0,26.0,Suitable for any job
26.0,26.0,32.0,26.0,35.0,Suitable for any job
36.0,29.0,37.0,35.0,28.0,Education & Social Work
31.0,32.0,31.0,35.0,24.0,"Sales, Marketing & Management"
31.0,29.0,26.0,32.0,43.0,Education & Social Work
30.0,36.0,36.0,31.0,26.0,"Sales, Marketing & Management"
26.0,27.0,31.0,28.0,23.0,Suitable for any job
33.0,36.0,26.0,26.0,31.0,Suitable for any job
32.0,32.0,32.0,36.0,32.0,"Sales, Marketing & Management"
29.0,25.0,31.0,30.0,30.0,Suitable for any job
37.0,25.0,32.0,32.0,21.0,Education & Social Work
35.0,29.0,31.0,37.0,28.0,Education & Social Work
30.0,31.0,33.0,28.0,33.0,Suitable for any job
41.0,31.0,32.0,39.0,41.0,"Sales, Marketing & Management"
37.0,29.0,31.0,26.0,29.0,Suitable for any job
35.0,34.0,32.0,32.0,28.0,"Sales, Marketing & Management"
24.0,28.0,29.0,33.0,24.0,Suitable for any job
32.0,28.0,29.0,30.0,29.0,Education & Social Work
42.0,29.0,32.0,38.0,19.0,Education & Social Work
38.0,35.0,30.0,26.0,38.0,Suitable for any job
28.0,36.0,33.0,40.0,37.0,"Sales, Marketing & Management"
37.0,35.0,40.0,38.0,26.0,"Sales, Marketing & Management"
36.0,25.0,30.0,29.0,42.0,Suitable for any job
34.0,30.0,32.0,30.0,20.0,Healthcare & Support
28.0,38.0,30.0,31.0,36.0,"Sales, Marketing & Management"
31.0,28.0,30.0,28.0,37.0,Suitable for any job
33.0,33.0,30.0,29.0,32.0,Suitable for any job
38.0,33.0,29.0,26.0,21.0,Suitable for any job
32.0,28.0,29.0,31.0,32.0,Education & Social Work
31.0,28.0,29.0,30.0,29.0,Education & Social Work
35.0,30.0,22.0,33.0,28.0,Education & Social Work
32.0,30.0,35.0,30.0,27.0,"Sales, Marketing & Management"
28.0,32.0,34.0,32.0,39.0,"Sales, Marketing & Management"
38.0,34.0,23.0,26.0,38.0,Suitable for any job
28.0,28.0,29.0,32.0,35.0,Suitable for any job
31.0,31.0,25.0,24.0,27.0,Suitable for any job
34.0,25.0,26.0,29.0,37.0,Suitable for any job
31.0,30.0,35.0,22.0,32.0,Suitable for any job
32.0,28.0,36.0,31.0,31.0,Education & Social Work
31.0,27.0,29.0,25.0,40.0,Suitable for any job
33.0,33.0,26.0,26.0,43.0,Suitable for any job
38.0,30.0,33.0,32.0,19.0,Healthcare & Support
30.0,21.0,32.0,35.0,39.0,Education & Social Work
38.0,26.0,40.0,33.0,23.0,Education & Social Work
31.0,25.0,28.0,30.0,24.0,Education & Social Work
28.0,24.0,38.0,36.0,18.0,Suitable for any job
25.0,26.0,31.0,29.0,24.0,Suitable for any job
23.0,30.0,32.0,30.0,26.0,"Sales, Marketing & Management"
37.0,33.0,29.0,32.0,39.0,Education & Social Work
36.0,28.0,31.0,34.0,26.0,Education & Social Work
31.0,30.0,33.0,37.0,23.0,"Sales, Marketing & Management"
36.0,33.0,28.0,36.0,31.0,Education & Social Work
30.0,27.0,30.0,31.0,27.0,Education & Social Work
36.0,26.0,30.0,33.0,32.0,Education & Social Work
32.0,27.0,32.0,32.0,26.0,Education & Social Work
39.0,36.0,26.0,35.0,27.0,Education & Social Work
34.0,33.0,32.0,31.0,30.0,"Sales, Marketing & Management"
34.0,30.0,30.0,28.0,27.0,Suitable for any job
31.0,31.0,25.0,34.0,27.0,Education & Social Work
35.0,36.0,29.0,35.0,29.0,Education & Social Work
16.0,17.0,19.0,17.0,13.0,Suitable for any job
30.0,31.0,32.0,35.0,37.0,"Sales, Marketing & Management"
38.0,36.0,31.0,27.0,21.0,Suitable for any job
37.0,34.0,37.0,37.0,38.0,"Sales, Marketing & Management"
28.0,32.0,32.0,31.0,30.0,"Sales, Marketing & Management"
32.0,28.0,30.0,35.0,28.0,Education & Social Work
31.0,31.0,28.0,28.0,29.0,Suitable for any job
34.0,32.0,28.0,30.0,31.0,Education & Social Work
41.0,30.0,34.0,34.0,34.0,"Sales, Marketing & Management"
31.0,36.0,24.0,22.0,26.0,Suitable for any job
36.0,35.0,34.0,36.0,34.0,"Sales, Marketing & Management"
36.0,34.0,29.0,30.0,33.0,Education & Social Work
36.0,35.0,35.0,37.0,36.0,"Sales, Marketing & Management"
26.0,29.0,29.0,35.0,32.0,Suitable for any job
31.0,29.0,32.0,35.0,47.0,Education & Social Work
28.0,29.0,30.0,33.0,28.0,Suitable for any job
40.0,42.0,34.0,34.0,29.0,"Sales, Marketing & Management"
36.0,39.0,24.0,28.0,42.0,Suitable for any job
38.0,36.0,26.0,34.0,42.0,Education & Social Work
30.0,28.0,32.0,34.0,32.0,Education & Social Work
30.0,30.0,31.0,30.0,31.0,"Sales, Marketing & Management"
27.0,31.0,28.0,28.0,27.0,Suitable for any job
29.0,27.0,34.0,30.0,35.0,Suitable for any job
36.0,35.0,30.0,31.0,31.0,"Sales, Marketing & Management"
31.0,28.0,27.0,32.0,24.0,Education & Social Work
32.0,32.0,29.0,33.0,27.0,Education & Social Work
33.0,30.0,25.0,20.0,29.0,Suitable for any job
33.0,28.0,35.0,31.0,22.0,Education & Social Work
33.0,34.0,32.0,29.0,20.0,High-Pressure & Leadership Roles
31.0,33.0,29.0,38.0,33.0,Education & Social Work
28.0,38.0,31.0,33.0,33.0,"Sales, Marketing & Management"
35.0,28.0,29.0,34.0,37.0,Education & Social Work
34.0,34.0,30.0,28.0,29.0,Suitable for any job
26.0,32.0,30.0,31.0,29.0,"Sales, Marketing & Management"
29.0,31.0,18.0,32.0,23.0,Solitary & Technical Jobs
33.0,33.0,32.0,30.0,28.0,"Sales, Marketing & Management"
34.0,32.0,32.0,36.0,27.0,"Sales, Marketing & Management"
32.0,28.0,30.0,30.0,29.0,Education & Social Work
37.0,35.0,32.0,34.0,37.0,"Sales, Marketing & Management"
34.0,31.0,29.0,31.0,37.0,Education & Social Work
34.0,30.0,25.0,30.0,38.0,Education & Social Work
31.0,32.0,32.0,39.0,20.0,Healthcare & Support
6.0,6.0,8.0,8.0,4.0,Suitable for any job
32.0,29.0,29.0,30.0,26.0,Education & Social Work
35.0,30.0,24.0,27.0,23.0,Suitable for any job
27.0,34.0,29.0,32.0,32.0,Suitable for any job
31.0,33.0,31.0,31.0,28.0,"Sales, Marketing & Management"
36.0,35.0,24.0,30.0,46.0,Education & Social Work
35.0,28.0,35.0,28.0,30.0,Suitable for any job
35.0,36.0,34.0,34.0,28.0,"Sales, Marketing & Management"
32.0,25.0,33.0,30.0,27.0,Education & Social Work
35.0,32.0,35.0,30.0,34.0,"Sales, Marketing & Management"
26.0,31.0,31.0,33.0,26.0,"Sales, Marketing & Management"
31.0,35.0,28.0,30.0,37.0,Education & Social Work
35.0,31.0,30.0,32.0,33.0,"Sales, Marketing & Management"
36.0,30.0,33.0,31.0,31.0,"Sales, Marketing & Management"
32.0,30.0,38.0,32.0,25.0,"Sales, Marketing & Management"
37.0,32.0,36.0,31.0,27.0,"Sales, Marketing & Management"
31.0,33.0,29.0,30.0,37.0,Education & Social Work
37.0,28.0,30.0,37.0,27.0,Education & Social Work
33.0,35.0,27.0,30.0,34.0,Education & Social Work
31.0,31.0,35.0,37.0,28.0,"Sales, Marketing & Management"
35.0,32.0,32.0,34.0,28.0,"Sales, Marketing & Management"
28.0,28.0,32.0,31.0,34.0,Suitable for any job
33.0,35.0,28.0,34.0,43.0,Education & Social Work
38.0,31.0,35.0,38.0,31.0,"Sales, Marketing & Management"
28.0,26.0,29.0,28.0,33.0,Suitable for any job
32.0,31.0,31.0,36.0,30.0,"Sales, Marketing & Management"
36.0,25.0,28.0,21.0,23.0,Suitable for any job
30.0,24.0,33.0,32.0,23.0,Education & Social Work
26.0,35.0,27.0,32.0,32.0,Suitable for any job
27.0,28.0,28.0,29.0,29.0,Suitable for any job
2.0,2.0,2.0,2.0,2.0,Suitable for any job
38.0,41.0,33.0,36.0,28.0,"Sales, Marketing & Management"
30.0,33.0,33.0,33.0,33.0,"Sales, Marketing & Management"
32.0,31.0,29.0,24.0,27.0,Suitable for any job
34.0,33.0,36.0,35.0,30.0,"Sales, Marketing & Management"
33.0,29.0,28.0,34.0,37.0,Education & Social Work
35.0,34.0,34.0,35.0,34.0,"Sales, Marketing & Management"
31.0,27.0,25.0,32.0,42.0,Education & Social Work
32.0,32.0,32.0,34.0,29.0,"Sales, Marketing & Management"
32.0,26.0,29.0,31.0,31.0,Education & Social Work
37.0,34.0,30.0,29.0,32.0,Suitable for any job
34.0,36.0,31.0,31.0,31.0,"Sales, Marketing & Management"
36.0,31.0,30.0,31.0,39.0,"Sales, Marketing & Management"
36.0,29.0,25.0,29.0,26.0,Suitable for any job
31.0,30.0,31.0,34.0,21.0,"Sales, Marketing & Management"
32.0,35.0,24.0,38.0,31.0,Education & Social Work
32.0,30.0,29.0,34.0,47.0,Education & Social Work
40.0,33.0,34.0,30.0,38.0,"Sales, Marketing & Management"
37.0,34.0,27.0,29.0,32.0,Suitable for any job
30.0,32.0,28.0,32.0,33.0,Education & Social Work
27.0,29.0,32.0,25.0,32.0,Suitable for any job
28.0,28.0,32.0,32.0,23.0,Suitable for any job
30.0,31.0,30.0,31.0,38.0,"Sales, Marketing & Management"
34.0,28.0,30.0,32.0,32.0,Education & Social Work
38.0,38.0,30.0,27.0,23.0,Suitable for any job
30.0,34.0,28.0,40.0,29.0,Education & Social Work
29.0,29.0,31.0,32.0,37.0,Suitable for any job
34.0,29.0,33.0,33.0,24.0,Education & Social Work
31.0,31.0,30.0,28.0,19.0,High-Pressure & Leadership Roles
36.0,33.0,31.0,30.0,28.0,"Sales, Marketing & Management"
31.0,31.0,31.0,34.0,33.0,"Sales, Marketing & Management"
31.0,32.0,29.0,32.0,23.0,Education & Social Work
31.0,29.0,29.0,30.0,36.0,Education & Social Work
31.0,30.0,27.0,32.0,28.0,Education & Social Work
29.0,34.0,30.0,27.0,29.0,Suitable for any job
33.0,29.0,26.0,25.0,31.0,Suitable for any job
34.0,31.0,32.0,36.0,30.0,"Sales, Marketing & Management"
27.0,28.0,38.0,30.0,33.0,Suitable for any job
29.0,34.0,29.0,30.0,28.0,Suitable for any job
32.0,30.0,31.0,34.0,29.0,"Sales, Marketing & Management"
34.0,33.0,29.0,31.0,27.0,Education & Social Work
35.0,31.0,32.0,34.0,21.0,"Sales, Marketing & Management"
31.0,32.0,30.0,32.0,34.0,"Sales, Marketing & Management"
35.0,38.0,35.0,37.0,34.0,"Sales, Marketing & Management"
39.0,27.0,29.0,34.0,37.0,Education & Social Work
38.0,33.0,29.0,29.0,42.0,Suitable for any job
31.0,34.0,27.0,32.0,40.0,Education & Social Work
29.0,37.0,28.0,31.0,35.0,Suitable for any job
34.0,29.0,26.0,31.0,38.0,Education & Social Work
40.0,34.0,28.0,33.0,36.0,Education & Social Work
32.0,34.0,31.0,28.0,22.0,Suitable for any job
42.0,26.0,33.0,31.0,31.0,Education & Social Work
27.0,27.0,32.0,36.0,31.0,Suitable for any job
34.0,34.0,28.0,39.0,40.0,Education & Social Work
33.0,26.0,31.0,34.0,41.0,Education & Social Work
30.0,31.0,31.0,34.0,35.0,"Sales, Marketing & Management"
33.0,33.0,35.0,38.0,42.0,"Sales, Marketing & Management"
33.0,26.0,34.0,34.0,22.0,Education & Social Work
35.0,39.0,34.0,29.0,40.0,Suitable for any job
31.0,25.0,31.0,34.0,34.0,Education & Social Work
33.0,32.0,27.0,34.0,17.0,Healthcare & Support
40.0,29.0,29.0,34.0,34.0,Education & Social Work
36.0,34.0,30.0,33.0,25.0,"Sales, Marketing & Management"
37.0,29.0,28.0,34.0,45.0,Education & Social Work
35.0,34.0,32.0,28.0,21.0,Suitable for any job
36.0,40.0,31.0,29.0,28.0,Suitable for any job
32.0,32.0,35.0,28.0,19.0,High-Pressure & Leadership Roles
36.0,34.0,29.0,33.0,37.0,Education & Social Work
34.0,30.0,28.0,33.0,27.0,Education & Social Work
28.0,29.0,26.0,30.0,29.0,Suitable for any job
29.0,30.0,27.0,28.0,26.0,Suitable for any job
32.0,24.0,27.0,26.0,22.0,Suitable for any job
25.0,27.0,36.0,29.0,30.0,Suitable for any job
30.0,29.0,33.0,33.0,36.0,Education & Social Work
30.0,29.0,30.0,34.0,20.0,Education & Social Work
42.0,34.0,42.0,34.0,30.0,"Sales, Marketing & Management"
36.0,35.0,37.0,32.0,36.0,"Sales, Marketing & Management"
32.0,32.0,31.0,27.0,23.0,Suitable for any job
39.0,38.0,37.0,32.0,46.0,"Sales, Marketing & Management"
37.0,29.0,29.0,26.0,27.0,Suitable for any job
31.0,32.0,31.0,29.0,33.0,Suitable for any job
32.0,31.0,29.0,24.0,19.0,Suitable for any job
33.0,34.0,35.0,39.0,33.0,"Sales, Marketing & Management"
34.0,35.0,27.0,36.0,33.0,Education & Social Work
35.0,29.0,31.0,33.0,38.0,Education & Social Work
28.0,32.0,27.0,25.0,25.0,Suitable for any job
26.0,27.0,34.0,31.0,31.0,Suitable for any job
34.0,34.0,28.0,29.0,29.0,Suitable for any job
37.0,38.0,30.0,37.0,33.0,"Sales, Marketing & Management"
38.0,34.0,27.0,31.0,30.0,Education & Social Work
30.0,37.0,29.0,31.0,34.0,Education & Social Work
37.0,33.0,31.0,34.0,43.0,"Sales, Marketing & Management"
28.0,26.0,27.0,39.0,38.0,Suitable for any job
34.0,36.0,30.0,29.0,31.0,Suitable for any job
32.0,34.0,32.0,32.0,42.0,"Sales, Marketing & Management"
34.0,29.0,31.0,28.0,29.0,Suitable for any job
28.0,28.0,30.0,34.0,38.0,Suitable for any job
30.0,31.0,28.0,18.0,32.0,Suitable for any job
36.0,30.0,30.0,34.0,40.0,"Sales, Marketing & Management"
37.0,30.0,30.0,33.0,25.0,"Sales, Marketing & Management"
38.0,37.0,29.0,31.0,32.0,Education & Social Work
38.0,33.0,34.0,33.0,46.0,"Sales, Marketing & Management"
32.0,30.0,32.0,38.0,20.0,Healthcare & Support
33.0,31.0,30.0,31.0,29.0,"Sales, Marketing & Management"
37.0,32.0,30.0,34.0,40.0,"Sales, Marketing & Management"
20.0,32.0,28.0,32.0,29.0,Corporate & Admin
27.0,32.0,32.0,32.0,23.0,"Sales, Marketing & Management"
32.0,32.0,30.0,33.0,27.0,"Sales, Marketing & Management"
31.0,25.0,31.0,30.0,25.0,Education & Social Work
36.0,31.0,30.0,33.0,32.0,"Sales, Marketing & Management"
36.0,31.0,29.0,31.0,37.0,Education & Social Work
37.0,34.0,25.0,35.0,33.0,Education & Social Work
36.0,34.0,27.0,35.0,30.0,Education & Social Work
32.0,33.0,37.0,36.0,33.0,"Sales, Marketing & Management"
29.0,33.0,30.0,29.0,42.0,Suitable for any job
31.0,32.0,31.0,29.0,22.0,Suitable for any job
32.0,32.0,30.0,29.0,19.0,High-Pressure & Leadership Roles
34.0,26.0,30.0,34.0,27.0,Education & Social Work
34.0,32.0,31.0,34.0,22.0,"Sales, Marketing & Management"
34.0,26.0,34.0,38.0,36.0,Education & Social Work
34.0,30.0,37.0,33.0,33.0,"Sales, Marketing & Management"
39.0,30.0,29.0,29.0,37.0,Suitable for any job
38.0,36.0,30.0,18.0,18.0,Competitive & Assertive Jobs
35.0,34.0,28.0,33.0,38.0,Education & Social Work
37.0,33.0,33.0,32.0,29.0,"Sales, Marketing & Management"
31.0,32.0,32.0,32.0,42.0,"Sales, Marketing & Management"
33.0,29.0,29.0,32.0,22.0,Education & Social Work
30.0,32.0,30.0,29.0,31.0,Suitable for any job
35.0,29.0,28.0,31.0,29.0,Education & Social Work
42.0,28.0,28.0,35.0,17.0,Education & Social Work
37.0,34.0,34.0,32.0,26.0,"Sales, Marketing & Management"
27.0,33.0,28.0,28.0,42.0,Suitable for any job
28.0,35.0,35.0,32.0,30.0,"Sales, Marketing & Management"
34.0,29.0,31.0,28.0,16.0,Suitable for any job
35.0,34.0,30.0,39.0,44.0,"Sales, Marketing & Management"
36.0,25.0,33.0,35.0,32.0,Education & Social Work
35.0,34.0,39.0,31.0,29.0,"Sales, Marketing & Management"
38.0,40.0,29.0,33.0,22.0,Education & Social Work
30.0,30.0,34.0,32.0,30.0,"Sales, Marketing & Management"
32.0,32.0,29.0,30.0,28.0,Education & Social Work
30.0,34.0,30.0,32.0,27.0,"Sales, Marketing & Management"
37.0,31.0,30.0,34.0,29.0,"Sales, Marketing & Management"
34.0,33.0,24.0,30.0,27.0,Education & Social Work
29.0,35.0,25.0,30.0,38.0,Suitable for any job
34.0,36.0,29.0,30.0,33.0,Education & Social Work
32.0,30.0,29.0,33.0,29.0,Education & Social Work
31.0,30.0,35.0,33.0,23.0,"Sales, Marketing & Management"
35.0,31.0,37.0,32.0,30.0,"Sales, Marketing & Management"
35.0,38.0,29.0,31.0,26.0,Education & Social Work
22.0,22.0,30.0,26.0,38.0,Suitable for any job
36.0,31.0,24.0,27.0,23.0,Suitable for any job
30.0,33.0,29.0,36.0,36.0,Education & Social Work
31.0,29.0,32.0,33.0,25.0,Education & Social Work
38.0,32.0,30.0,26.0,33.0,Suitable for any job
33.0,26.0,29.0,34.0,26.0,Education & Social Work
31.0,40.0,24.0,29.0,35.0,Suitable for any job
29.0,32.0,33.0,35.0,25.0,"Sales, Marketing & Management"
38.0,27.0,20.0,28.0,41.0,Independent/Research
38.0,34.0,32.0,31.0,29.0,"Sales, Marketing & Management"
31.0,34.0,30.0,31.0,36.0,"Sales, Marketing & Management"
29.0,29.0,25.0,32.0,23.0,Suitable for any job
29.0,34.0,35.0,30.0,22.0,"Sales, Marketing & Management"
34.0,33.0,35.0,31.0,30.0,"Sales, Marketing & Management"
34.0,29.0,29.0,33.0,35.0,Education & Social Work
29.0,28.0,32.0,36.0,28.0,Suitable for any job
34.0,34.0,27.0,41.0,20.0,Healthcare & Support
25.0,34.0,36.0,30.0,21.0,"Sales, Marketing & Management"
30.0,27.0,33.0,28.0,27.0,Suitable for any job
28.0,38.0,28.0,25.0,26.0,Suitable for any job
28.0,33.0,26.0,27.0,26.0,Suitable for any job
34.0,31.0,33.0,33.0,30.0,"Sales, Marketing & Management"
32.0,30.0,36.0,29.0,22.0,Suitable for any job
30.0,33.0,33.0,26.0,39.0,Suitable for any job
33.0,24.0,34.0,27.0,21.0,Suitable for any job
35.0,35.0,30.0,34.0,34.0,"Sales, Marketing & Management"
34.0,28.0,27.0,28.0,27.0,Suitable for any job
33.0,33.0,26.0,33.0,39.0,Education & Social Work
31.0,32.0,27.0,31.0,30.0,Education & Social Work
31.0,34.0,28.0,32.0,28.0,Education & Social Work
39.0,36.0,37.0,33.0,26.0,"Sales, Marketing & Management"
23.0,32.0,44.0,40.0,45.0,"Sales, Marketing & Management"
38.0,27.0,29.0,33.0,32.0,Education & Social Work
29.0,27.0,33.0,29.0,31.0,Suitable for any job
31.0,25.0,28.0,34.0,43.0,Education & Social Work
36.0,31.0,31.0,35.0,32.0,"Sales, Marketing & Management"
29.0,37.0,35.0,25.0,35.0,Suitable for any job
38.0,33.0,23.0,31.0,36.0,Education & Social Work
38.0,34.0,24.0,28.0,37.0,Suitable for any job
34.0,28.0,31.0,32.0,25.0,Education & Social Work
35.0,33.0,30.0,31.0,38.0,"Sales, Marketing & Management"
36.0,24.0,32.0,29.0,39.0,Suitable for any job
31.0,26.0,30.0,28.0,35.0,Suitable for any job
38.0,35.0,38.0,35.0,18.0,Healthcare & Support
35.0,31.0,30.0,29.0,35.0,Suitable for any job
28.0,28.0,33.0,25.0,31.0,Suitable for any job
35.0,33.0,29.0,31.0,32.0,Education & Social Work
31.0,29.0,32.0,35.0,32.0,Education & Social Work
33.0,31.0,30.0,29.0,38.0,Suitable for any job
38.0,34.0,24.0,36.0,35.0,Education & Social Work
40.0,26.0,33.0,35.0,27.0,Education & Social Work
34.0,30.0,32.0,25.0,21.0,Suitable for any job
35.0,32.0,26.0,31.0,25.0,Education & Social Work
37.0,33.0,31.0,31.0,26.0,"Sales, Marketing & Management"
31.0,33.0,32.0,31.0,32.0,"Sales, Marketing & Management"
34.0,36.0,29.0,30.0,22.0,Education & Social Work
34.0,25.0,32.0,34.0,39.0,Education & Social Work
34.0,32.0,32.0,33.0,29.0,"Sales, Marketing & Management"
29.0,32.0,29.0,26.0,32.0,Suitable for any job
33.0,32.0,31.0,31.0,26.0,"Sales, Marketing & Management"
29.0,37.0,32.0,32.0,34.0,"Sales, Marketing & Management"
30.0,28.0,30.0,33.0,22.0,Education & Social Work
31.0,29.0,26.0,28.0,30.0,Suitable for any job
36.0,36.0,24.0,38.0,29.0,Education & Social Work
35.0,41.0,30.0,34.0,29.0,"Sales, Marketing & Management"
30.0,29.0,31.0,30.0,26.0,Education & Social Work
33.0,35.0,34.0,35.0,30.0,"Sales, Marketing & Management"
33.0,31.0,28.0,28.0,33.0,Suitable for any job
40.0,30.0,28.0,42.0,40.0,Education & Social Work
32.0,30.0,31.0,32.0,37.0,"Sales, Marketing & Management"
33.0,33.0,27.0,30.0,36.0,Education & Social Work
42.0,35.0,34.0,34.0,22.0,"Sales, Marketing & Management"
37.0,31.0,28.0,30.0,28.0,Education & Social Work
36.0,39.0,33.0,33.0,25.0,"Sales, Marketing & Management"
33.0,29.0,26.0,30.0,30.0,Education & Social Work
29.0,25.0,26.0,31.0,34.0,Suitable for any job
31.0,29.0,28.0,29.0,28.0,Suitable for any job
36.0,31.0,29.0,26.0,28.0,Suitable for any job
32.0,30.0,27.0,33.0,29.0,Education & Social Work
30.0,26.0,28.0,27.0,35.0,Suitable for any job
35.0,31.0,32.0,35.0,36.0,"Sales, Marketing & Management"
38.0,33.0,31.0,34.0,41.0,"Sales, Marketing & Management"
36.0,32.0,24.0,33.0,34.0,Education & Social Work
34.0,34.0,27.0,28.0,35.0,Suitable for any job
35.0,32.0,27.0,30.0,25.0,Education & Social Work
32.0,30.0,28.0,32.0,30.0,Education & Social Work
33.0,27.0,30.0,31.0,15.0,Education & Social Work
31.0,34.0,27.0,34.0,34.0,Education & Social Work
30.0,31.0,31.0,32.0,34.0,"Sales, Marketing & Management"
33.0,35.0,31.0,32.0,27.0,"Sales, Marketing & Management"
33.0,33.0,27.0,31.0,33.0,Education & Social Work
38.0,32.0,26.0,33.0,35.0,Education & Social Work
33.0,28.0,30.0,28.0,39.0,Suitable for any job
35.0,33.0,34.0,28.0,37.0,Suitable for any job
31.0,32.0,26.0,34.0,37.0,Education & Social Work
30.0,31.0,35.0,32.0,34.0,"Sales, Marketing & Management"
35.0,33.0,31.0,27.0,23.0,Suitable for any job
32.0,28.0,29.0,25.0,28.0,Suitable for any job
37.0,31.0,43.0,33.0,17.0,Healthcare & Support
34.0,31.0,33.0,30.0,27.0,"Sales, Marketing & Management"
35.0,29.0,31.0,32.0,24.0,Education & Social Work
30.0,32.0,31.0,28.0,28.0,Suitable for any job
29.0,34.0,28.0,29.0,20.0,Suitable for any job
31.0,31.0,30.0,27.0,30.0,Suitable for any job
39.0,35.0,30.0,37.0,42.0,"Sales, Marketing & Management"
15.0,18.0,31.0,27.0,38.0,"Flexible, Less Structured Roles"
29.0,31.0,33.0,27.0,37.0,Suitable for any job
31.0,34.0,36.0,34.0,37.0,"Sales, Marketing & Management"
40.0,37.0,33.0,35.0,35.0,"Sales, Marketing & Management"
35.0,36.0,31.0,32.0,28.0,"Sales, Marketing & Management"
30.0,27.0,30.0,36.0,35.0,Education & Social Work
36.0,33.0,27.0,28.0,32.0,Suitable for any job
30.0,36.0,31.0,37.0,33.0,"Sales, Marketing & Management"
37.0,32.0,33.0,32.0,38.0,"Sales, Marketing & Management"
33.0,29.0,29.0,30.0,23.0,Education & Social Work
39.0,30.0,33.0,34.0,31.0,"Sales, Marketing & Management"
35.0,35.0,27.0,28.0,39.0,Suitable for any job
32.0,32.0,32.0,32.0,31.0,"Sales, Marketing & Management"
31.0,30.0,29.0,35.0,24.0,Education & Social Work
32.0,29.0,29.0,28.0,22.0,Suitable for any job
23.0,31.0,29.0,31.0,31.0,Suitable for any job
37.0,35.0,34.0,41.0,44.0,"Sales, Marketing & Management"
34.0,34.0,32.0,29.0,39.0,Suitable for any job
31.0,39.0,28.0,32.0,39.0,Education & Social Work
27.0,26.0,32.0,30.0,26.0,Suitable for any job
29.0,36.0,31.0,34.0,30.0,"Sales, Marketing & Management"
34.0,29.0,35.0,30.0,27.0,Education & Social Work
32.0,36.0,21.0,29.0,29.0,Suitable for any job
33.0,37.0,32.0,32.0,33.0,"Sales, Marketing & Management"
30.0,32.0,31.0,34.0,24.0,"Sales, Marketing & Management"
36.0,32.0,28.0,28.0,35.0,Suitable for any job
33.0,29.0,35.0,28.0,27.0,Suitable for any job
26.0,30.0,29.0,34.0,19.0,Healthcare & Support
34.0,35.0,34.0,38.0,27.0,"Sales, Marketing & Management"
33.0,33.0,32.0,30.0,34.0,"Sales, Marketing & Management"
35.0,33.0,31.0,35.0,37.0,"Sales, Marketing & Management"
30.0,34.0,26.0,34.0,18.0,Healthcare & Support
24.0,27.0,26.0,23.0,39.0,Suitable for any job
33.0,32.0,29.0,34.0,18.0,Healthcare & Support
35.0,30.0,35.0,28.0,33.0,Suitable for any job
29.0,25.0,33.0,30.0,26.0,Suitable for any job
33.0,30.0,33.0,29.0,26.0,Suitable for any job
30.0,35.0,24.0,29.0,38.0,Suitable for any job
34.0,37.0,32.0,33.0,37.0,"Sales, Marketing & Management"
36.0,29.0,24.0,30.0,32.0,Education & Social Work
34.0,28.0,31.0,30.0,22.0,Education & Social Work
33.0,36.0,29.0,31.0,28.0,Education & Social Work
34.0,39.0,32.0,30.0,30.0,"Sales, Marketing & Management"
40.0,32.0,36.0,42.0,45.0,"Sales, Marketing & Management"
35.0,33.0,30.0,31.0,19.0,Healthcare & Support
38.0,32.0,31.0,33.0,24.0,"Sales, Marketing & Management"
37.0,33.0,33.0,36.0,22.0,"Sales, Marketing & Management"
35.0,34.0,29.0,31.0,32.0,Education & Social Work
30.0,35.0,32.0,34.0,35.0,"Sales, Marketing & Management"
32.0,35.0,31.0,32.0,41.0,"Sales, Marketing & Management"
37.0,30.0,32.0,33.0,25.0,"Sales, Marketing & Management"
33.0,35.0,31.0,33.0,27.0,"Sales, Marketing & Management"
30.0,35.0,30.0,28.0,25.0,Suitable for any job
30.0,31.0,32.0,30.0,24.0,"Sales, Marketing & Management"
33.0,30.0,30.0,35.0,26.0,"Sales, Marketing & Management"
30.0,31.0,31.0,37.0,38.0,"Sales, Marketing & Management"
34.0,30.0,31.0,32.0,31.0,"Sales, Marketing & Management"
36.0,31.0,26.0,35.0,38.0,Education & Social Work
30.0,28.0,21.0,30.0,32.0,Education & Social Work
36.0,35.0,29.0,29.0,24.0,Suitable for any job
27.0,31.0,23.0,33.0,33.0,Suitable for any job
31.0,28.0,28.0,34.0,28.0,Education & Social Work
30.0,31.0,28.0,40.0,32.0,Education & Social Work
28.0,25.0,25.0,31.0,25.0,Suitable for any job
31.0,26.0,26.0,29.0,32.0,Suitable for any job
33.0,27.0,34.0,34.0,36.0,Education & Social Work
27.0,28.0,32.0,32.0,30.0,Suitable for any job
30.0,30.0,31.0,27.0,30.0,Suitable for any job
36.0,25.0,32.0,34.0,28.0,Education & Social Work
35.0,29.0,31.0,37.0,24.0,Education & Social Work
37.0,29.0,31.0,34.0,19.0,Education & Social Work
34.0,34.0,37.0,33.0,33.0,"Sales, Marketing & Management"
32.0,30.0,31.0,31.0,22.0,"Sales, Marketing & Management"
28.0,25.0,28.0,28.0,28.0,Suitable for any job
30.0,30.0,31.0,28.0,39.0,Suitable for any job
37.0,27.0,31.0,27.0,30.0,Suitable for any job
32.0,37.0,36.0,38.0,25.0,"Sales, Marketing & Management"
32.0,39.0,28.0,32.0,23.0,Education & Social Work
32.0,37.0,33.0,33.0,40.0,"Sales, Marketing & Management"
39.0,36.0,30.0,38.0,35.0,"Sales, Marketing & Management"
35.0,33.0,37.0,33.0,26.0,"Sales, Marketing & Management"
33.0,30.0,33.0,30.0,30.0,"Sales, Marketing & Management"
37.0,33.0,29.0,34.0,33.0,Education & Social Work
36.0,37.0,31.0,23.0,18.0,High-Pressure & Leadership Roles
29.0,25.0,33.0,38.0,30.0,Suitable for any job
33.0,34.0,31.0,38.0,31.0,"Sales, Marketing & Management"
34.0,27.0,35.0,31.0,23.0,Education & Social Work
32.0,32.0,30.0,25.0,18.0,High-Pressure & Leadership Roles
35.0,35.0,31.0,31.0,35.0,"Sales, Marketing & Management"
31.0,28.0,27.0,26.0,30.0,Suitable for any job
41.0,37.0,42.0,32.0,32.0,"Sales, Marketing & Management"
32.0,31.0,34.0,31.0,31.0,"Sales, Marketing & Management"
34.0,32.0,31.0,31.0,27.0,"Sales, Marketing & Management"
31.0,30.0,25.0,31.0,32.0,Education & Social Work
29.0,24.0,27.0,33.0,18.0,Suitable for any job
38.0,36.0,32.0,32.0,36.0,"Sales, Marketing & Management"
35.0,30.0,31.0,30.0,28.0,"Sales, Marketing & Management"
42.0,28.0,29.0,27.0,33.0,Suitable for any job
29.0,29.0,27.0,27.0,38.0,Suitable for any job
32.0,31.0,28.0,34.0,34.0,Education & Social Work
37.0,33.0,27.0,33.0,34.0,Education & Social Work
36.0,32.0,31.0,35.0,32.0,"Sales, Marketing & Management"
33.0,30.0,31.0,36.0,26.0,"Sales, Marketing & Management"
32.0,21.0,34.0,30.0,18.0,Education & Social Work
39.0,26.0,30.0,38.0,43.0,Education & Social Work
39.0,31.0,31.0,28.0,25.0,Suitable for any job
40.0,34.0,25.0,29.0,29.0,Suitable for any job
38.0,31.0,30.0,32.0,18.0,Healthcare & Support
31.0,31.0,34.0,34.0,41.0,"Sales, Marketing & Management"
32.0,38.0,31.0,33.0,37.0,"Sales, Marketing & Management"
28.0,33.0,28.0,28.0,37.0,Suitable for any job
31.0,27.0,32.0,29.0,35.0,Suitable for any job
33.0,31.0,32.0,40.0,40.0,"Sales, Marketing & Management"
33.0,34.0,29.0,31.0,27.0,Education & Social Work
37.0,33.0,33.0,31.0,35.0,"Sales, Marketing & Management"
34.0,32.0,26.0,36.0,21.0,Education & Social Work
32.0,25.0,27.0,29.0,27.0,Suitable for any job
28.0,33.0,31.0,32.0,22.0,"Sales, Marketing & Management"
30.0,31.0,31.0,27.0,39.0,Suitable for any job
30.0,31.0,31.0,34.0,32.0,"Sales, Marketing & Management"
36.0,24.0,26.0,26.0,25.0,Suitable for any job
35.0,30.0,34.0,31.0,18.0,Healthcare & Support
29.0,28.0,35.0,37.0,22.0,Suitable for any job
28.0,29.0,25.0,25.0,34.0,Suitable for any job
34.0,25.0,25.0,34.0,21.0,Education & Social Work
29.0,33.0,37.0,34.0,35.0,"Sales, Marketing & Management"
27.0,31.0,27.0,26.0,32.0,Suitable for any job
32.0,33.0,29.0,34.0,28.0,Education & Social Work
39.0,35.0,33.0,28.0,38.0,Suitable for any job
35.0,27.0,32.0,29.0,29.0,Suitable for any job
39.0,28.0,30.0,31.0,26.0,Education & Social Work
38.0,37.0,26.0,34.0,30.0,Education & Social Work
37.0,28.0,31.0,35.0,28.0,Education & Social Work
32.0,31.0,31.0,31.0,38.0,"Sales, Marketing & Management"
32.0,26.0,24.0,26.0,36.0,Suitable for any job
37.0,32.0,34.0,33.0,39.0,"Sales, Marketing & Management"
32.0,32.0,29.0,29.0,29.0,Suitable for any job
34.0,38.0,31.0,32.0,28.0,"Sales, Marketing & Management"
30.0,27.0,31.0,32.0,27.0,Education & Social Work
30.0,32.0,33.0,34.0,27.0,"Sales, Marketing & Management"
32.0,23.0,27.0,32.0,27.0,Education & Social Work
29.0,32.0,25.0,32.0,40.0,Suitable for any job
37.0,30.0,33.0,32.0,14.0,Healthcare & Support
35.0,33.0,27.0,33.0,37.0,Education & Social Work
27.0,30.0,34.0,29.0,30.0,Suitable for any job
37.0,30.0,28.0,23.0,29.0,Suitable for any job
34.0,32.0,35.0,33.0,25.0,"Sales, Marketing & Management"
29.0,30.0,29.0,33.0,25.0,Suitable for any job
34.0,30.0,32.0,33.0,21.0,"Sales, Marketing & Management"
37.0,30.0,34.0,32.0,33.0,"Sales, Marketing & Management"
34.0,23.0,28.0,35.0,42.0,Education & Social Work
35.0,29.0,30.0,36.0,31.0,Education & Social Work
39.0,20.0,37.0,26.0,40.0,Creative Freelance & Innovation
30.0,32.0,22.0,30.0,37.0,Education & Social Work
34.0,32.0,25.0,32.0,16.0,Healthcare & Support
31.0,32.0,33.0,26.0,24.0,Suitable for any job
39.0,32.0,33.0,32.0,36.0,"Sales, Marketing & Management"
30.0,33.0,31.0,28.0,33.0,Suitable for any job
32.0,35.0,34.0,32.0,37.0,"Sales, Marketing & Management"
42.0,42.0,34.0,39.0,43.0,"Sales, Marketing & Management"
30.0,32.0,31.0,32.0,39.0,"Sales, Marketing & Management"
31.0,23.0,28.0,29.0,28.0,Suitable for any job
29.0,29.0,27.0,34.0,41.0,Suitable for any job
30.0,35.0,33.0,34.0,20.0,Healthcare & Support
33.0,33.0,31.0,34.0,28.0,"Sales, Marketing & Management"
37.0,35.0,29.0,32.0,34.0,Education & Social Work
33.0,31.0,25.0,35.0,23.0,Education & Social Work
30.0,33.0,28.0,31.0,36.0,Education & Social Work
34.0,28.0,32.0,31.0,34.0,Education & Social Work
38.0,34.0,28.0,32.0,20.0,Healthcare & Support
35.0,31.0,36.0,31.0,35.0,"Sales, Marketing & Management"
24.0,33.0,33.0,32.0,41.0,"Sales, Marketing & Management"
31.0,33.0,28.0,35.0,22.0,Education & Social Work
29.0,35.0,30.0,30.0,33.0,"Sales, Marketing & Management"
31.0,37.0,23.0,35.0,38.0,Education & Social Work
36.0,30.0,33.0,27.0,25.0,Suitable for any job
27.0,24.0,24.0,27.0,33.0,Suitable for any job
29.0,22.0,28.0,32.0,36.0,Suitable for any job
37.0,34.0,30.0,31.0,35.0,"Sales, Marketing & Management"
35.0,35.0,31.0,34.0,20.0,Healthcare & Support
33.0,27.0,30.0,33.0,26.0,Education & Social Work
34.0,33.0,30.0,30.0,31.0,"Sales, Marketing & Management"
34.0,32.0,33.0,32.0,32.0,"Sales, Marketing & Management"
30.0,31.0,32.0,31.0,21.0,"Sales, Marketing & Management"
30.0,35.0,30.0,32.0,36.0,"Sales, Marketing & Management"
34.0,28.0,30.0,35.0,34.0,Education & Social Work
33.0,32.0,30.0,25.0,31.0,Suitable for any job
32.0,36.0,33.0,36.0,35.0,"Sales, Marketing & Management"
32.0,28.0,26.0,37.0,37.0,Education & Social Work
31.0,36.0,32.0,34.0,26.0,"Sales, Marketing & Management"
38.0,36.0,32.0,33.0,31.0,"Sales, Marketing & Management"
27.0,34.0,29.0,34.0,29.0,Suitable for any job
32.0,29.0,30.0,36.0,25.0,Education & Social Work
38.0,30.0,33.0,34.0,39.0,"Sales, Marketing & Management"
39.0,31.0,36.0,37.0,35.0,"Sales, Marketing & Management"
35.0,29.0,29.0,29.0,28.0,Suitable for any job
29.0,25.0,28.0,28.0,25.0,Suitable for any job
36.0,32.0,26.0,32.0,44.0,Education & Social Work
35.0,35.0,35.0,39.0,30.0,"Sales, Marketing & Management"
29.0,30.0,29.0,32.0,39.0,Suitable for any job
32.0,26.0,35.0,31.0,44.0,Education & Social Work
33.0,30.0,34.0,29.0,36.0,Suitable for any job
30.0,35.0,30.0,26.0,37.0,Suitable for any job
37.0,35.0,25.0,28.0,31.0,Suitable for any job
30.0,30.0,30.0,29.0,33.0,Suitable for any job
32.0,38.0,35.0,32.0,33.0,"Sales, Marketing & Management"
25.0,34.0,33.0,26.0,26.0,Suitable for any job
30.0,29.0,35.0,32.0,29.0,Education & Social Work
37.0,35.0,26.0,28.0,32.0,Suitable for any job
30.0,33.0,31.0,32.0,24.0,"Sales, Marketing & Management"
35.0,35.0,29.0,41.0,35.0,Education & Social Work
36.0,35.0,31.0,34.0,38.0,"Sales, Marketing & Management"
36.0,27.0,33.0,35.0,29.0,Education & Social Work
37.0,33.0,29.0,28.0,28.0,Suitable for any job
34.0,38.0,34.0,34.0,26.0,"Sales, Marketing & Management"
36.0,32.0,29.0,32.0,30.0,Education & Social Work
33.0,33.0,29.0,31.0,32.0,Education & Social Work
36.0,33.0,35.0,36.0,35.0,"Sales, Marketing & Management"
29.0,30.0,31.0,24.0,25.0,Suitable for any job
36.0,27.0,34.0,34.0,24.0,Education & Social Work
30.0,31.0,31.0,31.0,38.0,"Sales, Marketing & Management"
32.0,25.0,26.0,29.0,19.0,Suitable for any job
37.0,33.0,29.0,36.0,28.0,Education & Social Work
37.0,33.0,33.0,33.0,32.0,"Sales, Marketing & Management"
32.0,34.0,26.0,35.0,40.0,Education & Social Work
29.0,39.0,31.0,31.0,36.0,"Sales, Marketing & Management"
33.0,35.0,32.0,29.0,38.0,Suitable for any job
29.0,30.0,30.0,36.0,41.0,"Sales, Marketing & Management"
37.0,25.0,26.0,27.0,32.0,Suitable for any job
37.0,36.0,35.0,42.0,40.0,"Sales, Marketing & Management"
31.0,28.0,32.0,34.0,30.0,Education & Social Work
36.0,35.0,27.0,25.0,31.0,Suitable for any job
28.0,29.0,28.0,31.0,25.0,Suitable for any job
33.0,26.0,29.0,26.0,31.0,Suitable for any job
35.0,32.0,30.0,31.0,35.0,"Sales, Marketing & Management"
24.0,25.0,30.0,36.0,36.0,Suitable for any job
32.0,28.0,30.0,34.0,37.0,Education & Social Work
36.0,35.0,28.0,32.0,33.0,Education & Social Work
38.0,32.0,33.0,31.0,18.0,Healthcare & Support
39.0,31.0,34.0,32.0,40.0,"Sales, Marketing & Management"
35.0,30.0,35.0,31.0,33.0,"Sales, Marketing & Management"
36.0,26.0,25.0,30.0,14.0,Education & Social Work
30.0,29.0,27.0,29.0,32.0,Suitable for any job
33.0,33.0,27.0,34.0,27.0,Education & Social Work
30.0,32.0,33.0,34.0,36.0,"Sales, Marketing & Management"
34.0,33.0,33.0,33.0,31.0,"Sales, Marketing & Management"
35.0,28.0,35.0,30.0,34.0,Education & Social Work
36.0,33.0,28.0,32.0,28.0,Education & Social Work
34.0,27.0,30.0,25.0,42.0,Suitable for any job
37.0,26.0,29.0,27.0,30.0,Suitable for any job
32.0,28.0,31.0,34.0,33.0,Education & Social Work
30.0,36.0,28.0,34.0,29.0,Education & Social Work
37.0,34.0,28.0,28.0,25.0,Suitable for any job
30.0,23.0,22.0,22.0,19.0,Suitable for any job
29.0,29.0,25.0,30.0,27.0,Suitable for any job
29.0,33.0,28.0,31.0,35.0,Suitable for any job
39.0,34.0,29.0,29.0,18.0,Suitable for any job
40.0,26.0,32.0,31.0,28.0,Education & Social Work
33.0,30.0,32.0,35.0,29.0,"Sales, Marketing & Management"
29.0,28.0,30.0,33.0,26.0,Suitable for any job
30.0,27.0,24.0,27.0,19.0,Suitable for any job
37.0,35.0,34.0,34.0,33.0,"Sales, Marketing & Management"
20.0,30.0,25.0,31.0,37.0,Corporate & Admin
26.0,36.0,32.0,30.0,28.0,"Sales, Marketing & Management"
28.0,29.0,25.0,27.0,26.0,Suitable for any job
35.0,32.0,32.0,34.0,27.0,"Sales, Marketing & Management"
32.0,34.0,30.0,34.0,35.0,"Sales, Marketing & Management"
33.0,33.0,30.0,35.0,36.0,"Sales, Marketing & Management"
29.0,26.0,27.0,33.0,31.0,Suitable for any job
38.0,37.0,39.0,34.0,42.0,"Sales, Marketing & Management"
24.0,22.0,32.0,33.0,32.0,Suitable for any job
40.0,30.0,32.0,35.0,33.0,"Sales, Marketing & Management"
32.0,31.0,29.0,34.0,31.0,Education & Social Work
34.0,27.0,30.0,34.0,34.0,Education & Social Work
33.0,28.0,26.0,32.0,31.0,Education & Social Work
25.0,26.0,26.0,28.0,32.0,Suitable for any job
29.0,33.0,34.0,28.0,27.0,Suitable for any job
38.0,31.0,29.0,31.0,30.0,Education & Social Work
32.0,33.0,31.0,26.0,29.0,Suitable for any job
33.0,41.0,34.0,38.0,43.0,"Sales, Marketing & Management"
34.0,30.0,32.0,33.0,35.0,"Sales, Marketing & Management"
30.0,34.0,27.0,33.0,37.0,Education & Social Work
34.0,30.0,34.0,32.0,29.0,"Sales, Marketing & Management"
38.0,27.0,26.0,31.0,24.0,Education & Social Work
37.0,30.0,28.0,32.0,36.0,Education & Social Work
35.0,31.0,33.0,33.0,21.0,"Sales, Marketing & Management"
33.0,31.0,31.0,34.0,30.0,"Sales, Marketing & Management"
33.0,25.0,27.0,32.0,22.0,Education & Social Work
33.0,25.0,31.0,28.0,29.0,Suitable for any job
32.0,33.0,26.0,30.0,39.0,Education & Social Work
32.0,33.0,27.0,30.0,35.0,Education & Social Work
36.0,25.0,26.0,23.0,35.0,Suitable for any job
30.0,32.0,28.0,37.0,31.0,Education & Social Work
35.0,28.0,28.0,35.0,23.0,Education & Social Work
25.0,28.0,31.0,27.0,42.0,Suitable for any job
30.0,32.0,28.0,29.0,20.0,Suitable for any job
39.0,31.0,33.0,33.0,38.0,"Sales, Marketing & Management"
36.0,31.0,36.0,29.0,21.0,Suitable for any job
32.0,33.0,30.0,31.0,35.0,"Sales, Marketing & Management"
30.0,36.0,27.0,29.0,25.0,Suitable for any job
30.0,30.0,32.0,30.0,35.0,"Sales, Marketing & Management"
38.0,33.0,27.0,36.0,29.0,Education & Social Work
33.0,32.0,29.0,27.0,34.0,Suitable for any job
36.0,35.0,32.0,24.0,40.0,Suitable for any job
32.0,33.0,27.0,39.0,37.0,Education & Social Work
27.0,33.0,33.0,35.0,27.0,"Sales, Marketing & Management"
36.0,27.0,34.0,28.0,37.0,Suitable for any job
30.0,33.0,25.0,40.0,19.0,Healthcare & Support
36.0,33.0,33.0,27.0,30.0,Suitable for any job
38.0,37.0,31.0,21.0,33.0,Suitable for any job
37.0,39.0,29.0,33.0,36.0,Education & Social Work
31.0,31.0,30.0,30.0,28.0,"Sales, Marketing & Management"
34.0,29.0,30.0,34.0,26.0,Education & Social Work
33.0,34.0,24.0,34.0,26.0,Education & Social Work
30.0,30.0,34.0,24.0,23.0,Suitable for any job
30.0,40.0,25.0,33.0,45.0,Education & Social Work
34.0,32.0,30.0,32.0,29.0,"Sales, Marketing & Management"
30.0,32.0,32.0,32.0,24.0,"Sales, Marketing & Management"
32.0,37.0,33.0,37.0,30.0,"Sales, Marketing & Management"
29.0,28.0,28.0,30.0,35.0,Suitable for any job
35.0,38.0,26.0,31.0,26.0,Education & Social Work
30.0,30.0,33.0,33.0,34.0,"Sales, Marketing & Management"
24.0,32.0,31.0,35.0,22.0,"Sales, Marketing & Management"
33.0,36.0,27.0,35.0,34.0,Education & Social Work
33.0,39.0,35.0,30.0,37.0,"Sales, Marketing & Management"
36.0,31.0,30.0,28.0,34.0,Suitable for any job
33.0,34.0,32.0,40.0,28.0,"Sales, Marketing & Management"
42.0,32.0,29.0,33.0,38.0,Education & Social Work
33.0,31.0,32.0,33.0,38.0,"Sales, Marketing & Management"
35.0,31.0,21.0,30.0,27.0,Education & Social Work
34.0,28.0,29.0,29.0,36.0,Suitable for any job
38.0,39.0,26.0,29.0,32.0,Suitable for any job
25.0,32.0,27.0,30.0,26.0,Suitable for any job
2.0,8.0,7.0,6.0,2.0,Suitable for any job
33.0,28.0,30.0,34.0,41.0,Education & Social Work
30.0,28.0,33.0,31.0,26.0,Education & Social Work
33.0,32.0,26.0,28.0,29.0,Suitable for any job
27.0,27.0,28.0,35.0,32.0,Suitable for any job
37.0,34.0,32.0,34.0,19.0,Healthcare & Support
27.0,37.0,27.0,25.0,23.0,Suitable for any job
36.0,36.0,33.0,34.0,27.0,"Sales, Marketing & Management"
29.0,33.0,29.0,33.0,36.0,Suitable for any job
30.0,30.0,30.0,32.0,28.0,"Sales, Marketing & Management"
35.0,34.0,33.0,34.0,32.0,"Sales, Marketing & Management"
33.0,32.0,28.0,34.0,30.0,Education & Social Work
36.0,27.0,31.0,32.0,37.0,Education & Social Work
30.0,33.0,22.0,23.0,29.0,Suitable for any job
31.0,34.0,25.0,33.0,25.0,Education & Social Work
38.0,40.0,32.0,34.0,43.0,"Sales, Marketing & Management"
35.0,35.0,28.0,34.0,28.0,Education & Social Work
33.0,39.0,32.0,28.0,28.0,Suitable for any job
28.0,32.0,27.0,32.0,24.0,Suitable for any job
29.0,30.0,27.0,31.0,22.0,Suitable for any job
35.0,35.0,40.0,40.0,28.0,"Sales, Marketing & Management"
31.0,34.0,35.0,29.0,25.0,Suitable for any job
35.0,30.0,39.0,32.0,27.0,"Sales, Marketing & Management"
29.0,28.0,29.0,29.0,23.0,Suitable for any job
37.0,29.0,34.0,31.0,29.0,Education & Social Work
36.0,31.0,33.0,29.0,32.0,Suitable for any job
31.0,32.0,29.0,35.0,25.0,Education & Social Work
28.0,30.0,27.0,37.0,37.0,Suitable for any job
24.0,34.0,31.0,30.0,34.0,"Sales, Marketing & Management"
41.0,39.0,28.0,35.0,43.0,Education & Social Work
33.0,29.0,30.0,32.0,28.0,Education & Social Work
28.0,35.0,37.0,39.0,41.0,"Sales, Marketing & Management"
31.0,33.0,27.0,31.0,36.0,Education & Social Work
32.0,33.0,29.0,29.0,31.0,Suitable for any job
28.0,32.0,36.0,28.0,23.0,Suitable for any job
33.0,34.0,28.0,29.0,33.0,Suitable for any job
38.0,31.0,33.0,32.0,29.0,"Sales, Marketing & Management"
30.0,32.0,27.0,33.0,29.0,Education & Social Work
22.0,30.0,27.0,30.0,40.0,Suitable for any job
33.0,27.0,26.0,29.0,23.0,Suitable for any job
29.0,30.0,34.0,36.0,29.0,"Sales, Marketing & Management"
35.0,38.0,35.0,38.0,35.0,"Sales, Marketing & Management"
37.0,34.0,32.0,29.0,24.0,Suitable for any job
29.0,31.0,32.0,31.0,31.0,"Sales, Marketing & Management"
39.0,42.0,33.0,29.0,20.0,High-Pressure & Leadership Roles
28.0,28.0,32.0,30.0,34.0,Suitable for any job
33.0,36.0,28.0,30.0,32.0,Education & Social Work
30.0,25.0,32.0,32.0,40.0,Education & Social Work
26.0,34.0,35.0,33.0,35.0,"Sales, Marketing & Management"
33.0,31.0,31.0,33.0,36.0,"Sales, Marketing & Management"
38.0,37.0,29.0,30.0,38.0,Education & Social Work
30.0,30.0,29.0,34.0,25.0,Education & Social Work
34.0,36.0,30.0,31.0,35.0,"Sales, Marketing & Management"
34.0,37.0,34.0,34.0,24.0,"Sales, Marketing & Management"
35.0,32.0,28.0,27.0,29.0,Suitable for any job
36.0,34.0,34.0,33.0,26.0,"Sales, Marketing & Management"
28.0,31.0,33.0,35.0,30.0,"Sales, Marketing & Management"
33.0,36.0,30.0,33.0,29.0,"Sales, Marketing & Management"
32.0,30.0,31.0,36.0,18.0,Healthcare & Support
35.0,32.0,29.0,32.0,26.0,Education & Social Work
31.0,31.0,28.0,27.0,30.0,Suitable for any job
35.0,33.0,29.0,35.0,41.0,Education & Social Work
33.0,33.0,34.0,37.0,26.0,"Sales, Marketing & Management"
27.0,36.0,35.0,34.0,30.0,"Sales, Marketing & Management"
36.0,37.0,29.0,31.0,23.0,Education & Social Work
36.0,33.0,26.0,35.0,38.0,Education & Social Work
35.0,38.0,39.0,36.0,42.0,"Sales, Marketing & Management"
30.0,35.0,31.0,34.0,38.0,"Sales, Marketing & Management"
34.0,28.0,29.0,35.0,31.0,Education & Social Work
32.0,32.0,28.0,28.0,21.0,Suitable for any job
42.0,32.0,27.0,33.0,26.0,Education & Social Work
31.0,30.0,30.0,31.0,24.0,"Sales, Marketing & Management"
35.0,37.0,32.0,33.0,34.0,"Sales, Marketing & Management"
33.0,33.0,33.0,32.0,32.0,"Sales, Marketing & Management"
34.0,29.0,31.0,34.0,22.0,Education & Social Work
30.0,33.0,32.0,34.0,17.0,Healthcare & Support
33.0,31.0,30.0,29.0,30.0,Suitable for any job
36.0,30.0,27.0,31.0,31.0,Education & Social Work
36.0,35.0,32.0,32.0,26.0,"Sales, Marketing & Management"
35.0,27.0,29.0,29.0,30.0,Suitable for any job
35.0,30.0,32.0,37.0,34.0,"Sales, Marketing & Management"
30.0,30.0,32.0,31.0,29.0,"Sales, Marketing & Management"
29.0,27.0,23.0,30.0,24.0,Suitable for any job
28.0,32.0,32.0,37.0,36.0,"Sales, Marketing & Management"
37.0,32.0,27.0,27.0,21.0,Suitable for any job
33.0,35.0,24.0,29.0,27.0,Suitable for any job
33.0,27.0,26.0,31.0,24.0,Education & Social Work
35.0,34.0,38.0,31.0,31.0,"Sales, Marketing & Management"
33.0,20.0,32.0,35.0,37.0,Creative Freelance & Innovation
32.0,34.0,31.0,32.0,32.0,"Sales, Marketing & Management"
33.0,37.0,25.0,32.0,31.0,Education & Social Work
34.0,36.0,37.0,37.0,41.0,"Sales, Marketing & Management"
26.0,28.0,32.0,27.0,31.0,Suitable for any job
37.0,33.0,33.0,35.0,33.0,"Sales, Marketing & Management"
31.0,32.0,33.0,31.0,34.0,"Sales, Marketing & Management"
27.0,31.0,30.0,34.0,34.0,"Sales, Marketing & Management"
34.0,35.0,26.0,35.0,26.0,Education & Social Work
33.0,36.0,28.0,26.0,30.0,Suitable for any job
36.0,33.0,29.0,36.0,31.0,Education & Social Work
38.0,36.0,25.0,34.0,32.0,Education & Social Work
33.0,33.0,29.0,33.0,37.0,Education & Social Work
27.0,31.0,28.0,30.0,18.0,Healthcare & Support
36.0,32.0,33.0,32.0,30.0,"Sales, Marketing & Management"
37.0,31.0,31.0,36.0,25.0,"Sales, Marketing & Management"
34.0,34.0,27.0,32.0,40.0,Education & Social Work
35.0,31.0,32.0,30.0,32.0,"Sales, Marketing & Management"
35.0,27.0,29.0,35.0,31.0,Education & Social Work
35.0,35.0,35.0,37.0,39.0,"Sales, Marketing & Management"
29.0,29.0,35.0,35.0,25.0,Suitable for any job
28.0,29.0,26.0,29.0,35.0,Suitable for any job
36.0,37.0,31.0,32.0,32.0,"Sales, Marketing & Management"
32.0,29.0,34.0,32.0,32.0,Education & Social Work
30.0,38.0,30.0,30.0,26.0,"Sales, Marketing & Management"
29.0,38.0,29.0,26.0,42.0,Suitable for any job
34.0,28.0,30.0,36.0,25.0,Education & Social Work
38.0,26.0,28.0,33.0,41.0,Education & Social Work
35.0,34.0,39.0,36.0,36.0,"Sales, Marketing & Management"
10.0,12.0,21.0,10.0,18.0,"Flexible, Less Structured Roles"
32.0,31.0,30.0,26.0,21.0,Suitable for any job
34.0,31.0,30.0,35.0,25.0,"Sales, Marketing & Management"
34.0,28.0,31.0,34.0,21.0,Education & Social Work
36.0,27.0,30.0,32.0,34.0,Education & Social Work
36.0,29.0,29.0,33.0,23.0,Education & Social Work
32.0,28.0,31.0,35.0,25.0,Education & Social Work
30.0,31.0,29.0,36.0,29.0,Education & Social Work
31.0,30.0,32.0,29.0,36.0,Suitable for any job
27.0,32.0,34.0,33.0,23.0,"Sales, Marketing & Management"
32.0,29.0,28.0,28.0,36.0,Suitable for any job
32.0,37.0,29.0,37.0,38.0,Education & Social Work
32.0,30.0,32.0,31.0,38.0,"Sales, Marketing & Management"
30.0,28.0,24.0,32.0,38.0,Education & Social Work
34.0,35.0,30.0,35.0,25.0,"Sales, Marketing & Management"
39.0,32.0,32.0,34.0,46.0,"Sales, Marketing & Management"
36.0,31.0,33.0,34.0,24.0,"Sales, Marketing & Management"
33.0,30.0,26.0,33.0,29.0,Education & Social Work
31.0,28.0,33.0,36.0,33.0,Education & Social Work
34.0,29.0,28.0,28.0,22.0,Suitable for any job
35.0,31.0,36.0,29.0,28.0,Suitable for any job
37.0,37.0,29.0,33.0,25.0,Education & Social Work
34.0,31.0,30.0,32.0,26.0,"Sales, Marketing & Management"
34.0,32.0,31.0,36.0,38.0,"Sales, Marketing & Management"
35.0,30.0,25.0,26.0,29.0,Suitable for any job
30.0,30.0,21.0,30.0,46.0,Education & Social Work
33.0,32.0,29.0,34.0,24.0,Education & Social Work
37.0,34.0,31.0,28.0,24.0,Suitable for any job
36.0,25.0,34.0,32.0,31.0,Education & Social Work
34.0,38.0,38.0,44.0,38.0,"Sales, Marketing & Management"
33.0,28.0,30.0,33.0,24.0,Education & Social Work
36.0,36.0,37.0,32.0,22.0,"Sales, Marketing & Management"
31.0,31.0,32.0,35.0,31.0,"Sales, Marketing & Management"
34.0,34.0,30.0,31.0,39.0,"Sales, Marketing & Management"
35.0,24.0,31.0,25.0,29.0,Suitable for any job
38.0,31.0,28.0,34.0,33.0,Education & Social Work
32.0,29.0,28.0,33.0,17.0,Education & Social Work
33.0,35.0,32.0,31.0,32.0,"Sales, Marketing & Management"
39.0,40.0,35.0,34.0,38.0,"Sales, Marketing & Management"
34.0,35.0,33.0,30.0,32.0,"Sales, Marketing & Management"
38.0,25.0,36.0,34.0,22.0,Education & Social Work
29.0,37.0,35.0,27.0,27.0,Suitable for any job
28.0,33.0,34.0,34.0,31.0,"Sales, Marketing & Management"
23.0,26.0,29.0,25.0,26.0,Suitable for any job
28.0,26.0,26.0,29.0,37.0,Suitable for any job
31.0,31.0,25.0,32.0,32.0,Education & Social Work
31.0,29.0,29.0,33.0,31.0,Education & Social Work
30.0,34.0,33.0,33.0,23.0,"Sales, Marketing & Management"
35.0,29.0,28.0,32.0,24.0,Education & Social Work
37.0,32.0,28.0,31.0,25.0,Education & Social Work
31.0,34.0,29.0,34.0,35.0,Education & Social Work
34.0,26.0,30.0,33.0,34.0,Education & Social Work
28.0,33.0,30.0,32.0,27.0,"Sales, Marketing & Management"
29.0,30.0,28.0,32.0,25.0,Suitable for any job
37.0,36.0,31.0,37.0,31.0,"Sales, Marketing & Management"
33.0,34.0,31.0,25.0,20.0,High-Pressure & Leadership Roles
35.0,30.0,27.0,29.0,25.0,Suitable for any job
32.0,25.0,31.0,34.0,34.0,Education & Social Work
34.0,30.0,29.0,29.0,26.0,Suitable for any job
36.0,30.0,27.0,32.0,43.0,Education & Social Work
29.0,32.0,27.0,27.0,30.0,Suitable for any job
38.0,34.0,34.0,31.0,25.0,"Sales, Marketing & Management"
35.0,34.0,28.0,30.0,29.0,Education & Social Work
40.0,35.0,31.0,37.0,43.0,"Sales, Marketing & Management"
31.0,35.0,27.0,32.0,36.0,Education & Social Work
29.0,29.0,31.0,34.0,27.0,Suitable for any job
32.0,32.0,31.0,28.0,28.0,Suitable for any job
39.0,28.0,30.0,37.0,33.0,Education & Social Work
34.0,31.0,29.0,30.0,34.0,Education & Social Work
30.0,29.0,27.0,31.0,40.0,Education & Social Work
31.0,32.0,29.0,30.0,25.0,Education & Social Work
24.0,30.0,40.0,36.0,34.0,"Sales, Marketing & Management"
36.0,33.0,27.0,29.0,30.0,Suitable for any job
4.0,0.0,0.0,0.0,0.0,Suitable for any job
26.0,37.0,29.0,31.0,28.0,Suitable for any job
37.0,35.0,27.0,34.0,40.0,Education & Social Work
27.0,35.0,26.0,32.0,36.0,Suitable for any job
32.0,35.0,33.0,32.0,32.0,"Sales, Marketing & Management"
35.0,28.0,26.0,30.0,33.0,Education & Social Work
34.0,29.0,24.0,28.0,27.0,Suitable for any job
37.0,33.0,31.0,33.0,21.0,"Sales, Marketing & Management"
32.0,30.0,30.0,33.0,20.0,Healthcare & Support
36.0,34.0,31.0,33.0,24.0,"Sales, Marketing & Management"
36.0,33.0,31.0,31.0,36.0,"Sales, Marketing & Management"
31.0,23.0,29.0,30.0,12.0,Education & Social Work
36.0,42.0,34.0,31.0,22.0,"Sales, Marketing & Management"
31.0,29.0,30.0,33.0,19.0,Education & Social Work
33.0,36.0,34.0,31.0,34.0,"Sales, Marketing & Management"
32.0,33.0,32.0,36.0,24.0,"Sales, Marketing & Management"
41.0,33.0,33.0,37.0,29.0,"Sales, Marketing & Management"
33.0,30.0,28.0,29.0,36.0,Suitable for any job
39.0,29.0,32.0,31.0,23.0,Education & Social Work
31.0,29.0,28.0,32.0,26.0,Education & Social Work
35.0,28.0,34.0,36.0,24.0,Education & Social Work
37.0,35.0,34.0,39.0,30.0,"Sales, Marketing & Management"
28.0,29.0,29.0,35.0,37.0,Suitable for any job
35.0,39.0,33.0,39.0,42.0,"Sales, Marketing & Management"
32.0,33.0,29.0,30.0,26.0,Education & Social Work
29.0,26.0,32.0,34.0,36.0,Suitable for any job
33.0,35.0,24.0,31.0,26.0,Education & Social Work
36.0,21.0,32.0,26.0,28.0,Suitable for any job
29.0,35.0,30.0,31.0,20.0,Healthcare & Support
30.0,30.0,36.0,34.0,25.0,"Sales, Marketing & Management"
36.0,35.0,29.0,35.0,37.0,Education & Social Work
33.0,29.0,32.0,28.0,32.0,Suitable for any job
29.0,33.0,32.0,37.0,29.0,"Sales, Marketing & Management"
34.0,31.0,31.0,34.0,34.0,"Sales, Marketing & Management"
27.0,32.0,29.0,34.0,26.0,Suitable for any job
29.0,26.0,30.0,26.0,41.0,Suitable for any job
37.0,30.0,29.0,30.0,18.0,Healthcare & Support
32.0,33.0,29.0,28.0,27.0,Suitable for any job
34.0,33.0,34.0,34.0,23.0,"Sales, Marketing & Management"
34.0,18.0,35.0,34.0,26.0,Creative Freelance & Innovation
25.0,37.0,27.0,37.0,42.0,Suitable for any job
33.0,26.0,38.0,28.0,21.0,Suitable for any job
35.0,29.0,28.0,32.0,26.0,Education & Social Work
35.0,29.0,24.0,33.0,30.0,Education & Social Work
33.0,28.0,29.0,35.0,43.0,Education & Social Work
35.0,34.0,27.0,39.0,43.0,Education & Social Work
32.0,38.0,34.0,30.0,39.0,"Sales, Marketing & Management"
33.0,33.0,32.0,33.0,34.0,"Sales, Marketing & Management"
34.0,34.0,32.0,34.0,24.0,"Sales, Marketing & Management"
31.0,35.0,29.0,27.0,33.0,Suitable for any job
33.0,28.0,32.0,32.0,25.0,Education & Social Work
36.0,29.0,28.0,34.0,31.0,Education & Social Work
36.0,30.0,29.0,34.0,28.0,Education & Social Work
33.0,31.0,31.0,35.0,21.0,"Sales, Marketing & Management"
30.0,33.0,27.0,24.0,24.0,Suitable for any job
34.0,28.0,27.0,31.0,28.0,Education & Social Work
34.0,27.0,29.0,29.0,27.0,Suitable for any job
32.0,24.0,29.0,34.0,34.0,Education & Social Work
33.0,28.0,31.0,31.0,29.0,Education & Social Work
28.0,31.0,31.0,27.0,36.0,Suitable for any job
25.0,30.0,33.0,34.0,33.0,"Sales, Marketing & Management"
34.0,34.0,32.0,34.0,20.0,Healthcare & Support
36.0,33.0,30.0,33.0,26.0,"Sales, Marketing & Management"
38.0,30.0,28.0,30.0,30.0,Education & Social Work
38.0,38.0,31.0,33.0,38.0,"Sales, Marketing & Management"
34.0,33.0,30.0,29.0,28.0,Suitable for any job
31.0,30.0,30.0,32.0,30.0,"Sales, Marketing & Management"
32.0,28.0,32.0,30.0,25.0,Education & Social Work
32.0,38.0,31.0,28.0,31.0,Suitable for any job
30.0,30.0,38.0,31.0,30.0,"Sales, Marketing & Management"
35.0,38.0,30.0,32.0,44.0,"Sales, Marketing & Management"
36.0,32.0,38.0,30.0,29.0,"Sales, Marketing & Management"
33.0,25.0,29.0,34.0,28.0,Education & Social Work
30.0,30.0,27.0,33.0,36.0,Education & Social Work
37.0,34.0,26.0,28.0,18.0,Suitable for any job
38.0,36.0,32.0,37.0,41.0,"Sales, Marketing & Management"
30.0,31.0,26.0,34.0,34.0,Education & Social Work
28.0,32.0,30.0,32.0,20.0,Healthcare & Support
37.0,30.0,26.0,27.0,33.0,Suitable for any job
36.0,31.0,32.0,35.0,30.0,"Sales, Marketing & Management"
35.0,29.0,33.0,27.0,21.0,Suitable for any job
32.0,34.0,26.0,37.0,36.0,Education & Social Work
33.0,36.0,29.0,32.0,35.0,Education & Social Work
35.0,33.0,31.0,33.0,33.0,"Sales, Marketing & Management"
29.0,29.0,27.0,28.0,32.0,Suitable for any job
26.0,30.0,26.0,28.0,26.0,Suitable for any job
27.0,36.0,32.0,38.0,21.0,"Sales, Marketing & Management"
27.0,23.0,27.0,31.0,18.0,Suitable for any job
31.0,25.0,32.0,34.0,28.0,Education & Social Work
29.0,31.0,30.0,34.0,34.0,"Sales, Marketing & Management"
32.0,35.0,33.0,31.0,28.0,"Sales, Marketing & Management"
28.0,35.0,34.0,33.0,39.0,"Sales, Marketing & Management"
37.0,36.0,32.0,35.0,31.0,"Sales, Marketing & Management"
33.0,29.0,27.0,31.0,28.0,Education & Social Work
41.0,28.0,32.0,33.0,36.0,Education & Social Work
32.0,27.0,33.0,29.0,42.0,Suitable for any job
36.0,36.0,40.0,33.0,40.0,"Sales, Marketing & Management"
36.0,35.0,33.0,30.0,34.0,"Sales, Marketing & Management"
33.0,37.0,29.0,30.0,36.0,Education & Social Work
35.0,23.0,31.0,36.0,16.0,Education & Social Work
37.0,28.0,25.0,30.0,36.0,Education & Social Work
33.0,31.0,29.0,33.0,36.0,Education & Social Work
29.0,30.0,32.0,34.0,34.0,"Sales, Marketing & Management"
32.0,30.0,31.0,36.0,39.0,"Sales, Marketing & Management"
32.0,33.0,28.0,29.0,31.0,Suitable for any job
33.0,29.0,27.0,35.0,41.0,Education & Social Work
32.0,31.0,32.0,32.0,25.0,"Sales, Marketing & Management"
25.0,26.0,31.0,31.0,42.0,Suitable for any job
28.0,37.0,26.0,35.0,32.0,Suitable for any job
38.0,29.0,30.0,30.0,29.0,Education & Social Work
30.0,40.0,26.0,37.0,42.0,Education & Social Work
33.0,36.0,29.0,26.0,34.0,Suitable for any job
32.0,35.0,34.0,33.0,27.0,"Sales, Marketing & Management"
28.0,33.0,32.0,35.0,30.0,"Sales, Marketing & Management"
39.0,32.0,29.0,27.0,33.0,Suitable for any job
27.0,37.0,33.0,33.0,30.0,"Sales, Marketing & Management"
26.0,30.0,36.0,37.0,45.0,"Sales, Marketing & Management"
31.0,29.0,23.0,23.0,40.0,Suitable for any job
29.0,30.0,27.0,30.0,28.0,Suitable for any job
42.0,44.0,29.0,39.0,46.0,Education & Social Work
34.0,27.0,24.0,31.0,38.0,Education & Social Work
34.0,34.0,38.0,34.0,22.0,"Sales, Marketing & Management"
34.0,34.0,29.0,24.0,32.0,Suitable for any job
32.0,34.0,28.0,32.0,31.0,Education & Social Work
33.0,34.0,31.0,37.0,28.0,"Sales, Marketing & Management"
38.0,30.0,28.0,27.0,25.0,Suitable for any job
27.0,38.0,36.0,37.0,34.0,"Sales, Marketing & Management"
37.0,27.0,35.0,29.0,33.0,Suitable for any job
29.0,40.0,38.0,38.0,29.0,"Sales, Marketing & Management"
37.0,35.0,28.0,29.0,32.0,Suitable for any job
34.0,34.0,33.0,33.0,28.0,"Sales, Marketing & Management"
31.0,34.0,29.0,29.0,32.0,Suitable for any job
36.0,27.0,23.0,32.0,29.0,Education & Social Work
35.0,30.0,29.0,35.0,38.0,Education & Social Work
36.0,31.0,29.0,28.0,24.0,Suitable for any job
38.0,27.0,28.0,30.0,37.0,Education & Social Work
33.0,31.0,29.0,27.0,35.0,Suitable for any job
31.0,28.0,31.0,27.0,31.0,Suitable for any job
33.0,31.0,30.0,29.0,39.0,Suitable for any job
30.0,35.0,33.0,33.0,24.0,"Sales, Marketing & Management"
35.0,32.0,28.0,32.0,26.0,Education & Social Work
40.0,38.0,30.0,38.0,38.0,"Sales, Marketing & Management"
35.0,31.0,29.0,31.0,24.0,Education & Social Work
27.0,32.0,31.0,33.0,36.0,"Sales, Marketing & Management"
40.0,33.0,25.0,31.0,41.0,Education & Social Work
34.0,30.0,34.0,36.0,28.0,"Sales, Marketing & Management"
31.0,34.0,31.0,33.0,26.0,"Sales, Marketing & Management"
34.0,30.0,33.0,31.0,24.0,"Sales, Marketing & Management"
27.0,34.0,29.0,33.0,31.0,Suitable for any job
30.0,33.0,34.0,29.0,25.0,Suitable for any job
33.0,34.0,32.0,33.0,36.0,"Sales, Marketing & Management"
34.0,33.0,32.0,34.0,28.0,"Sales, Marketing & Management"
25.0,26.0,29.0,24.0,25.0,Suitable for any job
37.0,33.0,36.0,33.0,39.0,"Sales, Marketing & Management"
33.0,28.0,27.0,30.0,32.0,Education & Social Work
31.0,29.0,27.0,30.0,26.0,Education & Social Work
35.0,29.0,31.0,29.0,35.0,Suitable for any job
31.0,32.0,29.0,26.0,21.0,Suitable for any job
28.0,29.0,34.0,29.0,30.0,Suitable for any job
25.0,34.0,35.0,39.0,34.0,"Sales, Marketing & Management"
30.0,32.0,32.0,32.0,32.0,"Sales, Marketing & Management"
28.0,33.0,32.0,28.0,37.0,Suitable for any job
34.0,30.0,31.0,34.0,27.0,"Sales, Marketing & Management"
30.0,25.0,33.0,28.0,23.0,Suitable for any job
32.0,33.0,27.0,36.0,38.0,Education & Social Work
36.0,31.0,28.0,30.0,24.0,Education & Social Work
38.0,33.0,27.0,31.0,30.0,Education & Social Work
35.0,34.0,30.0,35.0,33.0,"Sales, Marketing & Management"
35.0,32.0,32.0,38.0,36.0,"Sales, Marketing & Management"
34.0,37.0,29.0,33.0,28.0,Education & Social Work
37.0,30.0,28.0,28.0,27.0,Suitable for any job
35.0,38.0,31.0,33.0,18.0,Healthcare & Support
31.0,28.0,26.0,37.0,32.0,Education & Social Work
31.0,31.0,27.0,31.0,31.0,Education & Social Work
38.0,34.0,29.0,32.0,37.0,Education & Social Work
41.0,33.0,42.0,39.0,28.0,"Sales, Marketing & Management"
30.0,31.0,29.0,36.0,22.0,Education & Social Work
33.0,31.0,28.0,25.0,26.0,Suitable for any job
33.0,28.0,33.0,34.0,21.0,Education & Social Work
31.0,24.0,31.0,33.0,29.0,Education & Social Work
26.0,31.0,30.0,29.0,27.0,Suitable for any job
36.0,35.0,34.0,34.0,35.0,"Sales, Marketing & Management"
34.0,34.0,35.0,30.0,25.0,"Sales, Marketing & Management"
27.0,34.0,36.0,34.0,38.0,"Sales, Marketing & Management"
31.0,31.0,27.0,34.0,25.0,Education & Social Work
35.0,38.0,35.0,28.0,38.0,Suitable for any job
37.0,28.0,33.0,29.0,21.0,Suitable for any job
33.0,35.0,31.0,28.0,29.0,Suitable for any job
37.0,30.0,32.0,33.0,29.0,"Sales, Marketing & Management"
28.0,30.0,33.0,34.0,35.0,"Sales, Marketing & Management"
26.0,30.0,31.0,22.0,33.0,Suitable for any job
37.0,33.0,29.0,32.0,38.0,Education & Social Work
33.0,28.0,33.0,35.0,29.0,Education & Social Work
37.0,25.0,34.0,27.0,21.0,Suitable for any job
27.0,38.0,27.0,34.0,35.0,Suitable for any job
34.0,33.0,29.0,27.0,27.0,Suitable for any job
34.0,31.0,35.0,33.0,35.0,"Sales, Marketing & Management"
29.0,27.0,29.0,29.0,29.0,Suitable for any job
37.0,28.0,37.0,35.0,36.0,Education & Social Work
25.0,28.0,32.0,34.0,31.0,Suitable for any job
34.0,32.0,24.0,31.0,30.0,Education & Social Work
31.0,37.0,31.0,37.0,39.0,"Sales, Marketing & Management"
31.0,34.0,29.0,31.0,34.0,Education & Social Work
32.0,30.0,34.0,33.0,38.0,"Sales, Marketing & Management"
29.0,30.0,28.0,31.0,35.0,Suitable for any job
32.0,29.0,27.0,29.0,38.0,Suitable for any job
38.0,22.0,30.0,30.0,22.0,Education & Social Work
34.0,34.0,33.0,25.0,35.0,Suitable for any job
30.0,26.0,27.0,26.0,27.0,Suitable for any job
29.0,25.0,28.0,32.0,35.0,Suitable for any job
22.0,31.0,31.0,29.0,23.0,Suitable for any job
34.0,27.0,28.0,29.0,27.0,Suitable for any job
30.0,35.0,32.0,22.0,44.0,Suitable for any job
33.0,30.0,28.0,27.0,35.0,Suitable for any job
29.0,28.0,27.0,30.0,32.0,Suitable for any job
34.0,36.0,34.0,34.0,34.0,"Sales, Marketing & Management"
28.0,20.0,36.0,36.0,36.0,"Flexible, Less Structured Roles"
32.0,33.0,30.0,35.0,37.0,"Sales, Marketing & Management"
32.0,36.0,26.0,31.0,39.0,Education & Social Work
37.0,27.0,27.0,32.0,26.0,Education & Social Work
36.0,29.0,29.0,28.0,32.0,Suitable for any job
32.0,36.0,33.0,29.0,26.0,Suitable for any job
31.0,35.0,36.0,39.0,31.0,"Sales, Marketing & Management"
29.0,33.0,29.0,33.0,33.0,Suitable for any job
37.0,33.0,27.0,37.0,40.0,Education & Social Work
31.0,40.0,27.0,34.0,25.0,Education & Social Work
37.0,31.0,31.0,39.0,36.0,"Sales, Marketing & Management"
34.0,29.0,28.0,31.0,34.0,Education & Social Work
28.0,27.0,31.0,28.0,31.0,Suitable for any job
31.0,31.0,32.0,32.0,30.0,"Sales, Marketing & Management"
35.0,35.0,34.0,31.0,34.0,"Sales, Marketing & Management"
36.0,29.0,32.0,30.0,29.0,Education & Social Work
36.0,34.0,26.0,36.0,31.0,Education & Social Work
31.0,36.0,32.0,35.0,39.0,"Sales, Marketing & Management"
33.0,34.0,31.0,33.0,28.0,"Sales, Marketing & Management"
31.0,33.0,31.0,31.0,32.0,"Sales, Marketing & Management"
29.0,33.0,37.0,31.0,32.0,"Sales, Marketing & Management"
36.0,30.0,30.0,31.0,27.0,"Sales, Marketing & Management"
31.0,36.0,29.0,31.0,22.0,Education & Social Work
33.0,32.0,34.0,33.0,25.0,"Sales, Marketing & Management"
31.0,30.0,26.0,28.0,30.0,Suitable for any job
36.0,29.0,36.0,34.0,18.0,Education & Social Work
33.0,37.0,27.0,39.0,37.0,Education & Social Work
30.0,28.0,28.0,32.0,38.0,Education & Social Work
30.0,32.0,30.0,28.0,29.0,Suitable for any job
36.0,30.0,29.0,31.0,34.0,Education & Social Work
36.0,34.0,29.0,34.0,31.0,Education & Social Work
37.0,35.0,27.0,35.0,29.0,Education & Social Work
30.0,30.0,26.0,28.0,23.0,Suitable for any job
39.0,36.0,34.0,25.0,30.0,Suitable for any job
36.0,35.0,31.0,36.0,38.0,"Sales, Marketing & Management"
31.0,32.0,32.0,33.0,32.0,"Sales, Marketing & Management"
33.0,41.0,33.0,29.0,33.0,Suitable for any job
32.0,34.0,34.0,27.0,27.0,Suitable for any job
29.0,23.0,31.0,37.0,29.0,Suitable for any job
30.0,35.0,31.0,30.0,30.0,"Sales, Marketing & Management"
28.0,29.0,23.0,32.0,40.0,Suitable for any job
30.0,33.0,26.0,33.0,20.0,Healthcare & Support
35.0,31.0,30.0,33.0,32.0,"Sales, Marketing & Management"
21.0,33.0,27.0,32.0,28.0,Suitable for any job
36.0,31.0,34.0,32.0,30.0,"Sales, Marketing & Management"
33.0,33.0,36.0,35.0,30.0,"Sales, Marketing & Management"
32.0,33.0,29.0,29.0,30.0,Suitable for any job
32.0,30.0,32.0,32.0,23.0,"Sales, Marketing & Management"
37.0,22.0,32.0,30.0,18.0,Education & Social Work
31.0,34.0,35.0,36.0,36.0,"Sales, Marketing & Management"
34.0,34.0,30.0,33.0,36.0,"Sales, Marketing & Management"
34.0,32.0,30.0,32.0,39.0,"Sales, Marketing & Management"
33.0,34.0,26.0,31.0,30.0,Education & Social Work
35.0,32.0,35.0,34.0,31.0,"Sales, Marketing & Management"
34.0,36.0,38.0,32.0,31.0,"Sales, Marketing & Management"
32.0,29.0,30.0,33.0,30.0,Education & Social Work
25.0,31.0,29.0,29.0,28.0,Suitable for any job
33.0,30.0,30.0,33.0,31.0,"Sales, Marketing & Management"
34.0,32.0,34.0,36.0,30.0,"Sales, Marketing & Management"
32.0,32.0,30.0,37.0,25.0,"Sales, Marketing & Management"
40.0,44.0,36.0,32.0,26.0,"Sales, Marketing & Management"
31.0,31.0,32.0,35.0,41.0,"Sales, Marketing & Management"
37.0,29.0,26.0,27.0,36.0,Suitable for any job
34.0,26.0,30.0,30.0,21.0,Education & Social Work
31.0,36.0,31.0,32.0,24.0,"Sales, Marketing & Management"
28.0,31.0,31.0,30.0,28.0,"Sales, Marketing & Management"
30.0,33.0,33.0,33.0,22.0,"Sales, Marketing & Management"
35.0,32.0,29.0,24.0,24.0,Suitable for any job
34.0,33.0,33.0,33.0,35.0,"Sales, Marketing & Management"
34.0,28.0,37.0,33.0,27.0,Education & Social Work
37.0,34.0,29.0,32.0,21.0,Education & Social Work
34.0,30.0,28.0,29.0,33.0,Suitable for any job
35.0,35.0,28.0,34.0,32.0,Education & Social Work
31.0,32.0,33.0,32.0,37.0,"Sales, Marketing & Management"
35.0,37.0,30.0,33.0,37.0,"Sales, Marketing & Management"
29.0,30.0,33.0,30.0,32.0,"Sales, Marketing & Management"
35.0,36.0,33.0,29.0,33.0,Suitable for any job
28.0,26.0,26.0,26.0,29.0,Suitable for any job
38.0,33.0,28.0,31.0,25.0,Education & Social Work
29.0,28.0,28.0,28.0,25.0,Suitable for any job
38.0,35.0,32.0,39.0,44.0,"Sales, Marketing & Management"
27.0,28.0,28.0,27.0,24.0,Suitable for any job
30.0,30.0,28.0,32.0,27.0,Education & Social Work
30.0,32.0,24.0,33.0,29.0,Education & Social Work
31.0,35.0,33.0,35.0,24.0,"Sales, Marketing & Management"
39.0,29.0,29.0,23.0,44.0,Suitable for any job
33.0,28.0,31.0,24.0,23.0,Suitable for any job
32.0,31.0,28.0,31.0,35.0,Education & Social Work
28.0,25.0,27.0,30.0,40.0,Suitable for any job
27.0,25.0,32.0,34.0,31.0,Suitable for any job
30.0,27.0,30.0,30.0,27.0,Education & Social Work
28.0,24.0,37.0,31.0,33.0,Suitable for any job
32.0,31.0,29.0,29.0,31.0,Suitable for any job
33.0,31.0,26.0,25.0,34.0,Suitable for any job
28.0,31.0,29.0,35.0,24.0,Suitable for any job
31.0,28.0,32.0,35.0,46.0,Education & Social Work
22.0,21.0,29.0,29.0,22.0,Suitable for any job
34.0,31.0,29.0,31.0,31.0,Education & Social Work
31.0,30.0,29.0,29.0,27.0,Suitable for any job
33.0,28.0,39.0,38.0,27.0,Education & Social Work
33.0,30.0,30.0,27.0,32.0,Suitable for any job
31.0,27.0,34.0,33.0,26.0,Education & Social Work
34.0,31.0,31.0,33.0,21.0,"Sales, Marketing & Management"
38.0,33.0,40.0,35.0,30.0,"Sales, Marketing & Management"
38.0,35.0,34.0,34.0,35.0,"Sales, Marketing & Management"
35.0,33.0,34.0,33.0,25.0,"Sales, Marketing & Management"
30.0,37.0,33.0,34.0,20.0,Healthcare & Support
28.0,32.0,33.0,33.0,28.0,"Sales, Marketing & Management"
37.0,32.0,31.0,31.0,39.0,"Sales, Marketing & Management"
36.0,37.0,29.0,33.0,34.0,Education & Social Work
38.0,35.0,36.0,31.0,35.0,"Sales, Marketing & Management"
29.0,33.0,34.0,24.0,24.0,Suitable for any job
20.0,33.0,29.0,34.0,33.0,Corporate & Admin
31.0,35.0,29.0,33.0,40.0,Education & Social Work
32.0,35.0,29.0,31.0,26.0,Education & Social Work
36.0,31.0,35.0,34.0,39.0,"Sales, Marketing & Management"
34.0,34.0,28.0,29.0,34.0,Suitable for any job
35.0,29.0,19.0,24.0,13.0,Independent/Research
31.0,31.0,29.0,28.0,35.0,Suitable for any job
27.0,37.0,38.0,33.0,41.0,"Sales, Marketing & Management"
35.0,31.0,29.0,24.0,36.0,Suitable for any job
25.0,29.0,31.0,28.0,33.0,Suitable for any job
33.0,28.0,29.0,28.0,30.0,Suitable for any job
33.0,36.0,30.0,34.0,35.0,"Sales, Marketing & Management"
38.0,36.0,28.0,30.0,38.0,Education & Social Work
30.0,31.0,27.0,21.0,44.0,Suitable for any job
32.0,32.0,30.0,32.0,32.0,"Sales, Marketing & Management"
32.0,26.0,26.0,32.0,27.0,Education & Social Work
29.0,31.0,32.0,32.0,23.0,"Sales, Marketing & Management"
32.0,32.0,31.0,32.0,31.0,"Sales, Marketing & Management"
37.0,40.0,31.0,32.0,30.0,"Sales, Marketing & Management"
33.0,34.0,33.0,29.0,30.0,Suitable for any job
30.0,28.0,25.0,35.0,37.0,Education & Social Work
27.0,26.0,28.0,29.0,28.0,Suitable for any job
36.0,36.0,33.0,30.0,40.0,"Sales, Marketing & Management"
34.0,34.0,29.0,31.0,25.0,Education & Social Work
34.0,32.0,24.0,32.0,29.0,Education & Social Work
39.0,32.0,34.0,35.0,31.0,"Sales, Marketing & Management"
32.0,35.0,31.0,28.0,36.0,Suitable for any job
34.0,34.0,35.0,36.0,34.0,"Sales, Marketing & Management"
33.0,35.0,28.0,28.0,31.0,Suitable for any job
27.0,26.0,29.0,32.0,33.0,Suitable for any job
34.0,26.0,29.0,38.0,35.0,Education & Social Work
29.0,30.0,31.0,27.0,36.0,Suitable for any job
28.0,33.0,33.0,33.0,19.0,Healthcare & Support
30.0,28.0,29.0,28.0,26.0,Suitable for any job
34.0,31.0,33.0,36.0,24.0,"Sales, Marketing & Management"
28.0,27.0,34.0,31.0,25.0,Suitable for any job
33.0,31.0,30.0,34.0,21.0,"Sales, Marketing & Management"
28.0,32.0,26.0,33.0,34.0,Suitable for any job
29.0,30.0,32.0,31.0,29.0,"Sales, Marketing & Management"
34.0,37.0,28.0,29.0,28.0,Suitable for any job
34.0,32.0,24.0,29.0,33.0,Suitable for any job
33.0,29.0,33.0,42.0,31.0,Education & Social Work
27.0,31.0,38.0,28.0,21.0,Suitable for any job
31.0,30.0,32.0,33.0,19.0,Healthcare & Support
31.0,32.0,29.0,32.0,32.0,Education & Social Work
35.0,32.0,30.0,34.0,35.0,"Sales, Marketing & Management"
26.0,34.0,32.0,32.0,30.0,"Sales, Marketing & Management"
28.0,25.0,36.0,36.0,25.0,Suitable for any job
37.0,34.0,30.0,32.0,31.0,"Sales, Marketing & Management"
30.0,30.0,32.0,30.0,31.0,"Sales, Marketing & Management"
29.0,33.0,31.0,39.0,30.0,"Sales, Marketing & Management"
26.0,31.0,31.0,25.0,26.0,Suitable for any job
35.0,35.0,34.0,29.0,31.0,Suitable for any job
33.0,28.0,27.0,23.0,28.0,Suitable for any job
35.0,27.0,32.0,33.0,28.0,Education & Social Work
33.0,30.0,29.0,30.0,20.0,Healthcare & Support
33.0,31.0,32.0,28.0,38.0,Suitable for any job
37.0,29.0,30.0,30.0,25.0,Education & Social Work
36.0,28.0,30.0,29.0,35.0,Suitable for any job
36.0,23.0,33.0,23.0,46.0,Suitable for any job
34.0,32.0,31.0,32.0,24.0,"Sales, Marketing & Management"
35.0,26.0,32.0,23.0,29.0,Suitable for any job
30.0,34.0,27.0,29.0,33.0,Suitable for any job
36.0,24.0,32.0,30.0,34.0,Education & Social Work
31.0,27.0,29.0,32.0,28.0,Education & Social Work
33.0,32.0,30.0,25.0,39.0,Suitable for any job
31.0,31.0,36.0,31.0,21.0,"Sales, Marketing & Management"
32.0,41.0,29.0,35.0,37.0,Education & Social Work
36.0,31.0,28.0,37.0,35.0,Education & Social Work
40.0,32.0,30.0,39.0,46.0,"Sales, Marketing & Management"
39.0,38.0,30.0,35.0,30.0,"Sales, Marketing & Management"
32.0,33.0,33.0,27.0,34.0,Suitable for any job
32.0,28.0,30.0,37.0,25.0,Education & Social Work
32.0,34.0,29.0,37.0,31.0,Education & Social Work
30.0,34.0,37.0,33.0,42.0,"Sales, Marketing & Management"
24.0,25.0,32.0,32.0,33.0,Suitable for any job
28.0,31.0,26.0,32.0,31.0,Suitable for any job
32.0,27.0,36.0,31.0,36.0,Education & Social Work
28.0,32.0,29.0,36.0,27.0,Suitable for any job
26.0,27.0,27.0,32.0,38.0,Suitable for any job
30.0,34.0,33.0,33.0,22.0,"Sales, Marketing & Management"
36.0,26.0,33.0,31.0,37.0,Education & Social Work
38.0,38.0,26.0,36.0,32.0,Education & Social Work
35.0,34.0,33.0,31.0,30.0,"Sales, Marketing & Management"
33.0,25.0,33.0,33.0,28.0,Education & Social Work
37.0,26.0,23.0,28.0,34.0,Suitable for any job
42.0,30.0,24.0,34.0,30.0,Education & Social Work
32.0,31.0,27.0,27.0,33.0,Suitable for any job
34.0,38.0,30.0,35.0,31.0,"Sales, Marketing & Management"
35.0,28.0,27.0,29.0,20.0,Suitable for any job
37.0,30.0,27.0,27.0,27.0,Suitable for any job
35.0,33.0,32.0,37.0,39.0,"Sales, Marketing & Management"
30.0,35.0,32.0,30.0,30.0,"Sales, Marketing & Management"
31.0,38.0,29.0,24.0,33.0,Suitable for any job
35.0,35.0,30.0,36.0,37.0,"Sales, Marketing & Management"
29.0,34.0,33.0,36.0,35.0,"Sales, Marketing & Management"
31.0,32.0,33.0,34.0,35.0,"Sales, Marketing & Management"
38.0,31.0,30.0,31.0,20.0,Healthcare & Support
26.0,36.0,32.0,32.0,35.0,"Sales, Marketing & Management"
38.0,35.0,31.0,35.0,45.0,"Sales, Marketing & Management"
28.0,29.0,31.0,32.0,29.0,Suitable for any job
34.0,35.0,27.0,32.0,31.0,Education & Social Work
38.0,32.0,28.0,35.0,41.0,Education & Social Work
40.0,33.0,32.0,30.0,33.0,"Sales, Marketing & Management"
36.0,34.0,27.0,33.0,31.0,Education & Social Work
37.0,29.0,33.0,34.0,25.0,Education & Social Work
35.0,32.0,30.0,35.0,30.0,"Sales, Marketing & Management"
33.0,33.0,33.0,29.0,25.0,Suitable for any job
41.0,32.0,23.0,20.0,42.0,Suitable for any job
30.0,36.0,31.0,33.0,32.0,"Sales, Marketing & Management"
34.0,33.0,27.0,36.0,34.0,Education & Social Work
27.0,36.0,30.0,33.0,21.0,"Sales, Marketing & Management"
36.0,34.0,36.0,37.0,30.0,"Sales, Marketing & Management"
34.0,27.0,29.0,30.0,25.0,Education & Social Work
31.0,27.0,32.0,36.0,37.0,Education & Social Work
36.0,32.0,30.0,32.0,24.0,"Sales, Marketing & Management"
37.0,37.0,30.0,29.0,33.0,Suitable for any job
32.0,29.0,37.0,30.0,30.0,Education & Social Work
37.0,32.0,27.0,32.0,27.0,Education & Social Work
29.0,33.0,28.0,31.0,38.0,Suitable for any job
33.0,33.0,33.0,32.0,28.0,"Sales, Marketing & Management"
31.0,30.0,31.0,26.0,33.0,Suitable for any job
35.0,33.0,29.0,35.0,20.0,Healthcare & Support
26.0,27.0,28.0,32.0,33.0,Suitable for any job
34.0,25.0,29.0,28.0,22.0,Suitable for any job
24.0,27.0,27.0,32.0,41.0,Suitable for any job
39.0,34.0,28.0,24.0,22.0,Suitable for any job
26.0,28.0,30.0,31.0,25.0,Suitable for any job
37.0,27.0,32.0,30.0,31.0,Education & Social Work
34.0,34.0,26.0,32.0,35.0,Education & Social Work
28.0,28.0,27.0,23.0,28.0,Suitable for any job
37.0,37.0,33.0,33.0,31.0,"Sales, Marketing & Management"
35.0,38.0,28.0,32.0,17.0,Healthcare & Support
32.0,31.0,25.0,37.0,41.0,Education & Social Work
43.0,36.0,20.0,42.0,40.0,Technical Expert Roles
32.0,31.0,29.0,29.0,30.0,Suitable for any job
35.0,31.0,25.0,34.0,27.0,Education & Social Work
30.0,27.0,30.0,29.0,29.0,Suitable for any job
34.0,31.0,30.0,35.0,34.0,"Sales, Marketing & Management"
28.0,32.0,30.0,33.0,37.0,"Sales, Marketing & Management"
36.0,32.0,30.0,31.0,36.0,"Sales, Marketing & Management"
28.0,26.0,31.0,27.0,38.0,Suitable for any job
35.0,34.0,29.0,37.0,43.0,Education & Social Work
32.0,30.0,30.0,37.0,36.0,"Sales, Marketing & Management"
32.0,34.0,29.0,38.0,38.0,Education & Social Work
38.0,33.0,29.0,33.0,19.0,Healthcare & Support
38.0,34.0,30.0,28.0,22.0,Suitable for any job
30.0,31.0,29.0,32.0,26.0,Education & Social Work
32.0,29.0,29.0,28.0,26.0,Suitable for any job
36.0,25.0,24.0,35.0,43.0,Education & Social Work
32.0,29.0,31.0,31.0,26.0,Education & Social Work
34.0,29.0,34.0,31.0,30.0,Education & Social Work
29.0,29.0,35.0,30.0,36.0,Suitable for any job
35.0,34.0,33.0,34.0,18.0,Healthcare & Support
29.0,26.0,42.0,25.0,18.0,Suitable for any job
28.0,30.0,31.0,30.0,26.0,"Sales, Marketing & Management"
33.0,33.0,36.0,29.0,31.0,Suitable for any job
28.0,34.0,26.0,34.0,33.0,Suitable for any job
32.0,24.0,30.0,27.0,26.0,Suitable for any job
34.0,32.0,31.0,35.0,25.0,"Sales, Marketing & Management"
33.0,30.0,27.0,34.0,40.0,Education & Social Work
33.0,30.0,27.0,32.0,29.0,Education & Social Work
31.0,31.0,29.0,36.0,35.0,Education & Social Work
37.0,32.0,33.0,33.0,26.0,"Sales, Marketing & Management"
38.0,27.0,29.0,31.0,37.0,Education & Social Work
36.0,38.0,31.0,35.0,33.0,"Sales, Marketing & Management"
37.0,32.0,29.0,30.0,36.0,Education & Social Work
25.0,28.0,33.0,34.0,30.0,Suitable for any job
36.0,34.0,30.0,34.0,21.0,"Sales, Marketing & Management"
33.0,39.0,28.0,30.0,19.0,Healthcare & Support
31.0,32.0,30.0,31.0,44.0,"Sales, Marketing & Management"
32.0,31.0,30.0,28.0,39.0,Suitable for any job
32.0,30.0,31.0,33.0,42.0,"Sales, Marketing & Management"
38.0,33.0,25.0,30.0,39.0,Education & Social Work
37.0,33.0,28.0,26.0,38.0,Suitable for any job
30.0,32.0,26.0,31.0,26.0,Education & Social Work
30.0,34.0,35.0,33.0,43.0,"Sales, Marketing & Management"
35.0,29.0,30.0,33.0,32.0,Education & Social Work
37.0,35.0,31.0,31.0,30.0,"Sales, Marketing & Management"
37.0,29.0,27.0,34.0,35.0,Education & Social Work
34.0,31.0,28.0,28.0,26.0,Suitable for any job
37.0,24.0,31.0,32.0,28.0,Education & Social Work
30.0,28.0,31.0,32.0,28.0,Education & Social Work
36.0,33.0,23.0,31.0,36.0,Education & Social Work
30.0,32.0,30.0,34.0,38.0,"Sales, Marketing & Management"
31.0,36.0,28.0,36.0,35.0,Education & Social Work
31.0,30.0,34.0,29.0,40.0,Suitable for any job
32.0,25.0,33.0,27.0,22.0,Suitable for any job
27.0,29.0,32.0,32.0,30.0,Suitable for any job
31.0,33.0,31.0,30.0,29.0,"Sales, Marketing & Management"
29.0,31.0,30.0,31.0,21.0,"Sales, Marketing & Management"
30.0,32.0,35.0,35.0,32.0,"Sales, Marketing & Management"
36.0,27.0,33.0,30.0,28.0,Education & Social Work
32.0,32.0,31.0,28.0,38.0,Suitable for any job
29.0,24.0,39.0,28.0,20.0,Suitable for any job
36.0,26.0,28.0,31.0,33.0,Education & Social Work
34.0,38.0,33.0,31.0,20.0,Healthcare & Support
34.0,32.0,29.0,32.0,29.0,Education & Social Work
27.0,30.0,31.0,28.0,27.0,Suitable for any job
30.0,33.0,29.0,37.0,35.0,Education & Social Work
34.0,38.0,31.0,32.0,34.0,"Sales, Marketing & Management"
35.0,37.0,30.0,37.0,20.0,Healthcare & Support
36.0,31.0,32.0,26.0,25.0,Suitable for any job
34.0,34.0,26.0,32.0,22.0,Education & Social Work
31.0,29.0,31.0,34.0,19.0,Education & Social Work
31.0,28.0,21.0,23.0,31.0,Suitable for any job
36.0,28.0,31.0,29.0,23.0,Suitable for any job
39.0,29.0,30.0,30.0,19.0,Education & Social Work
38.0,39.0,39.0,38.0,41.0,"Sales, Marketing & Management"
36.0,27.0,27.0,31.0,29.0,Education & Social Work
35.0,36.0,29.0,35.0,28.0,Education & Social Work
37.0,37.0,31.0,37.0,30.0,"Sales, Marketing & Management"
35.0,32.0,36.0,33.0,33.0,"Sales, Marketing & Management"
35.0,29.0,29.0,31.0,33.0,Education & Social Work
29.0,31.0,28.0,34.0,27.0,Suitable for any job
37.0,33.0,34.0,33.0,40.0,"Sales, Marketing & Management"
35.0,33.0,40.0,25.0,21.0,Suitable for any job
32.0,35.0,28.0,31.0,35.0,Education & Social Work
37.0,29.0,33.0,34.0,34.0,Education & Social Work
37.0,31.0,33.0,31.0,29.0,"Sales, Marketing & Management"
32.0,32.0,34.0,34.0,26.0,"Sales, Marketing & Management"
32.0,33.0,36.0,32.0,36.0,"Sales, Marketing & Management"
38.0,30.0,18.0,28.0,36.0,Technical Expert Roles
32.0,29.0,32.0,30.0,30.0,Education & Social Work
29.0,39.0,30.0,30.0,36.0,"Sales, Marketing & Management"
38.0,39.0,38.0,33.0,26.0,"Sales, Marketing & Management"
33.0,34.0,31.0,31.0,29.0,"Sales, Marketing & Management"
36.0,35.0,29.0,34.0,26.0,Education & Social Work
27.0,37.0,25.0,38.0,46.0,Suitable for any job
35.0,30.0,36.0,35.0,17.0,Healthcare & Support
38.0,27.0,28.0,30.0,32.0,Education & Social Work
35.0,31.0,28.0,31.0,30.0,Education & Social Work
37.0,32.0,30.0,34.0,27.0,"Sales, Marketing & Management"
34.0,27.0,35.0,31.0,27.0,Education & Social Work
38.0,29.0,34.0,30.0,34.0,Education & Social Work
33.0,28.0,29.0,32.0,32.0,Education & Social Work
29.0,36.0,36.0,27.0,39.0,Suitable for any job
30.0,30.0,31.0,27.0,35.0,Suitable for any job
35.0,32.0,32.0,33.0,27.0,"Sales, Marketing & Management"
30.0,32.0,31.0,33.0,28.0,"Sales, Marketing & Management"
30.0,23.0,31.0,27.0,20.0,Suitable for any job
33.0,32.0,36.0,37.0,27.0,"Sales, Marketing & Management"
31.0,34.0,30.0,34.0,38.0,"Sales, Marketing & Management"
32.0,31.0,25.0,29.0,35.0,Suitable for any job
43.0,35.0,25.0,30.0,33.0,Education & Social Work
34.0,31.0,28.0,33.0,41.0,Education & Social Work
31.0,33.0,33.0,36.0,20.0,Healthcare & Support
31.0,30.0,33.0,31.0,32.0,"Sales, Marketing & Management"
34.0,30.0,29.0,27.0,26.0,Suitable for any job
35.0,34.0,35.0,37.0,25.0,"Sales, Marketing & Management"
36.0,27.0,33.0,33.0,30.0,Education & Social Work
29.0,30.0,28.0,34.0,20.0,Healthcare & Support
31.0,28.0,32.0,27.0,28.0,Suitable for any job
36.0,26.0,32.0,35.0,33.0,Education & Social Work
34.0,40.0,35.0,33.0,43.0,"Sales, Marketing & Management"
38.0,40.0,33.0,35.0,44.0,"Sales, Marketing & Management"
30.0,35.0,27.0,35.0,39.0,Education & Social Work
32.0,41.0,24.0,28.0,26.0,Suitable for any job
33.0,30.0,34.0,31.0,25.0,"Sales, Marketing & Management"
29.0,32.0,32.0,34.0,36.0,"Sales, Marketing & Management"
30.0,38.0,29.0,34.0,42.0,Education & Social Work
39.0,35.0,25.0,24.0,42.0,Suitable for any job
36.0,27.0,29.0,29.0,23.0,Suitable for any job
30.0,28.0,29.0,34.0,16.0,Education & Social Work
34.0,26.0,34.0,28.0,32.0,Suitable for any job
35.0,28.0,35.0,34.0,23.0,Education & Social Work
30.0,27.0,30.0,32.0,22.0,Education & Social Work
35.0,34.0,33.0,38.0,43.0,"Sales, Marketing & Management"
29.0,29.0,30.0,32.0,21.0,Suitable for any job
33.0,32.0,32.0,32.0,29.0,"Sales, Marketing & Management"
38.0,38.0,32.0,33.0,17.0,Healthcare & Support
30.0,31.0,36.0,30.0,46.0,"Sales, Marketing & Management"
38.0,34.0,29.0,33.0,34.0,Education & Social Work
34.0,27.0,32.0,33.0,45.0,Education & Social Work
32.0,33.0,30.0,30.0,29.0,"Sales, Marketing & Management"
36.0,34.0,22.0,23.0,30.0,Suitable for any job
29.0,27.0,31.0,28.0,38.0,Suitable for any job
35.0,32.0,26.0,34.0,18.0,Healthcare & Support
32.0,27.0,31.0,36.0,29.0,Education & Social Work
29.0,30.0,29.0,33.0,31.0,Suitable for any job
25.0,30.0,34.0,23.0,29.0,Suitable for any job
27.0,28.0,35.0,29.0,27.0,Suitable for any job
29.0,31.0,31.0,24.0,25.0,Suitable for any job
29.0,34.0,31.0,28.0,38.0,Suitable for any job
30.0,27.0,31.0,33.0,27.0,Education & Social Work
32.0,30.0,33.0,39.0,42.0,"Sales, Marketing & Management"
30.0,33.0,35.0,34.0,35.0,"Sales, Marketing & Management"
33.0,25.0,29.0,32.0,25.0,Education & Social Work
35.0,33.0,26.0,31.0,25.0,Education & Social Work
32.0,29.0,32.0,34.0,19.0,Education & Social Work
36.0,34.0,29.0,33.0,28.0,Education & Social Work
38.0,30.0,23.0,22.0,24.0,Suitable for any job
35.0,35.0,29.0,25.0,19.0,Suitable for any job
35.0,30.0,31.0,29.0,29.0,Suitable for any job
35.0,33.0,25.0,29.0,25.0,Suitable for any job
32.0,23.0,31.0,37.0,22.0,Education & Social Work
38.0,28.0,27.0,27.0,30.0,Suitable for any job
30.0,34.0,27.0,32.0,31.0,Education & Social Work
33.0,28.0,28.0,31.0,34.0,Education & Social Work
33.0,36.0,28.0,30.0,43.0,Education & Social Work
29.0,35.0,32.0,28.0,21.0,Suitable for any job
34.0,31.0,34.0,31.0,30.0,"Sales, Marketing & Management"
31.0,36.0,30.0,37.0,36.0,"Sales, Marketing & Management"
28.0,26.0,31.0,30.0,32.0,Suitable for any job
31.0,31.0,32.0,32.0,33.0,"Sales, Marketing & Management"
30.0,30.0,34.0,37.0,38.0,"Sales, Marketing & Management"
31.0,34.0,34.0,28.0,37.0,Suitable for any job
36.0,29.0,29.0,32.0,25.0,Education & Social Work
31.0,36.0,38.0,29.0,22.0,Suitable for any job
33.0,32.0,32.0,33.0,26.0,"Sales, Marketing & Management"
36.0,31.0,28.0,26.0,26.0,Suitable for any job
35.0,30.0,32.0,31.0,35.0,"Sales, Marketing & Management"
36.0,18.0,32.0,29.0,18.0,Creative Freelance & Innovation
30.0,27.0,26.0,25.0,26.0,Suitable for any job
33.0,34.0,22.0,33.0,29.0,Education & Social Work
29.0,29.0,29.0,32.0,29.0,Suitable for any job
33.0,33.0,26.0,25.0,32.0,Suitable for any job
32.0,30.0,31.0,32.0,35.0,"Sales, Marketing & Management"
34.0,25.0,30.0,34.0,19.0,Education & Social Work
38.0,29.0,28.0,32.0,28.0,Education & Social Work
30.0,31.0,29.0,28.0,19.0,Suitable for any job
30.0,30.0,32.0,27.0,25.0,Suitable for any job
32.0,27.0,27.0,33.0,34.0,Education & Social Work
35.0,32.0,37.0,37.0,40.0,"Sales, Marketing & Management"
24.0,32.0,34.0,35.0,32.0,"Sales, Marketing & Management"
36.0,35.0,29.0,34.0,28.0,Education & Social Work
29.0,36.0,27.0,35.0,18.0,Healthcare & Support
30.0,33.0,29.0,28.0,29.0,Suitable for any job
29.0,31.0,28.0,28.0,25.0,Suitable for any job
35.0,37.0,30.0,33.0,34.0,"Sales, Marketing & Management"
30.0,32.0,25.0,32.0,22.0,Education & Social Work
32.0,35.0,31.0,30.0,30.0,"Sales, Marketing & Management"
31.0,33.0,34.0,31.0,25.0,"Sales, Marketing & Management"
37.0,27.0,32.0,31.0,31.0,Education & Social Work
32.0,41.0,30.0,34.0,35.0,"Sales, Marketing & Management"
36.0,36.0,33.0,32.0,30.0,"Sales, Marketing & Management"
35.0,33.0,34.0,33.0,32.0,"Sales, Marketing & Management"
33.0,36.0,34.0,29.0,28.0,Suitable for any job
34.0,36.0,35.0,29.0,38.0,Suitable for any job
27.0,27.0,30.0,32.0,26.0,Suitable for any job
30.0,27.0,32.0,31.0,38.0,Education & Social Work
33.0,31.0,36.0,26.0,32.0,Suitable for any job
36.0,32.0,36.0,35.0,22.0,"Sales, Marketing & Management"
31.0,31.0,29.0,28.0,23.0,Suitable for any job
40.0,29.0,29.0,32.0,40.0,Education & Social Work
28.0,33.0,32.0,26.0,27.0,Suitable for any job
34.0,33.0,31.0,33.0,42.0,"Sales, Marketing & Management"
34.0,32.0,29.0,31.0,35.0,Education & Social Work
34.0,34.0,32.0,33.0,34.0,"Sales, Marketing & Management"
30.0,33.0,33.0,34.0,27.0,"Sales, Marketing & Management"
33.0,28.0,30.0,31.0,30.0,Education & Social Work
40.0,40.0,40.0,40.0,40.0,"Sales, Marketing & Management"
28.0,25.0,28.0,26.0,39.0,Suitable for any job
36.0,36.0,31.0,33.0,35.0,"Sales, Marketing & Management"
38.0,38.0,34.0,24.0,34.0,Suitable for any job
31.0,31.0,29.0,31.0,31.0,Education & Social Work
33.0,31.0,28.0,30.0,29.0,Education & Social Work
31.0,32.0,27.0,32.0,29.0,Education & Social Work
33.0,34.0,38.0,35.0,32.0,"Sales, Marketing & Management"
25.0,27.0,34.0,29.0,30.0,Suitable for any job
28.0,27.0,26.0,29.0,31.0,Suitable for any job
33.0,28.0,30.0,33.0,29.0,Education & Social Work
32.0,31.0,28.0,32.0,29.0,Education & Social Work
35.0,38.0,28.0,31.0,36.0,Education & Social Work
25.0,32.0,30.0,30.0,21.0,"Sales, Marketing & Management"
33.0,32.0,38.0,35.0,36.0,"Sales, Marketing & Management"
33.0,37.0,30.0,31.0,24.0,"Sales, Marketing & Management"
30.0,27.0,29.0,29.0,31.0,Suitable for any job
30.0,33.0,35.0,31.0,38.0,"Sales, Marketing & Management"
35.0,34.0,33.0,36.0,35.0,"Sales, Marketing & Management"
35.0,35.0,31.0,36.0,29.0,"Sales, Marketing & Management"
26.0,24.0,30.0,28.0,34.0,Suitable for any job
31.0,28.0,29.0,29.0,32.0,Suitable for any job
30.0,24.0,27.0,27.0,24.0,Suitable for any job
36.0,26.0,34.0,30.0,19.0,Education & Social Work
38.0,34.0,32.0,26.0,16.0,High-Pressure & Leadership Roles
33.0,34.0,27.0,27.0,21.0,Suitable for any job
27.0,30.0,30.0,32.0,27.0,"Sales, Marketing & Management"
34.0,30.0,42.0,22.0,18.0,High-Pressure & Leadership Roles
32.0,25.0,34.0,28.0,23.0,Suitable for any job
37.0,28.0,30.0,32.0,26.0,Education & Social Work
33.0,36.0,32.0,36.0,30.0,"Sales, Marketing & Management"
38.0,29.0,27.0,32.0,28.0,Education & Social Work
32.0,30.0,30.0,28.0,36.0,Suitable for any job
29.0,29.0,27.0,31.0,34.0,Suitable for any job
33.0,32.0,29.0,29.0,24.0,Suitable for any job
29.0,37.0,34.0,35.0,28.0,"Sales, Marketing & Management"
33.0,31.0,29.0,34.0,34.0,Education & Social Work
32.0,32.0,32.0,30.0,27.0,"Sales, Marketing & Management"
33.0,29.0,26.0,28.0,33.0,Suitable for any job
0.0,0.0,1.0,2.0,1.0,Suitable for any job
32.0,30.0,27.0,30.0,27.0,Education & Social Work
29.0,38.0,37.0,39.0,37.0,"Sales, Marketing & Management"
32.0,31.0,30.0,31.0,34.0,"Sales, Marketing & Management"
32.0,28.0,29.0,32.0,25.0,Education & Social Work
32.0,26.0,26.0,32.0,26.0,Education & Social Work
33.0,30.0,32.0,35.0,21.0,"Sales, Marketing & Management"
36.0,26.0,25.0,29.0,28.0,Suitable for any job
31.0,29.0,28.0,27.0,31.0,Suitable for any job
31.0,34.0,27.0,33.0,43.0,Education & Social Work
28.0,31.0,31.0,31.0,23.0,"Sales, Marketing & Management"
33.0,29.0,32.0,32.0,27.0,Education & Social Work
21.0,28.0,29.0,34.0,29.0,Suitable for any job
34.0,32.0,31.0,31.0,37.0,"Sales, Marketing & Management"
35.0,36.0,35.0,32.0,21.0,"Sales, Marketing & Management"
38.0,42.0,34.0,41.0,30.0,"Sales, Marketing & Management"
33.0,32.0,28.0,30.0,36.0,Education & Social Work
33.0,29.0,39.0,31.0,38.0,Education & Social Work
35.0,28.0,32.0,34.0,35.0,Education & Social Work
28.0,34.0,32.0,29.0,27.0,Suitable for any job
37.0,34.0,34.0,34.0,45.0,"Sales, Marketing & Management"
34.0,27.0,30.0,32.0,36.0,Education & Social Work
37.0,38.0,29.0,23.0,46.0,Suitable for any job
37.0,31.0,31.0,39.0,41.0,"Sales, Marketing & Management"
31.0,32.0,30.0,28.0,36.0,Suitable for any job
33.0,28.0,27.0,32.0,35.0,Education & Social Work
38.0,34.0,29.0,30.0,36.0,Education & Social Work
34.0,30.0,29.0,25.0,37.0,Suitable for any job
30.0,30.0,30.0,20.0,29.0,Competitive & Assertive Jobs
31.0,31.0,32.0,32.0,40.0,"Sales, Marketing & Management"
35.0,31.0,29.0,32.0,32.0,Education & Social Work
30.0,35.0,29.0,32.0,23.0,Education & Social Work
22.0,31.0,32.0,29.0,25.0,Suitable for any job
32.0,31.0,32.0,33.0,25.0,"Sales, Marketing & Management"
32.0,29.0,30.0,29.0,26.0,Suitable for any job
27.0,29.0,27.0,30.0,25.0,Suitable for any job
34.0,37.0,34.0,31.0,33.0,"Sales, Marketing & Management"
34.0,36.0,32.0,30.0,32.0,"Sales, Marketing & Management"
33.0,27.0,27.0,34.0,32.0,Education & Social Work
36.0,32.0,28.0,33.0,28.0,Education & Social Work
38.0,34.0,30.0,34.0,22.0,"Sales, Marketing & Management"
33.0,31.0,28.0,31.0,31.0,Education & Social Work
33.0,32.0,32.0,30.0,33.0,"Sales, Marketing & Management"
31.0,31.0,29.0,29.0,38.0,Suitable for any job
36.0,26.0,28.0,27.0,19.0,Suitable for any job
29.0,28.0,37.0,33.0,36.0,Suitable for any job
33.0,34.0,33.0,25.0,27.0,Suitable for any job
31.0,36.0,31.0,31.0,17.0,Healthcare & Support
37.0,31.0,29.0,28.0,25.0,Suitable for any job
33.0,33.0,25.0,27.0,23.0,Suitable for any job
32.0,31.0,30.0,29.0,19.0,High-Pressure & Leadership Roles
37.0,32.0,39.0,31.0,26.0,"Sales, Marketing & Management"
33.0,35.0,25.0,30.0,26.0,Education & Social Work
32.0,31.0,33.0,33.0,27.0,"Sales, Marketing & Management"
34.0,25.0,36.0,30.0,24.0,Education & Social Work
28.0,34.0,26.0,25.0,42.0,Suitable for any job
37.0,29.0,29.0,26.0,21.0,Suitable for any job
26.0,32.0,29.0,28.0,35.0,Suitable for any job
36.0,33.0,31.0,37.0,34.0,"Sales, Marketing & Management"
34.0,32.0,26.0,34.0,26.0,Education & Social Work
34.0,27.0,29.0,32.0,42.0,Education & Social Work
35.0,24.0,27.0,27.0,21.0,Suitable for any job
29.0,30.0,29.0,30.0,26.0,Suitable for any job
29.0,29.0,36.0,31.0,24.0,Suitable for any job
38.0,31.0,31.0,32.0,24.0,"Sales, Marketing & Management"
30.0,33.0,24.0,32.0,40.0,Education & Social Work
34.0,33.0,31.0,31.0,36.0,"Sales, Marketing & Management"
34.0,34.0,29.0,34.0,32.0,Education & Social Work
27.0,27.0,31.0,33.0,34.0,Suitable for any job
26.0,24.0,25.0,24.0,32.0,Suitable for any job
33.0,29.0,27.0,34.0,33.0,Education & Social Work
32.0,33.0,33.0,30.0,26.0,"Sales, Marketing & Management"
38.0,34.0,35.0,30.0,32.0,"Sales, Marketing & Management"
30.0,24.0,29.0,37.0,32.0,Education & Social Work
33.0,33.0,32.0,26.0,28.0,Suitable for any job
30.0,30.0,33.0,29.0,37.0,Suitable for any job
29.0,27.0,21.0,32.0,25.0,Suitable for any job
33.0,30.0,27.0,36.0,16.0,Healthcare & Support
32.0,26.0,30.0,33.0,20.0,Education & Social Work
40.0,29.0,28.0,29.0,26.0,Suitable for any job
32.0,35.0,30.0,29.0,27.0,Suitable for any job
27.0,32.0,30.0,29.0,21.0,Suitable for any job
35.0,28.0,32.0,34.0,32.0,Education & Social Work
33.0,33.0,28.0,33.0,31.0,Education & Social Work
36.0,32.0,31.0,31.0,19.0,Healthcare & Support
36.0,33.0,28.0,35.0,35.0,Education & Social Work
37.0,25.0,35.0,30.0,18.0,Education & Social Work
34.0,34.0,27.0,31.0,32.0,Education & Social Work
35.0,29.0,31.0,33.0,45.0,Education & Social Work
35.0,31.0,36.0,33.0,37.0,"Sales, Marketing & Management"
30.0,31.0,29.0,31.0,39.0,Education & Social Work
34.0,32.0,29.0,31.0,37.0,Education & Social Work
31.0,31.0,31.0,35.0,31.0,"Sales, Marketing & Management"
38.0,32.0,34.0,32.0,25.0,"Sales, Marketing & Management"
36.0,35.0,32.0,30.0,26.0,"Sales, Marketing & Management"
35.0,37.0,34.0,34.0,33.0,"Sales, Marketing & Management"
36.0,35.0,33.0,34.0,38.0,"Sales, Marketing & Management"
28.0,24.0,23.0,37.0,40.0,Suitable for any job
31.0,30.0,33.0,29.0,23.0,Suitable for any job
34.0,36.0,34.0,28.0,33.0,Suitable for any job
31.0,29.0,27.0,30.0,25.0,Education & Social Work
31.0,32.0,32.0,28.0,31.0,Suitable for any job
31.0,34.0,27.0,31.0,21.0,Education & Social Work
37.0,28.0,27.0,37.0,38.0,Education & Social Work
38.0,29.0,30.0,27.0,28.0,Suitable for any job
25.0,27.0,25.0,31.0,37.0,Suitable for any job
33.0,40.0,28.0,30.0,36.0,Education & Social Work
33.0,33.0,27.0,39.0,31.0,Education & Social Work
32.0,27.0,35.0,28.0,21.0,Suitable for any job
30.0,35.0,26.0,31.0,37.0,Education & Social Work
36.0,32.0,28.0,35.0,30.0,Education & Social Work
29.0,34.0,34.0,31.0,37.0,"Sales, Marketing & Management"
32.0,31.0,29.0,35.0,19.0,Healthcare & Support
35.0,36.0,33.0,34.0,28.0,"Sales, Marketing & Management"
32.0,29.0,32.0,28.0,27.0,Suitable for any job
36.0,24.0,32.0,29.0,25.0,Suitable for any job
35.0,28.0,30.0,34.0,35.0,Education & Social Work
31.0,30.0,29.0,29.0,34.0,Suitable for any job
29.0,30.0,30.0,25.0,27.0,Suitable for any job
36.0,36.0,34.0,37.0,29.0,"Sales, Marketing & Management"
35.0,29.0,33.0,32.0,28.0,Education & Social Work
33.0,33.0,31.0,32.0,30.0,"Sales, Marketing & Management"
37.0,26.0,26.0,25.0,28.0,Suitable for any job
35.0,32.0,27.0,31.0,33.0,Education & Social Work
38.0,32.0,34.0,34.0,34.0,"Sales, Marketing & Management"
29.0,27.0,27.0,30.0,33.0,Suitable for any job
32.0,30.0,33.0,40.0,29.0,"Sales, Marketing & Management"
36.0,29.0,27.0,29.0,35.0,Suitable for any job
28.0,31.0,32.0,34.0,34.0,"Sales, Marketing & Management"
37.0,35.0,32.0,29.0,29.0,Suitable for any job
27.0,24.0,23.0,41.0,38.0,Suitable for any job
32.0,31.0,39.0,35.0,23.0,"Sales, Marketing & Management"
33.0,27.0,25.0,36.0,16.0,Education & Social Work
31.0,34.0,31.0,29.0,29.0,Suitable for any job
36.0,33.0,32.0,34.0,30.0,"Sales, Marketing & Management"
33.0,26.0,31.0,31.0,34.0,Education & Social Work
39.0,35.0,37.0,37.0,40.0,"Sales, Marketing & Management"
28.0,26.0,33.0,32.0,26.0,Suitable for any job
31.0,35.0,32.0,33.0,36.0,"Sales, Marketing & Management"
29.0,26.0,28.0,29.0,31.0,Suitable for any job
36.0,36.0,26.0,28.0,35.0,Suitable for any job
32.0,29.0,26.0,24.0,18.0,Suitable for any job
39.0,33.0,27.0,34.0,35.0,Education & Social Work
35.0,26.0,31.0,30.0,41.0,Education & Social Work
38.0,34.0,35.0,34.0,28.0,"Sales, Marketing & Management"
29.0,31.0,34.0,31.0,31.0,"Sales, Marketing & Management"
39.0,30.0,33.0,36.0,34.0,"Sales, Marketing & Management"
40.0,30.0,28.0,26.0,33.0,Suitable for any job
32.0,29.0,29.0,29.0,23.0,Suitable for any job
35.0,33.0,30.0,37.0,33.0,"Sales, Marketing & Management"
31.0,33.0,27.0,31.0,30.0,Education & Social Work
34.0,38.0,30.0,50.0,42.0,"Sales, Marketing & Management"
35.0,29.0,27.0,30.0,42.0,Education & Social Work
34.0,32.0,27.0,29.0,37.0,Suitable for any job
36.0,31.0,37.0,30.0,33.0,"Sales, Marketing & Management"
33.0,30.0,30.0,32.0,22.0,"Sales, Marketing & Management"
27.0,30.0,27.0,29.0,38.0,Suitable for any job
36.0,40.0,29.0,31.0,35.0,Education & Social Work
38.0,34.0,26.0,25.0,38.0,Suitable for any job
26.0,28.0,29.0,31.0,29.0,Suitable for any job
33.0,30.0,35.0,34.0,23.0,"Sales, Marketing & Management"
34.0,33.0,26.0,28.0,26.0,Suitable for any job
34.0,39.0,32.0,43.0,35.0,"Sales, Marketing & Management"
34.0,35.0,31.0,27.0,31.0,Suitable for any job
39.0,35.0,26.0,31.0,31.0,Education & Social Work
29.0,31.0,25.0,37.0,39.0,Suitable for any job
30.0,26.0,33.0,32.0,25.0,Education & Social Work
34.0,29.0,33.0,28.0,28.0,Suitable for any job
31.0,34.0,36.0,36.0,34.0,"Sales, Marketing & Management"
36.0,34.0,23.0,35.0,42.0,Education & Social Work
20.0,31.0,31.0,39.0,41.0,"Sales, Marketing & Management"
37.0,30.0,24.0,34.0,19.0,Healthcare & Support
31.0,27.0,28.0,28.0,27.0,Suitable for any job
30.0,30.0,30.0,30.0,24.0,"Sales, Marketing & Management"
37.0,25.0,29.0,35.0,18.0,Education & Social Work
32.0,36.0,28.0,31.0,30.0,Education & Social Work
25.0,32.0,28.0,33.0,31.0,Suitable for any job
33.0,30.0,25.0,29.0,20.0,Suitable for any job
38.0,36.0,28.0,28.0,31.0,Suitable for any job
28.0,25.0,32.0,33.0,20.0,Suitable for any job
29.0,30.0,28.0,30.0,34.0,Suitable for any job
35.0,34.0,28.0,38.0,30.0,Education & Social Work
38.0,34.0,31.0,35.0,34.0,"Sales, Marketing & Management"
39.0,34.0,39.0,26.0,42.0,Suitable for any job
33.0,31.0,29.0,28.0,24.0,Suitable for any job
26.0,24.0,28.0,32.0,24.0,Suitable for any job
35.0,32.0,27.0,31.0,22.0,Education & Social Work
28.0,26.0,29.0,27.0,34.0,Suitable for any job
36.0,28.0,27.0,33.0,39.0,Education & Social Work
35.0,31.0,34.0,37.0,38.0,"Sales, Marketing & Management"
32.0,30.0,29.0,29.0,24.0,Suitable for any job
29.0,28.0,31.0,34.0,30.0,Suitable for any job
35.0,31.0,26.0,26.0,31.0,Suitable for any job
30.0,36.0,24.0,28.0,40.0,Suitable for any job
29.0,28.0,32.0,34.0,33.0,Suitable for any job
34.0,34.0,29.0,35.0,37.0,Education & Social Work
35.0,30.0,31.0,34.0,26.0,"Sales, Marketing & Management"
33.0,31.0,30.0,30.0,37.0,"Sales, Marketing & Management"
31.0,37.0,34.0,33.0,35.0,"Sales, Marketing & Management"
24.0,35.0,34.0,29.0,24.0,Suitable for any job
34.0,34.0,28.0,32.0,37.0,Education & Social Work
35.0,38.0,31.0,33.0,35.0,"Sales, Marketing & Management"
34.0,27.0,30.0,31.0,28.0,Education & Social Work
37.0,30.0,30.0,30.0,33.0,"Sales, Marketing & Management"
31.0,30.0,34.0,34.0,31.0,"Sales, Marketing & Management"
35.0,28.0,21.0,26.0,30.0,Suitable for any job
36.0,32.0,32.0,29.0,35.0,Suitable for any job
27.0,30.0,33.0,35.0,26.0,"Sales, Marketing & Management"
32.0,28.0,26.0,34.0,25.0,Education & Social Work
37.0,27.0,30.0,27.0,40.0,Suitable for any job
36.0,33.0,30.0,29.0,20.0,High-Pressure & Leadership Roles
34.0,31.0,24.0,29.0,33.0,Suitable for any job
36.0,29.0,29.0,34.0,26.0,Education & Social Work
33.0,32.0,32.0,28.0,24.0,Suitable for any job
28.0,32.0,30.0,29.0,28.0,Suitable for any job
29.0,28.0,27.0,29.0,30.0,Suitable for any job
34.0,37.0,33.0,39.0,40.0,"Sales, Marketing & Management"
29.0,35.0,31.0,37.0,33.0,"Sales, Marketing & Management"
28.0,27.0,35.0,29.0,26.0,Suitable for any job
31.0,30.0,34.0,32.0,29.0,"Sales, Marketing & Management"
32.0,35.0,29.0,36.0,37.0,Education & Social Work
33.0,35.0,33.0,36.0,31.0,"Sales, Marketing & Management"
35.0,33.0,37.0,34.0,26.0,"Sales, Marketing & Management"
37.0,33.0,28.0,28.0,27.0,Suitable for any job
33.0,26.0,28.0,34.0,29.0,Education & Social Work
28.0,33.0,28.0,30.0,45.0,Suitable for any job
31.0,30.0,31.0,27.0,23.0,Suitable for any job
34.0,27.0,39.0,38.0,33.0,Education & Social Work
32.0,32.0,32.0,30.0,27.0,"Sales, Marketing & Management"
38.0,39.0,26.0,27.0,37.0,Suitable for any job
35.0,32.0,33.0,35.0,33.0,"Sales, Marketing & Management"
35.0,30.0,34.0,34.0,31.0,"Sales, Marketing & Management"
29.0,32.0,30.0,29.0,33.0,Suitable for any job
33.0,39.0,33.0,33.0,41.0,"Sales, Marketing & Management"
34.0,31.0,31.0,33.0,37.0,"Sales, Marketing & Management"
36.0,32.0,29.0,36.0,30.0,Education & Social Work
34.0,41.0,23.0,31.0,33.0,Education & Social Work
32.0,31.0,31.0,36.0,37.0,"Sales, Marketing & Management"
39.0,38.0,26.0,32.0,32.0,Education & Social Work
39.0,42.0,35.0,37.0,43.0,"Sales, Marketing & Management"
31.0,28.0,30.0,31.0,25.0,Education & Social Work
32.0,30.0,33.0,32.0,22.0,"Sales, Marketing & Management"
34.0,31.0,35.0,28.0,31.0,Suitable for any job
35.0,30.0,32.0,26.0,22.0,Suitable for any job
31.0,35.0,29.0,35.0,36.0,Education & Social Work
39.0,35.0,35.0,29.0,39.0,Suitable for any job
40.0,39.0,27.0,29.0,37.0,Suitable for any job
29.0,37.0,29.0,31.0,30.0,Suitable for any job
32.0,36.0,26.0,30.0,35.0,Education & Social Work
35.0,31.0,36.0,32.0,26.0,"Sales, Marketing & Management"
35.0,35.0,31.0,31.0,36.0,"Sales, Marketing & Management"
36.0,30.0,27.0,32.0,41.0,Education & Social Work
32.0,32.0,33.0,31.0,31.0,"Sales, Marketing & Management"
35.0,29.0,24.0,30.0,37.0,Education & Social Work
36.0,33.0,32.0,32.0,36.0,"Sales, Marketing & Management"
37.0,26.0,33.0,29.0,36.0,Suitable for any job
38.0,28.0,27.0,26.0,20.0,Suitable for any job
29.0,27.0,32.0,31.0,28.0,Suitable for any job
30.0,31.0,29.0,33.0,23.0,Education & Social Work
28.0,27.0,27.0,36.0,32.0,Suitable for any job
43.0,34.0,35.0,33.0,38.0,"Sales, Marketing & Management"
37.0,34.0,35.0,35.0,25.0,"Sales, Marketing & Management"
37.0,36.0,28.0,34.0,42.0,Education & Social Work
28.0,35.0,27.0,30.0,35.0,Suitable for any job
29.0,34.0,30.0,29.0,31.0,Suitable for any job
30.0,32.0,33.0,40.0,28.0,"Sales, Marketing & Management"
29.0,33.0,31.0,35.0,26.0,"Sales, Marketing & Management"
31.0,30.0,28.0,31.0,38.0,Education & Social Work
34.0,33.0,29.0,33.0,30.0,Education & Social Work
34.0,32.0,30.0,30.0,30.0,"Sales, Marketing & Management"
33.0,31.0,33.0,33.0,36.0,"Sales, Marketing & Management"
37.0,33.0,32.0,38.0,45.0,"Sales, Marketing & Management"
33.0,34.0,29.0,32.0,34.0,Education & Social Work
29.0,35.0,27.0,35.0,29.0,Suitable for any job
33.0,26.0,30.0,26.0,38.0,Suitable for any job
34.0,36.0,33.0,35.0,29.0,"Sales, Marketing & Management"
35.0,35.0,27.0,32.0,39.0,Education & Social Work
30.0,37.0,36.0,34.0,22.0,"Sales, Marketing & Management"
32.0,32.0,26.0,27.0,22.0,Suitable for any job
35.0,40.0,30.0,33.0,36.0,"Sales, Marketing & Management"
32.0,30.0,29.0,28.0,35.0,Suitable for any job
32.0,30.0,27.0,33.0,35.0,Education & Social Work
34.0,34.0,33.0,33.0,30.0,"Sales, Marketing & Management"
37.0,33.0,33.0,32.0,37.0,"Sales, Marketing & Management"
30.0,33.0,41.0,31.0,33.0,"Sales, Marketing & Management"
30.0,30.0,23.0,32.0,34.0,Education & Social Work
32.0,28.0,31.0,34.0,34.0,Education & Social Work
35.0,39.0,30.0,34.0,28.0,"Sales, Marketing & Management"
31.0,29.0,35.0,29.0,29.0,Suitable for any job
29.0,33.0,27.0,40.0,40.0,Suitable for any job
33.0,34.0,31.0,30.0,32.0,"Sales, Marketing & Management"
26.0,32.0,32.0,31.0,35.0,"Sales, Marketing & Management"
36.0,29.0,30.0,28.0,31.0,Suitable for any job
30.0,34.0,28.0,28.0,31.0,Suitable for any job
29.0,24.0,31.0,31.0,25.0,Suitable for any job
36.0,23.0,29.0,33.0,27.0,Education & Social Work
36.0,35.0,31.0,30.0,22.0,"Sales, Marketing & Management"
34.0,31.0,31.0,32.0,26.0,"Sales, Marketing & Management"
33.0,30.0,33.0,35.0,36.0,"Sales, Marketing & Management"
31.0,33.0,34.0,29.0,42.0,Suitable for any job
35.0,32.0,26.0,32.0,21.0,Education & Social Work
30.0,35.0,29.0,33.0,18.0,Healthcare & Support
33.0,33.0,36.0,27.0,32.0,Suitable for any job
34.0,32.0,37.0,36.0,34.0,"Sales, Marketing & Management"
25.0,29.0,32.0,33.0,19.0,Suitable for any job
31.0,27.0,37.0,34.0,33.0,Education & Social Work
33.0,29.0,34.0,38.0,24.0,Education & Social Work
36.0,38.0,30.0,36.0,36.0,"Sales, Marketing & Management"
33.0,22.0,25.0,28.0,30.0,Suitable for any job
28.0,33.0,29.0,30.0,23.0,Suitable for any job
32.0,28.0,32.0,30.0,38.0,Education & Social Work
37.0,31.0,37.0,29.0,41.0,Suitable for any job
32.0,32.0,26.0,36.0,28.0,Education & Social Work
28.0,25.0,30.0,34.0,33.0,Suitable for any job
31.0,28.0,35.0,36.0,26.0,Education & Social Work
30.0,27.0,31.0,31.0,28.0,Education & Social Work
35.0,37.0,31.0,34.0,37.0,"Sales, Marketing & Management"
36.0,33.0,34.0,34.0,31.0,"Sales, Marketing & Management"
30.0,31.0,30.0,30.0,25.0,"Sales, Marketing & Management"
34.0,38.0,23.0,35.0,35.0,Education & Social Work
28.0,24.0,25.0,33.0,41.0,Suitable for any job
26.0,32.0,29.0,34.0,28.0,Suitable for any job
27.0,30.0,30.0,30.0,24.0,"Sales, Marketing & Management"
30.0,29.0,30.0,37.0,30.0,Education & Social Work
34.0,33.0,33.0,33.0,33.0,"Sales, Marketing & Management"
36.0,36.0,27.0,35.0,36.0,Education & Social Work
32.0,30.0,26.0,30.0,33.0,Education & Social Work
34.0,36.0,28.0,36.0,26.0,Education & Social Work
39.0,33.0,28.0,38.0,35.0,Education & Social Work
31.0,24.0,38.0,35.0,32.0,Education & Social Work
31.0,30.0,29.0,32.0,33.0,Education & Social Work
33.0,31.0,29.0,32.0,32.0,Education & Social Work
37.0,36.0,33.0,37.0,31.0,"Sales, Marketing & Management"
36.0,29.0,30.0,37.0,33.0,Education & Social Work
31.0,34.0,28.0,34.0,33.0,Education & Social Work
36.0,31.0,29.0,25.0,25.0,Suitable for any job
27.0,23.0,31.0,32.0,32.0,Suitable for any job
30.0,24.0,39.0,32.0,34.0,Education & Social Work
34.0,35.0,28.0,31.0,28.0,Education & Social Work
37.0,35.0,30.0,31.0,30.0,"Sales, Marketing & Management"
25.0,30.0,29.0,34.0,25.0,Suitable for any job
28.0,30.0,30.0,29.0,26.0,Suitable for any job
39.0,35.0,32.0,31.0,31.0,"Sales, Marketing & Management"
29.0,33.0,30.0,25.0,27.0,Suitable for any job
39.0,26.0,21.0,30.0,38.0,Education & Social Work
23.0,29.0,25.0,26.0,22.0,Suitable for any job
36.0,27.0,37.0,40.0,23.0,Education & Social Work
33.0,30.0,30.0,33.0,26.0,"Sales, Marketing & Management"
38.0,33.0,37.0,33.0,33.0,"Sales, Marketing & Management"
34.0,30.0,28.0,35.0,29.0,Education & Social Work
39.0,34.0,34.0,32.0,19.0,Healthcare & Support
28.0,25.0,29.0,31.0,30.0,Suitable for any job
35.0,30.0,28.0,32.0,23.0,Education & Social Work
30.0,26.0,30.0,30.0,32.0,Education & Social Work
37.0,28.0,31.0,27.0,27.0,Suitable for any job
27.0,31.0,38.0,29.0,29.0,Suitable for any job
29.0,32.0,34.0,32.0,32.0,"Sales, Marketing & Management"
29.0,24.0,31.0,28.0,30.0,Suitable for any job
34.0,37.0,26.0,26.0,25.0,Suitable for any job
31.0,26.0,33.0,33.0,36.0,Education & Social Work
35.0,36.0,38.0,34.0,26.0,"Sales, Marketing & Management"
26.0,32.0,34.0,36.0,32.0,"Sales, Marketing & Management"
27.0,26.0,29.0,34.0,20.0,Suitable for any job
36.0,27.0,28.0,36.0,32.0,Education & Social Work
33.0,31.0,32.0,33.0,41.0,"Sales, Marketing & Management"
34.0,36.0,34.0,36.0,34.0,"Sales, Marketing & Management"
34.0,31.0,27.0,29.0,26.0,Suitable for any job
39.0,35.0,31.0,34.0,31.0,"Sales, Marketing & Management"
38.0,30.0,34.0,31.0,30.0,"Sales, Marketing & Management"
34.0,30.0,29.0,33.0,29.0,Education & Social Work
34.0,34.0,27.0,32.0,37.0,Education & Social Work
34.0,31.0,35.0,34.0,31.0,"Sales, Marketing & Management"
26.0,25.0,26.0,27.0,26.0,Suitable for any job
34.0,35.0,32.0,37.0,17.0,Healthcare & Support
30.0,34.0,26.0,34.0,30.0,Education & Social Work
43.0,30.0,39.0,41.0,33.0,"Sales, Marketing & Management"
31.0,30.0,30.0,33.0,34.0,"Sales, Marketing & Management"
30.0,33.0,30.0,21.0,31.0,Suitable for any job
32.0,36.0,30.0,34.0,42.0,"Sales, Marketing & Management"
32.0,26.0,32.0,30.0,29.0,Education & Social Work
31.0,24.0,30.0,28.0,42.0,Suitable for any job
34.0,30.0,33.0,32.0,24.0,"Sales, Marketing & Management"
32.0,28.0,33.0,31.0,36.0,Education & Social Work
30.0,23.0,34.0,31.0,29.0,Education & Social Work
28.0,31.0,26.0,25.0,31.0,Suitable for any job
29.0,33.0,33.0,29.0,33.0,Suitable for any job
29.0,29.0,30.0,33.0,38.0,Suitable for any job
33.0,37.0,31.0,35.0,23.0,"Sales, Marketing & Management"
26.0,35.0,33.0,34.0,30.0,"Sales, Marketing & Management"
30.0,31.0,33.0,28.0,26.0,Suitable for any job
29.0,28.0,34.0,33.0,21.0,Suitable for any job
30.0,34.0,31.0,32.0,35.0,"Sales, Marketing & Management"
31.0,35.0,32.0,33.0,32.0,"Sales, Marketing & Management"
36.0,29.0,26.0,37.0,31.0,Education & Social Work
35.0,33.0,32.0,33.0,30.0,"Sales, Marketing & Management"
31.0,25.0,29.0,30.0,31.0,Education & Social Work
29.0,30.0,32.0,26.0,24.0,Suitable for any job
32.0,32.0,36.0,30.0,39.0,"Sales, Marketing & Management"
29.0,33.0,34.0,31.0,31.0,"Sales, Marketing & Management"
36.0,36.0,25.0,27.0,35.0,Suitable for any job
35.0,34.0,28.0,35.0,42.0,Education & Social Work
33.0,35.0,34.0,27.0,31.0,Suitable for any job
34.0,34.0,32.0,33.0,32.0,"Sales, Marketing & Management"
34.0,34.0,29.0,31.0,33.0,Education & Social Work
33.0,22.0,34.0,25.0,17.0,Suitable for any job
28.0,30.0,28.0,31.0,18.0,Healthcare & Support
38.0,29.0,27.0,33.0,34.0,Education & Social Work
22.0,29.0,27.0,34.0,20.0,Suitable for any job
32.0,27.0,28.0,32.0,32.0,Education & Social Work
30.0,33.0,30.0,31.0,29.0,"Sales, Marketing & Management"
32.0,30.0,33.0,28.0,25.0,Suitable for any job
33.0,32.0,30.0,29.0,42.0,Suitable for any job
32.0,33.0,27.0,30.0,26.0,Education & Social Work
40.0,37.0,28.0,33.0,39.0,Education & Social Work
37.0,27.0,30.0,34.0,29.0,Education & Social Work
34.0,30.0,33.0,33.0,26.0,"Sales, Marketing & Management"
33.0,31.0,27.0,25.0,26.0,Suitable for any job
29.0,32.0,27.0,30.0,35.0,Suitable for any job
37.0,28.0,31.0,36.0,41.0,Education & Social Work
29.0,26.0,27.0,27.0,37.0,Suitable for any job
26.0,28.0,32.0,28.0,24.0,Suitable for any job
31.0,31.0,27.0,30.0,33.0,Education & Social Work
35.0,31.0,31.0,33.0,31.0,"Sales, Marketing & Management"
31.0,31.0,31.0,32.0,31.0,"Sales, Marketing & Management"
34.0,25.0,27.0,29.0,30.0,Suitable for any job
41.0,36.0,30.0,40.0,31.0,"Sales, Marketing & Management"
35.0,35.0,31.0,32.0,41.0,"Sales, Marketing & Management"
38.0,33.0,30.0,29.0,18.0,High-Pressure & Leadership Roles
23.0,27.0,30.0,30.0,43.0,Suitable for any job
30.0,26.0,34.0,33.0,28.0,Education & Social Work
30.0,29.0,31.0,32.0,28.0,Education & Social Work
33.0,39.0,39.0,34.0,39.0,"Sales, Marketing & Management"
34.0,34.0,27.0,29.0,27.0,Suitable for any job
29.0,32.0,28.0,34.0,25.0,Suitable for any job
31.0,33.0,26.0,30.0,36.0,Education & Social Work
31.0,33.0,28.0,32.0,31.0,Education & Social Work
32.0,31.0,33.0,31.0,36.0,"Sales, Marketing & Management"
35.0,32.0,29.0,30.0,30.0,Education & Social Work
31.0,26.0,28.0,34.0,24.0,Education & Social Work
34.0,32.0,23.0,31.0,22.0,Education & Social Work
35.0,35.0,35.0,31.0,24.0,"Sales, Marketing & Management"
32.0,32.0,26.0,30.0,34.0,Education & Social Work
32.0,33.0,31.0,32.0,34.0,"Sales, Marketing & Management"
34.0,31.0,30.0,34.0,32.0,"Sales, Marketing & Management"
33.0,29.0,32.0,33.0,25.0,Education & Social Work
27.0,31.0,34.0,29.0,28.0,Suitable for any job
38.0,41.0,37.0,32.0,43.0,"Sales, Marketing & Management"
36.0,29.0,32.0,33.0,31.0,Education & Social Work
30.0,32.0,30.0,24.0,25.0,Suitable for any job
34.0,33.0,33.0,33.0,39.0,"Sales, Marketing & Management"
33.0,25.0,26.0,30.0,40.0,Education & Social Work
36.0,35.0,33.0,34.0,38.0,"Sales, Marketing & Management"
35.0,40.0,33.0,33.0,22.0,"Sales, Marketing & Management"
18.0,26.0,34.0,34.0,30.0,Routine & Practical Jobs
31.0,32.0,32.0,36.0,30.0,"Sales, Marketing & Management"
35.0,35.0,37.0,31.0,38.0,"Sales, Marketing & Management"
35.0,30.0,26.0,30.0,40.0,Education & Social Work
35.0,34.0,30.0,33.0,19.0,Healthcare & Support
35.0,34.0,32.0,31.0,22.0,"Sales, Marketing & Management"
36.0,32.0,35.0,33.0,38.0,"Sales, Marketing & Management"
39.0,33.0,35.0,37.0,32.0,"Sales, Marketing & Management"
35.0,35.0,28.0,35.0,32.0,Education & Social Work
35.0,31.0,28.0,26.0,30.0,Suitable for any job
36.0,35.0,28.0,34.0,28.0,Education & Social Work
31.0,34.0,30.0,34.0,22.0,"Sales, Marketing & Management"
32.0,34.0,25.0,26.0,30.0,Suitable for any job
30.0,32.0,33.0,30.0,29.0,"Sales, Marketing & Management"
32.0,34.0,32.0,36.0,36.0,"Sales, Marketing & Management"
34.0,31.0,30.0,31.0,31.0,"Sales, Marketing & Management"
33.0,23.0,28.0,32.0,31.0,Education & Social Work
32.0,37.0,23.0,38.0,26.0,Education & Social Work
37.0,31.0,34.0,35.0,42.0,"Sales, Marketing & Management"
23.0,34.0,31.0,32.0,29.0,"Sales, Marketing & Management"
31.0,31.0,31.0,32.0,30.0,"Sales, Marketing & Management"
38.0,35.0,34.0,33.0,37.0,"Sales, Marketing & Management"
31.0,32.0,35.0,31.0,28.0,"Sales, Marketing & Management"
41.0,34.0,27.0,26.0,22.0,Suitable for any job
0.0,0.0,0.0,0.0,0.0,Suitable for any job
31.0,31.0,32.0,39.0,39.0,"Sales, Marketing & Management"
34.0,28.0,36.0,33.0,34.0,Education & Social Work
32.0,28.0,29.0,32.0,27.0,Education & Social Work
29.0,28.0,33.0,33.0,20.0,Suitable for any job
37.0,37.0,37.0,36.0,34.0,"Sales, Marketing & Management"
27.0,28.0,30.0,29.0,25.0,Suitable for any job
36.0,38.0,30.0,33.0,31.0,"Sales, Marketing & Management"
38.0,32.0,33.0,34.0,28.0,"Sales, Marketing & Management"
34.0,34.0,30.0,28.0,39.0,Suitable for any job
37.0,33.0,34.0,30.0,28.0,"Sales, Marketing & Management"
35.0,35.0,31.0,32.0,40.0,"Sales, Marketing & Management"
28.0,34.0,17.0,30.0,36.0,Solitary & Technical Jobs
29.0,26.0,34.0,35.0,36.0,Suitable for any job
30.0,33.0,23.0,33.0,31.0,Education & Social Work
33.0,36.0,29.0,34.0,32.0,Education & Social Work
31.0,36.0,30.0,32.0,30.0,"Sales, Marketing & Management"
26.0,23.0,39.0,36.0,24.0,Suitable for any job
41.0,43.0,25.0,27.0,43.0,Suitable for any job
33.0,34.0,25.0,28.0,37.0,Suitable for any job
32.0,34.0,31.0,33.0,31.0,"Sales, Marketing & Management"
31.0,33.0,30.0,29.0,24.0,Suitable for any job
30.0,29.0,30.0,33.0,45.0,Education & Social Work
36.0,29.0,36.0,37.0,24.0,Education & Social Work
32.0,33.0,31.0,33.0,34.0,"Sales, Marketing & Management"
33.0,32.0,35.0,33.0,31.0,"Sales, Marketing & Management"
37.0,34.0,26.0,36.0,36.0,Education & Social Work
36.0,26.0,29.0,35.0,37.0,Education & Social Work
30.0,29.0,32.0,31.0,33.0,Education & Social Work
38.0,32.0,31.0,33.0,19.0,Healthcare & Support
32.0,37.0,26.0,25.0,26.0,Suitable for any job
30.0,29.0,33.0,31.0,25.0,Education & Social Work
30.0,26.0,34.0,38.0,26.0,Education & Social Work
34.0,38.0,33.0,38.0,40.0,"Sales, Marketing & Management"
33.0,30.0,32.0,34.0,24.0,"Sales, Marketing & Management"
26.0,34.0,33.0,34.0,32.0,"Sales, Marketing & Management"
32.0,32.0,31.0,35.0,31.0,"Sales, Marketing & Management"
38.0,31.0,27.0,27.0,36.0,Suitable for any job
31.0,33.0,33.0,33.0,39.0,"Sales, Marketing & Management"
31.0,26.0,23.0,30.0,27.0,Education & Social Work
32.0,28.0,33.0,34.0,26.0,Education & Social Work
32.0,34.0,37.0,32.0,27.0,"Sales, Marketing & Management"
39.0,40.0,28.0,33.0,39.0,Education & Social Work
28.0,32.0,30.0,33.0,19.0,Healthcare & Support
33.0,28.0,32.0,30.0,35.0,Education & Social Work
38.0,31.0,29.0,35.0,32.0,Education & Social Work
35.0,34.0,25.0,30.0,32.0,Education & Social Work
31.0,35.0,25.0,30.0,35.0,Education & Social Work
33.0,34.0,32.0,32.0,39.0,"Sales, Marketing & Management"
32.0,32.0,27.0,33.0,20.0,Healthcare & Support
29.0,33.0,38.0,29.0,22.0,Suitable for any job
31.0,31.0,35.0,37.0,48.0,"Sales, Marketing & Management"
30.0,35.0,32.0,28.0,28.0,Suitable for any job
36.0,32.0,31.0,34.0,34.0,"Sales, Marketing & Management"
33.0,32.0,29.0,32.0,37.0,Education & Social Work
31.0,34.0,31.0,31.0,32.0,"Sales, Marketing & Management"
28.0,24.0,28.0,29.0,23.0,Suitable for any job
25.0,27.0,30.0,35.0,31.0,Suitable for any job
30.0,29.0,38.0,33.0,30.0,Education & Social Work
39.0,28.0,25.0,31.0,41.0,Education & Social Work
36.0,29.0,34.0,29.0,22.0,Suitable for any job
40.0,31.0,30.0,33.0,42.0,"Sales, Marketing & Management"
40.0,33.0,18.0,34.0,30.0,Technical Expert Roles
32.0,31.0,28.0,27.0,34.0,Suitable for any job
36.0,35.0,30.0,27.0,33.0,Suitable for any job
33.0,34.0,32.0,34.0,35.0,"Sales, Marketing & Management"
34.0,32.0,28.0,27.0,35.0,Suitable for any job
33.0,27.0,30.0,34.0,32.0,Education & Social Work
29.0,40.0,35.0,31.0,24.0,"Sales, Marketing & Management"
31.0,30.0,29.0,39.0,23.0,Education & Social Work
35.0,27.0,32.0,31.0,25.0,Education & Social Work
32.0,24.0,29.0,25.0,25.0,Suitable for any job
25.0,42.0,28.0,30.0,34.0,Suitable for any job
0.0,0.0,0.0,0.0,0.0,Suitable for any job
33.0,32.0,31.0,34.0,38.0,"Sales, Marketing & Management"
34.0,29.0,27.0,32.0,28.0,Education & Social Work
28.0,31.0,33.0,33.0,30.0,"Sales, Marketing & Management"
37.0,36.0,25.0,26.0,39.0,Suitable for any job
25.0,32.0,33.0,19.0,34.0,Competitive & Assertive Jobs
32.0,32.0,35.0,36.0,33.0,"Sales, Marketing & Management"
30.0,33.0,33.0,28.0,38.0,Suitable for any job
36.0,30.0,32.0,21.0,23.0,Suitable for any job
31.0,29.0,28.0,32.0,29.0,Education & Social Work
38.0,32.0,29.0,29.0,32.0,Suitable for any job
36.0,29.0,29.0,29.0,32.0,Suitable for any job
30.0,26.0,32.0,32.0,28.0,Education & Social Work
34.0,28.0,34.0,33.0,32.0,Education & Social Work
26.0,26.0,36.0,31.0,27.0,Suitable for any job
31.0,30.0,27.0,31.0,27.0,Education & Social Work
39.0,29.0,26.0,30.0,24.0,Education & Social Work
35.0,34.0,36.0,37.0,33.0,"Sales, Marketing & Management"
34.0,31.0,31.0,32.0,32.0,"Sales, Marketing & Management"
34.0,31.0,31.0,31.0,23.0,"Sales, Marketing & Management"
38.0,32.0,30.0,34.0,34.0,"Sales, Marketing & Management"
35.0,37.0,26.0,34.0,42.0,Education & Social Work
39.0,38.0,30.0,31.0,36.0,"Sales, Marketing & Management"
29.0,31.0,24.0,35.0,31.0,Suitable for any job
38.0,31.0,29.0,28.0,38.0,Suitable for any job
37.0,40.0,36.0,36.0,46.0,"Sales, Marketing & Management"
35.0,35.0,31.0,33.0,29.0,"Sales, Marketing & Management"
34.0,36.0,40.0,31.0,38.0,"Sales, Marketing & Management"
35.0,39.0,29.0,30.0,35.0,Education & Social Work
26.0,35.0,29.0,28.0,30.0,Suitable for any job
31.0,24.0,29.0,33.0,26.0,Education & Social Work
33.0,32.0,39.0,31.0,30.0,"Sales, Marketing & Management"
34.0,34.0,30.0,38.0,32.0,"Sales, Marketing & Management"
39.0,34.0,35.0,35.0,33.0,"Sales, Marketing & Management"
32.0,29.0,27.0,24.0,33.0,Suitable for any job
29.0,30.0,34.0,35.0,33.0,"Sales, Marketing & Management"
32.0,24.0,29.0,35.0,40.0,Education & Social Work
35.0,36.0,31.0,33.0,29.0,"Sales, Marketing & Management"
28.0,28.0,33.0,27.0,25.0,Suitable for any job
31.0,31.0,30.0,28.0,28.0,Suitable for any job
40.0,35.0,30.0,34.0,38.0,"Sales, Marketing & Management"
34.0,33.0,27.0,34.0,28.0,Education & Social Work
30.0,31.0,35.0,32.0,27.0,"Sales, Marketing & Management"
32.0,26.0,34.0,34.0,26.0,Education & Social Work
38.0,34.0,40.0,34.0,20.0,Healthcare & Support
31.0,29.0,34.0,30.0,34.0,Education & Social Work
36.0,25.0,28.0,31.0,42.0,Education & Social Work
33.0,38.0,29.0,30.0,25.0,Education & Social Work
32.0,34.0,46.0,38.0,40.0,"Sales, Marketing & Management"
38.0,28.0,26.0,36.0,34.0,Education & Social Work
33.0,41.0,32.0,24.0,40.0,Suitable for any job
33.0,29.0,29.0,34.0,26.0,Education & Social Work
40.0,34.0,33.0,36.0,28.0,"Sales, Marketing & Management"
35.0,34.0,34.0,32.0,28.0,"Sales, Marketing & Management"
33.0,31.0,38.0,29.0,23.0,Suitable for any job
34.0,28.0,34.0,35.0,27.0,Education & Social Work
38.0,28.0,28.0,31.0,33.0,Education & Social Work
35.0,25.0,33.0,33.0,38.0,Education & Social Work
31.0,37.0,33.0,33.0,29.0,"Sales, Marketing & Management"
34.0,29.0,26.0,37.0,35.0,Education & Social Work
31.0,31.0,26.0,30.0,30.0,Education & Social Work
34.0,34.0,36.0,34.0,30.0,"Sales, Marketing & Management"
34.0,33.0,22.0,33.0,37.0,Education & Social Work
32.0,27.0,30.0,31.0,26.0,Education & Social Work
28.0,30.0,30.0,31.0,24.0,"Sales, Marketing & Management"
36.0,35.0,31.0,35.0,29.0,"Sales, Marketing & Management"
34.0,39.0,31.0,34.0,26.0,"Sales, Marketing & Management"
34.0,36.0,33.0,35.0,34.0,"Sales, Marketing & Management"
30.0,29.0,32.0,29.0,23.0,Suitable for any job
40.0,35.0,33.0,35.0,35.0,"Sales, Marketing & Management"
34.0,31.0,33.0,35.0,32.0,"Sales, Marketing & Management"
27.0,35.0,30.0,31.0,39.0,"Sales, Marketing & Management"
32.0,33.0,31.0,33.0,27.0,"Sales, Marketing & Management"
30.0,42.0,33.0,34.0,33.0,"Sales, Marketing & Management"
31.0,35.0,30.0,32.0,29.0,"Sales, Marketing & Management"
34.0,40.0,34.0,36.0,38.0,"Sales, Marketing & Management"
33.0,32.0,35.0,33.0,26.0,"Sales, Marketing & Management"
31.0,35.0,31.0,36.0,35.0,"Sales, Marketing & Management"
33.0,26.0,28.0,30.0,33.0,Education & Social Work
34.0,30.0,31.0,29.0,28.0,Suitable for any job
36.0,35.0,36.0,27.0,28.0,Suitable for any job
36.0,32.0,29.0,34.0,33.0,Education & Social Work
34.0,43.0,31.0,29.0,43.0,Suitable for any job
35.0,29.0,29.0,29.0,36.0,Suitable for any job
32.0,32.0,29.0,32.0,38.0,Education & Social Work
30.0,29.0,37.0,31.0,26.0,Education & Social Work
34.0,31.0,28.0,32.0,22.0,Education & Social Work
31.0,26.0,41.0,38.0,23.0,Education & Social Work
25.0,28.0,22.0,27.0,35.0,Suitable for any job
32.0,29.0,30.0,27.0,28.0,Suitable for any job
30.0,26.0,32.0,32.0,32.0,Education & Social Work
27.0,35.0,33.0,30.0,24.0,"Sales, Marketing & Management"
34.0,28.0,28.0,33.0,34.0,Education & Social Work
31.0,33.0,28.0,31.0,22.0,Education & Social Work
30.0,26.0,29.0,27.0,25.0,Suitable for any job
35.0,26.0,21.0,32.0,25.0,Education & Social Work
25.0,27.0,34.0,30.0,34.0,Suitable for any job
37.0,33.0,35.0,46.0,33.0,"Sales, Marketing & Management"
30.0,29.0,34.0,36.0,30.0,Education & Social Work
28.0,31.0,32.0,28.0,35.0,Suitable for any job
33.0,29.0,31.0,27.0,28.0,Suitable for any job
36.0,29.0,28.0,32.0,36.0,Education & Social Work
35.0,32.0,24.0,15.0,41.0,Suitable for any job
33.0,29.0,29.0,29.0,28.0,Suitable for any job
35.0,35.0,37.0,35.0,33.0,"Sales, Marketing & Management"
37.0,34.0,34.0,34.0,19.0,Healthcare & Support
28.0,28.0,24.0,36.0,26.0,Suitable for any job
29.0,33.0,33.0,32.0,27.0,"Sales, Marketing & Management"
28.0,38.0,34.0,29.0,21.0,Suitable for any job
29.0,34.0,31.0,31.0,41.0,"Sales, Marketing & Management"
36.0,35.0,29.0,39.0,37.0,Education & Social Work
39.0,35.0,25.0,35.0,33.0,Education & Social Work
29.0,28.0,37.0,35.0,23.0,Suitable for any job
36.0,30.0,27.0,35.0,32.0,Education & Social Work
35.0,41.0,33.0,35.0,31.0,"Sales, Marketing & Management"
36.0,27.0,31.0,33.0,31.0,Education & Social Work
32.0,29.0,32.0,33.0,30.0,Education & Social Work
31.0,25.0,29.0,27.0,31.0,Suitable for any job
34.0,29.0,34.0,32.0,34.0,Education & Social Work
31.0,29.0,31.0,31.0,31.0,Education & Social Work
33.0,35.0,35.0,36.0,27.0,"Sales, Marketing & Management"
29.0,27.0,34.0,30.0,30.0,Suitable for any job
32.0,32.0,31.0,31.0,36.0,"Sales, Marketing & Management"
27.0,26.0,31.0,25.0,20.0,Suitable for any job
32.0,34.0,27.0,33.0,35.0,Education & Social Work
31.0,34.0,27.0,24.0,36.0,Suitable for any job
36.0,37.0,31.0,32.0,27.0,"Sales, Marketing & Management"
33.0,28.0,28.0,30.0,18.0,Education & Social Work
37.0,35.0,34.0,34.0,20.0,Healthcare & Support
35.0,30.0,29.0,33.0,33.0,Education & Social Work
24.0,29.0,22.0,35.0,31.0,Suitable for any job
30.0,31.0,28.0,31.0,36.0,Education & Social Work
38.0,31.0,29.0,37.0,24.0,Education & Social Work
36.0,34.0,31.0,33.0,23.0,"Sales, Marketing & Management"
31.0,31.0,32.0,33.0,33.0,"Sales, Marketing & Management"
31.0,32.0,30.0,33.0,38.0,"Sales, Marketing & Management"
33.0,22.0,24.0,31.0,32.0,Education & Social Work
34.0,30.0,34.0,29.0,29.0,Suitable for any job
38.0,35.0,31.0,39.0,28.0,"Sales, Marketing & Management"
34.0,33.0,36.0,36.0,38.0,"Sales, Marketing & Management"
34.0,31.0,31.0,28.0,26.0,Suitable for any job
30.0,32.0,31.0,26.0,17.0,High-Pressure & Leadership Roles
35.0,30.0,31.0,33.0,20.0,Healthcare & Support
30.0,39.0,27.0,33.0,32.0,Education & Social Work
38.0,34.0,26.0,38.0,26.0,Education & Social Work
31.0,30.0,33.0,30.0,32.0,"Sales, Marketing & Management"
32.0,27.0,28.0,28.0,32.0,Suitable for any job
36.0,34.0,33.0,29.0,24.0,Suitable for any job
35.0,27.0,32.0,29.0,28.0,Suitable for any job
35.0,33.0,32.0,32.0,24.0,"Sales, Marketing & Management"
28.0,31.0,29.0,31.0,19.0,Healthcare & Support
39.0,32.0,32.0,33.0,32.0,"Sales, Marketing & Management"
33.0,25.0,32.0,34.0,26.0,Education & Social Work
34.0,29.0,32.0,34.0,36.0,Education & Social Work
33.0,30.0,30.0,29.0,24.0,Suitable for any job
36.0,33.0,29.0,31.0,31.0,Education & Social Work
34.0,29.0,32.0,30.0,25.0,Education & Social Work
37.0,32.0,34.0,35.0,32.0,"Sales, Marketing & Management"
29.0,32.0,30.0,31.0,33.0,"Sales, Marketing & Management"
27.0,30.0,27.0,29.0,29.0,Suitable for any job
31.0,34.0,27.0,31.0,28.0,Education & Social Work
34.0,29.0,30.0,31.0,29.0,Education & Social Work
31.0,28.0,34.0,34.0,38.0,Education & Social Work
35.0,28.0,29.0,32.0,39.0,Education & Social Work
37.0,32.0,33.0,35.0,27.0,"Sales, Marketing & Management"
30.0,31.0,29.0,36.0,35.0,Education & Social Work
31.0,33.0,35.0,33.0,33.0,"Sales, Marketing & Management"
36.0,37.0,33.0,38.0,24.0,"Sales, Marketing & Management"
31.0,33.0,28.0,34.0,36.0,Education & Social Work
30.0,32.0,32.0,37.0,34.0,"Sales, Marketing & Management"
33.0,30.0,33.0,36.0,25.0,"Sales, Marketing & Management"
32.0,28.0,29.0,31.0,38.0,Education & Social Work
39.0,31.0,23.0,26.0,23.0,Suitable for any job
36.0,36.0,27.0,23.0,26.0,Suitable for any job
34.0,33.0,39.0,35.0,42.0,"Sales, Marketing & Management"
30.0,35.0,29.0,34.0,32.0,Education & Social Work
32.0,27.0,35.0,36.0,30.0,Education & Social Work
35.0,32.0,31.0,35.0,36.0,"Sales, Marketing & Management"
33.0,35.0,36.0,33.0,35.0,"Sales, Marketing & Management"
34.0,28.0,29.0,32.0,25.0,Education & Social Work
36.0,32.0,36.0,34.0,25.0,"Sales, Marketing & Management"
30.0,32.0,30.0,34.0,25.0,"Sales, Marketing & Management"
34.0,33.0,27.0,29.0,35.0,Suitable for any job
30.0,28.0,33.0,34.0,33.0,Education & Social Work
30.0,35.0,37.0,36.0,22.0,"Sales, Marketing & Management"
29.0,32.0,29.0,30.0,30.0,Suitable for any job
34.0,32.0,27.0,32.0,26.0,Education & Social Work
34.0,35.0,22.0,34.0,38.0,Education & Social Work
26.0,30.0,35.0,34.0,30.0,"Sales, Marketing & Management"
26.0,29.0,17.0,35.0,30.0,Suitable for any job
32.0,31.0,32.0,30.0,22.0,"Sales, Marketing & Management"
34.0,34.0,29.0,33.0,36.0,Education & Social Work
32.0,34.0,29.0,32.0,34.0,Education & Social Work
34.0,34.0,29.0,35.0,34.0,Education & Social Work
37.0,32.0,31.0,36.0,33.0,"Sales, Marketing & Management"
37.0,31.0,27.0,34.0,37.0,Education & Social Work
29.0,31.0,28.0,32.0,30.0,Suitable for any job
38.0,31.0,29.0,28.0,22.0,Suitable for any job
34.0,31.0,30.0,30.0,31.0,"Sales, Marketing & Management"
30.0,24.0,29.0,34.0,32.0,Education & Social Work
34.0,28.0,33.0,27.0,29.0,Suitable for any job
28.0,33.0,33.0,28.0,31.0,Suitable for any job
32.0,32.0,32.0,30.0,25.0,"Sales, Marketing & Management"
39.0,33.0,32.0,36.0,43.0,"Sales, Marketing & Management"
30.0,31.0,29.0,36.0,28.0,Education & Social Work
30.0,37.0,38.0,34.0,22.0,"Sales, Marketing & Management"
29.0,29.0,28.0,36.0,34.0,Suitable for any job
26.0,32.0,32.0,31.0,23.0,"Sales, Marketing & Management"
34.0,32.0,30.0,28.0,21.0,Suitable for any job
37.0,31.0,27.0,28.0,37.0,Suitable for any job
34.0,35.0,35.0,40.0,41.0,"Sales, Marketing & Management"
30.0,31.0,32.0,33.0,28.0,"Sales, Marketing & Management"
33.0,27.0,30.0,29.0,31.0,Suitable for any job
40.0,28.0,39.0,35.0,34.0,Education & Social Work
29.0,32.0,40.0,31.0,31.0,"Sales, Marketing & Management"
37.0,31.0,31.0,34.0,29.0,"Sales, Marketing & Management"
27.0,28.0,26.0,25.0,22.0,Suitable for any job
2.0,4.0,5.0,5.0,3.0,Suitable for any job
30.0,28.0,33.0,31.0,25.0,Education & Social Work
34.0,32.0,31.0,28.0,30.0,Suitable for any job
35.0,29.0,32.0,33.0,36.0,Education & Social Work
35.0,34.0,31.0,32.0,20.0,Healthcare & Support
32.0,25.0,31.0,31.0,36.0,Education & Social Work
35.0,31.0,31.0,24.0,42.0,Suitable for any job
36.0,28.0,32.0,36.0,25.0,Education & Social Work
28.0,27.0,29.0,24.0,23.0,Suitable for any job
30.0,34.0,33.0,28.0,17.0,High-Pressure & Leadership Roles
35.0,29.0,28.0,31.0,29.0,Education & Social Work
29.0,28.0,34.0,31.0,27.0,Suitable for any job
38.0,33.0,28.0,33.0,40.0,Education & Social Work
30.0,35.0,34.0,32.0,34.0,"Sales, Marketing & Management"
37.0,33.0,21.0,29.0,24.0,Suitable for any job
32.0,28.0,33.0,33.0,31.0,Education & Social Work
30.0,33.0,28.0,29.0,27.0,Suitable for any job
30.0,31.0,32.0,30.0,32.0,"Sales, Marketing & Management"
37.0,32.0,33.0,35.0,33.0,"Sales, Marketing & Management"
36.0,38.0,33.0,29.0,31.0,Suitable for any job
32.0,33.0,33.0,37.0,30.0,"Sales, Marketing & Management"
32.0,31.0,35.0,36.0,25.0,"Sales, Marketing & Management"
32.0,33.0,33.0,32.0,27.0,"Sales, Marketing & Management"
31.0,34.0,38.0,32.0,29.0,"Sales, Marketing & Management"
34.0,32.0,28.0,27.0,23.0,Suitable for any job
34.0,35.0,29.0,34.0,31.0,Education & Social Work
31.0,32.0,27.0,32.0,37.0,Education & Social Work
34.0,35.0,33.0,36.0,33.0,"Sales, Marketing & Management"
27.0,31.0,27.0,30.0,29.0,Suitable for any job
38.0,36.0,34.0,34.0,24.0,"Sales, Marketing & Management"
37.0,29.0,28.0,33.0,25.0,Education & Social Work
30.0,36.0,29.0,35.0,32.0,Education & Social Work
33.0,36.0,29.0,36.0,21.0,Education & Social Work
26.0,28.0,29.0,31.0,35.0,Suitable for any job
30.0,28.0,31.0,33.0,28.0,Education & Social Work
35.0,30.0,28.0,30.0,33.0,Education & Social Work
38.0,32.0,36.0,31.0,28.0,"Sales, Marketing & Management"
41.0,29.0,34.0,34.0,43.0,Education & Social Work
43.0,31.0,25.0,33.0,37.0,Education & Social Work
37.0,37.0,36.0,40.0,37.0,"Sales, Marketing & Management"
27.0,30.0,31.0,32.0,22.0,"Sales, Marketing & Management"
27.0,24.0,30.0,31.0,22.0,Suitable for any job
29.0,33.0,34.0,33.0,30.0,"Sales, Marketing & Management"
38.0,29.0,29.0,34.0,16.0,Education & Social Work
39.0,35.0,35.0,37.0,46.0,"Sales, Marketing & Management"
37.0,30.0,26.0,34.0,37.0,Education & Social Work
33.0,29.0,32.0,31.0,31.0,Education & Social Work
35.0,30.0,29.0,29.0,36.0,Suitable for any job
29.0,31.0,35.0,28.0,36.0,Suitable for any job
30.0,30.0,26.0,19.0,27.0,Suitable for any job
31.0,28.0,30.0,30.0,32.0,Education & Social Work
36.0,31.0,31.0,31.0,17.0,Healthcare & Support
29.0,30.0,30.0,28.0,24.0,Suitable for any job
32.0,35.0,29.0,32.0,30.0,Education & Social Work
33.0,34.0,30.0,26.0,33.0,Suitable for any job
31.0,27.0,31.0,26.0,36.0,Suitable for any job
33.0,27.0,30.0,35.0,30.0,Education & Social Work
27.0,29.0,30.0,34.0,34.0,Suitable for any job
33.0,27.0,35.0,30.0,33.0,Education & Social Work
35.0,37.0,35.0,29.0,29.0,Suitable for any job
33.0,33.0,26.0,30.0,34.0,Education & Social Work
31.0,33.0,32.0,32.0,34.0,"Sales, Marketing & Management"
32.0,31.0,32.0,33.0,28.0,"Sales, Marketing & Management"
34.0,31.0,28.0,33.0,17.0,Healthcare & Support
32.0,35.0,31.0,34.0,18.0,Healthcare & Support
40.0,30.0,30.0,32.0,32.0,"Sales, Marketing & Management"
35.0,28.0,30.0,35.0,21.0,Education & Social Work
31.0,29.0,29.0,32.0,33.0,Education & Social Work
37.0,35.0,30.0,30.0,26.0,"Sales, Marketing & Management"
37.0,32.0,36.0,30.0,28.0,"Sales, Marketing & Management"
31.0,37.0,35.0,37.0,38.0,"Sales, Marketing & Management"
30.0,32.0,34.0,29.0,29.0,Suitable for any job
35.0,32.0,31.0,32.0,21.0,"Sales, Marketing & Management"
31.0,40.0,38.0,30.0,24.0,"Sales, Marketing & Management"
29.0,33.0,33.0,29.0,29.0,Suitable for any job
38.0,32.0,32.0,32.0,28.0,"Sales, Marketing & Management"
32.0,33.0,31.0,30.0,38.0,"Sales, Marketing & Management"
29.0,32.0,29.0,35.0,34.0,Suitable for any job
30.0,30.0,30.0,29.0,30.0,Suitable for any job
34.0,31.0,33.0,32.0,22.0,"Sales, Marketing & Management"
36.0,29.0,32.0,33.0,24.0,Education & Social Work
44.0,36.0,34.0,34.0,26.0,"Sales, Marketing & Management"
37.0,34.0,26.0,31.0,37.0,Education & Social Work
38.0,31.0,35.0,35.0,32.0,"Sales, Marketing & Management"
38.0,40.0,34.0,34.0,38.0,"Sales, Marketing & Management"
31.0,32.0,31.0,31.0,32.0,"Sales, Marketing & Management"
30.0,32.0,35.0,34.0,32.0,"Sales, Marketing & Management"
28.0,29.0,36.0,30.0,26.0,Suitable for any job
34.0,36.0,39.0,35.0,28.0,"Sales, Marketing & Management"
27.0,34.0,35.0,35.0,25.0,"Sales, Marketing & Management"
33.0,35.0,30.0,33.0,26.0,"Sales, Marketing & Management"
32.0,28.0,33.0,36.0,32.0,Education & Social Work
27.0,29.0,36.0,40.0,43.0,Suitable for any job
38.0,33.0,29.0,30.0,28.0,Education & Social Work
25.0,32.0,28.0,34.0,24.0,Suitable for any job
34.0,35.0,29.0,33.0,39.0,Education & Social Work
30.0,30.0,30.0,30.0,23.0,"Sales, Marketing & Management"
30.0,28.0,32.0,35.0,37.0,Education & Social Work
37.0,32.0,34.0,34.0,27.0,"Sales, Marketing & Management"
34.0,35.0,30.0,36.0,37.0,"Sales, Marketing & Management"
29.0,28.0,30.0,35.0,34.0,Suitable for any job
32.0,32.0,33.0,30.0,27.0,"Sales, Marketing & Management"
30.0,31.0,31.0,35.0,28.0,"Sales, Marketing & Management"
21.0,30.0,32.0,28.0,26.0,Suitable for any job
26.0,32.0,35.0,32.0,38.0,"Sales, Marketing & Management"
33.0,35.0,33.0,34.0,25.0,"Sales, Marketing & Management"
34.0,35.0,30.0,34.0,30.0,"Sales, Marketing & Management"
31.0,32.0,28.0,36.0,24.0,Education & Social Work
37.0,32.0,25.0,31.0,37.0,Education & Social Work
39.0,31.0,35.0,28.0,37.0,Suitable for any job
36.0,28.0,29.0,29.0,24.0,Suitable for any job
33.0,30.0,29.0,30.0,24.0,Education & Social Work
29.0,36.0,32.0,32.0,32.0,"Sales, Marketing & Management"
30.0,38.0,33.0,29.0,33.0,Suitable for any job
27.0,29.0,23.0,30.0,21.0,Suitable for any job
43.0,30.0,32.0,33.0,33.0,"Sales, Marketing & Management"
37.0,31.0,35.0,30.0,34.0,"Sales, Marketing & Management"
34.0,34.0,34.0,34.0,38.0,"Sales, Marketing & Management"
45.0,28.0,43.0,36.0,48.0,Education & Social Work
29.0,24.0,32.0,28.0,29.0,Suitable for any job
35.0,41.0,31.0,29.0,34.0,Suitable for any job
23.0,38.0,33.0,35.0,32.0,"Sales, Marketing & Management"
35.0,32.0,28.0,26.0,18.0,Suitable for any job
50.0,50.0,50.0,50.0,50.0,"Sales, Marketing & Management"
27.0,39.0,33.0,28.0,32.0,Suitable for any job
25.0,31.0,31.0,33.0,28.0,"Sales, Marketing & Management"
36.0,29.0,28.0,33.0,24.0,Education & Social Work
39.0,33.0,30.0,29.0,24.0,Suitable for any job
33.0,33.0,32.0,36.0,35.0,"Sales, Marketing & Management"
32.0,28.0,29.0,31.0,27.0,Education & Social Work
32.0,36.0,27.0,36.0,44.0,Education & Social Work
33.0,32.0,30.0,28.0,24.0,Suitable for any job
34.0,32.0,29.0,31.0,28.0,Education & Social Work
33.0,27.0,28.0,30.0,28.0,Education & Social Work
42.0,41.0,28.0,36.0,24.0,Education & Social Work
36.0,30.0,32.0,30.0,41.0,"Sales, Marketing & Management"
32.0,31.0,28.0,30.0,27.0,Education & Social Work
28.0,33.0,32.0,34.0,23.0,"Sales, Marketing & Management"
37.0,29.0,28.0,34.0,32.0,Education & Social Work
31.0,35.0,31.0,32.0,37.0,"Sales, Marketing & Management"
30.0,36.0,23.0,36.0,42.0,Education & Social Work
33.0,31.0,30.0,33.0,33.0,"Sales, Marketing & Management"
7.0,7.0,11.0,7.0,4.0,Suitable for any job
37.0,40.0,35.0,34.0,38.0,"Sales, Marketing & Management"
33.0,26.0,33.0,36.0,35.0,Education & Social Work
28.0,26.0,32.0,32.0,28.0,Suitable for any job
35.0,33.0,30.0,32.0,34.0,"Sales, Marketing & Management"
32.0,32.0,31.0,29.0,26.0,Suitable for any job
31.0,32.0,36.0,30.0,33.0,"Sales, Marketing & Management"
31.0,28.0,32.0,32.0,34.0,Education & Social Work
27.0,27.0,29.0,32.0,25.0,Suitable for any job
32.0,38.0,33.0,32.0,26.0,"Sales, Marketing & Management"
34.0,40.0,32.0,38.0,38.0,"Sales, Marketing & Management"
31.0,28.0,30.0,30.0,25.0,Education & Social Work
33.0,36.0,32.0,33.0,30.0,"Sales, Marketing & Management"
31.0,27.0,23.0,32.0,26.0,Education & Social Work
33.0,36.0,29.0,34.0,26.0,Education & Social Work
23.0,21.0,29.0,26.0,31.0,Suitable for any job
33.0,28.0,28.0,30.0,21.0,Education & Social Work
35.0,28.0,30.0,30.0,22.0,Education & Social Work
29.0,32.0,32.0,28.0,33.0,Suitable for any job
30.0,36.0,28.0,32.0,30.0,Education & Social Work
30.0,39.0,28.0,28.0,33.0,Suitable for any job
24.0,29.0,33.0,30.0,34.0,Suitable for any job
35.0,31.0,31.0,28.0,36.0,Suitable for any job
28.0,31.0,28.0,31.0,33.0,Suitable for any job
31.0,33.0,27.0,33.0,35.0,Education & Social Work
35.0,31.0,32.0,39.0,33.0,"Sales, Marketing & Management"
29.0,26.0,28.0,30.0,23.0,Suitable for any job
35.0,33.0,28.0,38.0,39.0,Education & Social Work
36.0,31.0,32.0,28.0,34.0,Suitable for any job
34.0,36.0,31.0,33.0,15.0,Healthcare & Support
33.0,23.0,34.0,29.0,27.0,Suitable for any job
27.0,28.0,30.0,32.0,21.0,Suitable for any job
28.0,34.0,35.0,36.0,26.0,"Sales, Marketing & Management"
34.0,27.0,35.0,30.0,30.0,Education & Social Work
29.0,27.0,29.0,31.0,24.0,Suitable for any job
29.0,38.0,30.0,32.0,40.0,"Sales, Marketing & Management"
34.0,25.0,32.0,32.0,27.0,Education & Social Work
26.0,29.0,23.0,31.0,17.0,Suitable for any job
30.0,32.0,34.0,40.0,40.0,"Sales, Marketing & Management"
33.0,38.0,36.0,27.0,17.0,High-Pressure & Leadership Roles
34.0,29.0,32.0,30.0,33.0,Education & Social Work
33.0,33.0,32.0,26.0,28.0,Suitable for any job
35.0,28.0,33.0,25.0,33.0,Suitable for any job
38.0,40.0,28.0,35.0,26.0,Education & Social Work
34.0,29.0,29.0,31.0,25.0,Education & Social Work
33.0,37.0,22.0,30.0,36.0,Education & Social Work
32.0,28.0,30.0,31.0,22.0,Education & Social Work
43.0,32.0,33.0,28.0,45.0,Suitable for any job
30.0,28.0,33.0,37.0,22.0,Education & Social Work
26.0,30.0,30.0,28.0,21.0,Suitable for any job
34.0,35.0,30.0,33.0,34.0,"Sales, Marketing & Management"
32.0,31.0,32.0,31.0,25.0,"Sales, Marketing & Management"
29.0,33.0,28.0,31.0,23.0,Suitable for any job
30.0,31.0,30.0,24.0,22.0,Suitable for any job
36.0,31.0,38.0,33.0,22.0,"Sales, Marketing & Management"
41.0,30.0,37.0,43.0,42.0,"Sales, Marketing & Management"
33.0,24.0,31.0,32.0,25.0,Education & Social Work
30.0,31.0,31.0,30.0,33.0,"Sales, Marketing & Management"
34.0,25.0,33.0,32.0,26.0,Education & Social Work
34.0,28.0,30.0,29.0,29.0,Suitable for any job
35.0,34.0,29.0,34.0,20.0,Healthcare & Support
31.0,32.0,30.0,37.0,32.0,"Sales, Marketing & Management"
27.0,29.0,25.0,34.0,26.0,Suitable for any job
29.0,23.0,30.0,31.0,32.0,Suitable for any job
36.0,26.0,31.0,32.0,38.0,Education & Social Work
32.0,27.0,36.0,35.0,38.0,Education & Social Work
32.0,32.0,25.0,31.0,29.0,Education & Social Work
41.0,25.0,26.0,31.0,32.0,Education & Social Work
33.0,33.0,31.0,33.0,27.0,"Sales, Marketing & Management"
29.0,32.0,25.0,26.0,22.0,Suitable for any job
35.0,37.0,27.0,33.0,37.0,Education & Social Work
36.0,27.0,28.0,29.0,31.0,Suitable for any job
32.0,28.0,33.0,30.0,30.0,Education & Social Work
34.0,24.0,28.0,36.0,21.0,Education & Social Work
38.0,33.0,33.0,32.0,25.0,"Sales, Marketing & Management"
34.0,32.0,30.0,35.0,44.0,"Sales, Marketing & Management"
34.0,29.0,32.0,34.0,30.0,Education & Social Work
25.0,31.0,34.0,29.0,33.0,Suitable for any job
35.0,38.0,34.0,32.0,31.0,"Sales, Marketing & Management"
36.0,26.0,30.0,31.0,39.0,Education & Social Work
32.0,28.0,32.0,30.0,32.0,Education & Social Work
33.0,29.0,27.0,36.0,23.0,Education & Social Work
31.0,30.0,36.0,29.0,31.0,Suitable for any job
26.0,27.0,29.0,28.0,22.0,Suitable for any job
34.0,24.0,31.0,35.0,28.0,Education & Social Work
29.0,35.0,27.0,29.0,38.0,Suitable for any job
28.0,28.0,25.0,30.0,35.0,Suitable for any job
30.0,27.0,30.0,30.0,20.0,Education & Social Work
27.0,28.0,29.0,31.0,25.0,Suitable for any job
35.0,29.0,32.0,34.0,20.0,Education & Social Work
37.0,25.0,32.0,31.0,19.0,Education & Social Work
28.0,31.0,35.0,34.0,39.0,"Sales, Marketing & Management"
34.0,30.0,32.0,31.0,28.0,"Sales, Marketing & Management"
35.0,36.0,37.0,41.0,36.0,"Sales, Marketing & Management"
32.0,28.0,27.0,33.0,38.0,Education & Social Work
28.0,30.0,24.0,28.0,35.0,Suitable for any job
40.0,30.0,33.0,25.0,45.0,Suitable for any job
32.0,33.0,33.0,33.0,21.0,"Sales, Marketing & Management"
37.0,37.0,30.0,34.0,32.0,"Sales, Marketing & Management"
34.0,29.0,35.0,34.0,29.0,Education & Social Work
36.0,28.0,31.0,31.0,24.0,Education & Social Work
33.0,33.0,31.0,33.0,27.0,"Sales, Marketing & Management"
19.0,17.0,25.0,37.0,40.0,"Flexible, Less Structured Roles"
24.0,30.0,32.0,31.0,22.0,"Sales, Marketing & Management"
29.0,34.0,28.0,30.0,37.0,Suitable for any job
36.0,30.0,30.0,33.0,34.0,"Sales, Marketing & Management"
33.0,34.0,31.0,32.0,28.0,"Sales, Marketing & Management"
27.0,26.0,28.0,29.0,18.0,Suitable for any job
32.0,32.0,23.0,42.0,39.0,Education & Social Work
38.0,35.0,33.0,32.0,31.0,"Sales, Marketing & Management"
30.0,26.0,29.0,30.0,38.0,Education & Social Work
27.0,23.0,34.0,30.0,23.0,Suitable for any job
30.0,29.0,29.0,32.0,23.0,Education & Social Work
30.0,29.0,28.0,30.0,39.0,Education & Social Work
35.0,34.0,34.0,18.0,22.0,Competitive & Assertive Jobs
37.0,29.0,24.0,32.0,26.0,Education & Social Work
24.0,32.0,30.0,30.0,40.0,"Sales, Marketing & Management"
30.0,22.0,29.0,33.0,28.0,Education & Social Work
36.0,43.0,34.0,38.0,38.0,"Sales, Marketing & Management"
32.0,38.0,34.0,31.0,29.0,"Sales, Marketing & Management"
23.0,25.0,33.0,28.0,29.0,Suitable for any job
32.0,39.0,27.0,36.0,25.0,Education & Social Work
29.0,34.0,35.0,29.0,34.0,Suitable for any job
35.0,35.0,31.0,29.0,35.0,Suitable for any job
31.0,30.0,35.0,33.0,43.0,"Sales, Marketing & Management"
25.0,31.0,36.0,37.0,36.0,"Sales, Marketing & Management"
30.0,29.0,33.0,30.0,30.0,Education & Social Work
34.0,27.0,36.0,38.0,32.0,Education & Social Work
28.0,29.0,30.0,36.0,27.0,Suitable for any job
23.0,29.0,23.0,26.0,28.0,Suitable for any job
27.0,22.0,33.0,25.0,19.0,Suitable for any job
30.0,31.0,29.0,34.0,33.0,Education & Social Work
31.0,25.0,33.0,30.0,23.0,Education & Social Work
35.0,30.0,32.0,33.0,32.0,"Sales, Marketing & Management"
33.0,29.0,30.0,24.0,23.0,Suitable for any job
34.0,34.0,28.0,32.0,25.0,Education & Social Work
33.0,29.0,35.0,35.0,25.0,Education & Social Work
36.0,38.0,36.0,31.0,39.0,"Sales, Marketing & Management"
36.0,41.0,33.0,43.0,41.0,"Sales, Marketing & Management"
34.0,35.0,34.0,30.0,28.0,"Sales, Marketing & Management"
28.0,26.0,32.0,33.0,23.0,Suitable for any job
29.0,32.0,29.0,28.0,32.0,Suitable for any job
29.0,34.0,33.0,35.0,34.0,"Sales, Marketing & Management"
34.0,26.0,36.0,34.0,24.0,Education & Social Work
35.0,27.0,32.0,23.0,25.0,Suitable for any job
35.0,41.0,27.0,30.0,26.0,Education & Social Work
37.0,25.0,29.0,29.0,28.0,Suitable for any job
35.0,29.0,32.0,27.0,21.0,Suitable for any job
40.0,30.0,36.0,32.0,36.0,"Sales, Marketing & Management"
34.0,30.0,36.0,32.0,28.0,"Sales, Marketing & Management"
38.0,33.0,25.0,37.0,30.0,Education & Social Work
35.0,29.0,30.0,32.0,36.0,Education & Social Work
28.0,37.0,30.0,33.0,28.0,"Sales, Marketing & Management"
34.0,28.0,25.0,31.0,27.0,Education & Social Work
29.0,37.0,32.0,33.0,27.0,"Sales, Marketing & Management"
33.0,30.0,31.0,35.0,23.0,"Sales, Marketing & Management"
34.0,31.0,34.0,29.0,25.0,Suitable for any job
34.0,32.0,26.0,34.0,41.0,Education & Social Work
35.0,30.0,34.0,26.0,23.0,Suitable for any job
30.0,28.0,34.0,30.0,32.0,Education & Social Work
30.0,32.0,24.0,35.0,26.0,Education & Social Work
38.0,35.0,29.0,32.0,33.0,Education & Social Work
31.0,32.0,32.0,32.0,40.0,"Sales, Marketing & Management"
34.0,26.0,30.0,33.0,27.0,Education & Social Work
36.0,31.0,29.0,31.0,31.0,Education & Social Work
36.0,41.0,30.0,32.0,41.0,"Sales, Marketing & Management"
30.0,27.0,29.0,30.0,24.0,Education & Social Work
33.0,30.0,29.0,33.0,28.0,Education & Social Work
50.0,50.0,50.0,50.0,50.0,"Sales, Marketing & Management"
26.0,29.0,31.0,29.0,39.0,Suitable for any job
33.0,22.0,26.0,34.0,39.0,Education & Social Work
39.0,33.0,31.0,34.0,39.0,"Sales, Marketing & Management"
35.0,29.0,33.0,33.0,37.0,Education & Social Work
28.0,33.0,31.0,27.0,23.0,Suitable for any job
34.0,31.0,36.0,30.0,23.0,"Sales, Marketing & Management"
31.0,34.0,32.0,34.0,45.0,"Sales, Marketing & Management"
31.0,32.0,30.0,32.0,34.0,"Sales, Marketing & Management"
29.0,25.0,29.0,31.0,28.0,Suitable for any job
32.0,28.0,34.0,25.0,29.0,Suitable for any job
36.0,25.0,30.0,29.0,31.0,Suitable for any job
27.0,32.0,31.0,33.0,23.0,"Sales, Marketing & Management"
33.0,30.0,30.0,30.0,44.0,"Sales, Marketing & Management"
27.0,20.0,27.0,32.0,31.0,"Flexible, Less Structured Roles"
32.0,27.0,32.0,33.0,28.0,Education & Social Work
35.0,27.0,31.0,33.0,28.0,Education & Social Work
27.0,27.0,30.0,33.0,38.0,Suitable for any job
32.0,31.0,31.0,30.0,34.0,"Sales, Marketing & Management"
36.0,29.0,34.0,33.0,36.0,Education & Social Work
36.0,34.0,30.0,35.0,33.0,"Sales, Marketing & Management"
25.0,27.0,30.0,28.0,34.0,Suitable for any job
34.0,29.0,34.0,34.0,39.0,Education & Social Work
32.0,28.0,22.0,18.0,38.0,Suitable for any job
28.0,32.0,33.0,31.0,32.0,"Sales, Marketing & Management"
34.0,25.0,31.0,32.0,35.0,Education & Social Work
0.0,0.0,0.0,0.0,0.0,Suitable for any job
38.0,33.0,32.0,37.0,25.0,"Sales, Marketing & Management"
35.0,34.0,33.0,37.0,32.0,"Sales, Marketing & Management"
41.0,38.0,29.0,34.0,28.0,Education & Social Work
34.0,34.0,34.0,36.0,37.0,"Sales, Marketing & Management"
26.0,36.0,36.0,30.0,38.0,"Sales, Marketing & Management"
33.0,30.0,25.0,26.0,31.0,Suitable for any job
33.0,28.0,32.0,30.0,35.0,Education & Social Work
30.0,26.0,26.0,26.0,29.0,Suitable for any job
23.0,27.0,30.0,28.0,33.0,Suitable for any job
34.0,34.0,27.0,25.0,31.0,Suitable for any job
26.0,22.0,33.0,25.0,28.0,Suitable for any job
36.0,31.0,30.0,33.0,34.0,"Sales, Marketing & Management"
33.0,40.0,39.0,34.0,28.0,"Sales, Marketing & Management"
30.0,30.0,30.0,36.0,28.0,"Sales, Marketing & Management"
31.0,27.0,26.0,31.0,39.0,Education & Social Work
36.0,36.0,29.0,32.0,29.0,Education & Social Work
32.0,36.0,31.0,26.0,36.0,Suitable for any job
26.0,31.0,34.0,29.0,27.0,Suitable for any job
31.0,33.0,27.0,32.0,30.0,Education & Social Work
30.0,36.0,35.0,30.0,37.0,"Sales, Marketing & Management"
30.0,30.0,34.0,28.0,31.0,Suitable for any job
32.0,34.0,37.0,32.0,31.0,"Sales, Marketing & Management"
35.0,32.0,32.0,34.0,41.0,"Sales, Marketing & Management"
29.0,29.0,34.0,38.0,25.0,Suitable for any job
36.0,32.0,26.0,29.0,28.0,Suitable for any job
32.0,29.0,34.0,35.0,36.0,Education & Social Work
31.0,36.0,30.0,29.0,35.0,Suitable for any job
24.0,26.0,28.0,28.0,33.0,Suitable for any job
32.0,31.0,26.0,27.0,39.0,Suitable for any job
37.0,34.0,26.0,32.0,29.0,Education & Social Work
32.0,30.0,29.0,32.0,42.0,Education & Social Work
27.0,26.0,30.0,30.0,25.0,Suitable for any job
36.0,32.0,28.0,31.0,33.0,Education & Social Work
37.0,37.0,35.0,31.0,29.0,"Sales, Marketing & Management"
32.0,29.0,35.0,30.0,17.0,Education & Social Work
35.0,35.0,29.0,30.0,37.0,Education & Social Work
31.0,30.0,31.0,33.0,35.0,"Sales, Marketing & Management"
27.0,27.0,31.0,33.0,24.0,Suitable for any job
28.0,24.0,29.0,36.0,23.0,Suitable for any job
31.0,27.0,29.0,32.0,22.0,Education & Social Work
34.0,26.0,28.0,31.0,26.0,Education & Social Work
32.0,31.0,32.0,29.0,21.0,Suitable for any job
30.0,33.0,30.0,32.0,28.0,"Sales, Marketing & Management"
37.0,32.0,32.0,33.0,24.0,"Sales, Marketing & Management"
26.0,31.0,30.0,37.0,29.0,"Sales, Marketing & Management"
31.0,32.0,34.0,34.0,31.0,"Sales, Marketing & Management"
30.0,36.0,26.0,31.0,33.0,Education & Social Work
32.0,28.0,27.0,28.0,22.0,Suitable for any job
38.0,32.0,33.0,34.0,33.0,"Sales, Marketing & Management"
32.0,30.0,33.0,28.0,33.0,Suitable for any job
37.0,32.0,31.0,30.0,28.0,"Sales, Marketing & Management"
31.0,29.0,30.0,33.0,28.0,Education & Social Work
33.0,31.0,31.0,26.0,26.0,Suitable for any job
31.0,27.0,31.0,31.0,33.0,Education & Social Work
34.0,31.0,29.0,35.0,37.0,Education & Social Work
36.0,31.0,31.0,30.0,33.0,"Sales, Marketing & Management"
27.0,31.0,33.0,32.0,28.0,"Sales, Marketing & Management"
36.0,34.0,34.0,28.0,36.0,Suitable for any job
35.0,32.0,33.0,31.0,34.0,"Sales, Marketing & Management"
33.0,33.0,35.0,34.0,36.0,"Sales, Marketing & Management"
34.0,39.0,29.0,32.0,37.0,Education & Social Work
31.0,32.0,30.0,29.0,30.0,Suitable for any job
37.0,36.0,28.0,36.0,27.0,Education & Social Work
33.0,41.0,32.0,38.0,43.0,"Sales, Marketing & Management"
36.0,28.0,28.0,32.0,20.0,Education & Social Work
27.0,27.0,34.0,29.0,37.0,Suitable for any job
26.0,30.0,30.0,36.0,36.0,"Sales, Marketing & Management"
30.0,30.0,33.0,32.0,36.0,"Sales, Marketing & Management"
37.0,34.0,35.0,27.0,38.0,Suitable for any job
39.0,30.0,31.0,36.0,33.0,"Sales, Marketing & Management"
31.0,29.0,36.0,39.0,27.0,Education & Social Work
28.0,29.0,31.0,31.0,25.0,Suitable for any job
31.0,33.0,33.0,30.0,31.0,"Sales, Marketing & Management"
36.0,33.0,31.0,33.0,34.0,"Sales, Marketing & Management"
26.0,24.0,36.0,25.0,28.0,Suitable for any job
28.0,33.0,26.0,28.0,29.0,Suitable for any job
29.0,36.0,24.0,31.0,34.0,Suitable for any job
32.0,34.0,28.0,34.0,33.0,Education & Social Work
36.0,30.0,33.0,32.0,28.0,"Sales, Marketing & Management"
24.0,26.0,25.0,31.0,31.0,Suitable for any job
31.0,37.0,28.0,35.0,33.0,Education & Social Work
26.0,38.0,31.0,31.0,35.0,"Sales, Marketing & Management"
34.0,31.0,30.0,30.0,34.0,"Sales, Marketing & Management"
32.0,28.0,34.0,31.0,33.0,Education & Social Work
36.0,25.0,26.0,24.0,25.0,Suitable for any job
36.0,38.0,33.0,36.0,33.0,"Sales, Marketing & Management"
28.0,33.0,28.0,29.0,29.0,Suitable for any job
33.0,30.0,32.0,28.0,38.0,Suitable for any job
36.0,26.0,30.0,31.0,33.0,Education & Social Work
31.0,30.0,36.0,30.0,26.0,"Sales, Marketing & Management"
27.0,26.0,29.0,29.0,36.0,Suitable for any job
33.0,35.0,34.0,34.0,36.0,"Sales, Marketing & Management"
38.0,36.0,25.0,24.0,41.0,Suitable for any job
32.0,27.0,32.0,34.0,26.0,Education & Social Work
36.0,36.0,31.0,31.0,32.0,"Sales, Marketing & Management"
30.0,39.0,34.0,35.0,35.0,"Sales, Marketing & Management"
34.0,28.0,30.0,30.0,30.0,Education & Social Work
34.0,34.0,31.0,35.0,26.0,"Sales, Marketing & Management"
35.0,27.0,28.0,34.0,37.0,Education & Social Work
31.0,31.0,28.0,25.0,25.0,Suitable for any job
33.0,35.0,31.0,31.0,39.0,"Sales, Marketing & Management"
37.0,31.0,29.0,38.0,35.0,Education & Social Work
36.0,33.0,30.0,31.0,26.0,"Sales, Marketing & Management"
29.0,30.0,25.0,32.0,31.0,Suitable for any job
35.0,37.0,31.0,33.0,32.0,"Sales, Marketing & Management"
38.0,31.0,25.0,25.0,32.0,Suitable for any job
33.0,34.0,31.0,33.0,19.0,Healthcare & Support
30.0,29.0,30.0,30.0,33.0,Education & Social Work
35.0,27.0,27.0,32.0,26.0,Education & Social Work
35.0,31.0,30.0,28.0,22.0,Suitable for any job
31.0,35.0,34.0,30.0,40.0,"Sales, Marketing & Management"
26.0,31.0,33.0,37.0,38.0,"Sales, Marketing & Management"
41.0,29.0,34.0,37.0,44.0,Education & Social Work
30.0,30.0,33.0,30.0,35.0,"Sales, Marketing & Management"
30.0,32.0,27.0,31.0,29.0,Education & Social Work
31.0,26.0,27.0,34.0,23.0,Education & Social Work
28.0,32.0,35.0,30.0,36.0,"Sales, Marketing & Management"
32.0,29.0,29.0,30.0,30.0,Education & Social Work
33.0,28.0,32.0,29.0,26.0,Suitable for any job
40.0,34.0,34.0,29.0,15.0,High-Pressure & Leadership Roles
22.0,27.0,32.0,29.0,25.0,Suitable for any job
31.0,33.0,30.0,33.0,21.0,"Sales, Marketing & Management"
38.0,34.0,29.0,36.0,30.0,Education & Social Work
34.0,29.0,32.0,25.0,36.0,Suitable for any job
30.0,35.0,31.0,28.0,34.0,Suitable for any job
34.0,28.0,34.0,36.0,38.0,Education & Social Work
27.0,25.0,30.0,35.0,25.0,Suitable for any job
29.0,33.0,26.0,27.0,34.0,Suitable for any job
32.0,31.0,29.0,29.0,22.0,Suitable for any job
36.0,32.0,30.0,31.0,22.0,"Sales, Marketing & Management"
29.0,34.0,26.0,28.0,37.0,Suitable for any job
36.0,33.0,29.0,30.0,32.0,Education & Social Work
29.0,26.0,28.0,29.0,30.0,Suitable for any job
39.0,37.0,30.0,38.0,35.0,"Sales, Marketing & Management"
30.0,29.0,28.0,32.0,35.0,Education & Social Work
30.0,25.0,28.0,28.0,26.0,Suitable for any job
27.0,29.0,35.0,31.0,33.0,Suitable for any job
38.0,38.0,32.0,32.0,40.0,"Sales, Marketing & Management"
50.0,50.0,50.0,45.0,50.0,"Sales, Marketing & Management"
26.0,39.0,30.0,23.0,39.0,Suitable for any job
29.0,29.0,30.0,30.0,24.0,Suitable for any job
38.0,34.0,27.0,34.0,28.0,Education & Social Work
29.0,40.0,32.0,37.0,30.0,"Sales, Marketing & Management"
30.0,28.0,25.0,28.0,36.0,Suitable for any job
31.0,29.0,30.0,29.0,31.0,Suitable for any job
31.0,32.0,33.0,31.0,20.0,Healthcare & Support
33.0,35.0,28.0,34.0,29.0,Education & Social Work
32.0,25.0,33.0,31.0,36.0,Education & Social Work
36.0,36.0,36.0,29.0,33.0,Suitable for any job
33.0,27.0,29.0,32.0,32.0,Education & Social Work
38.0,37.0,27.0,35.0,28.0,Education & Social Work
30.0,33.0,24.0,37.0,38.0,Education & Social Work
30.0,22.0,29.0,26.0,31.0,Suitable for any job
32.0,27.0,31.0,26.0,25.0,Suitable for any job
28.0,35.0,29.0,37.0,35.0,Suitable for any job
32.0,36.0,32.0,27.0,33.0,Suitable for any job
34.0,34.0,34.0,34.0,35.0,"Sales, Marketing & Management"
34.0,35.0,33.0,25.0,28.0,Suitable for any job
33.0,31.0,28.0,30.0,42.0,Education & Social Work
29.0,38.0,31.0,35.0,29.0,"Sales, Marketing & Management"
28.0,27.0,25.0,28.0,26.0,Suitable for any job
50.0,50.0,50.0,50.0,50.0,"Sales, Marketing & Management"
34.0,35.0,30.0,27.0,19.0,High-Pressure & Leadership Roles
35.0,31.0,39.0,33.0,26.0,"Sales, Marketing & Management"
32.0,29.0,27.0,33.0,37.0,Education & Social Work
32.0,31.0,32.0,28.0,24.0,Suitable for any job
26.0,24.0,28.0,25.0,29.0,Suitable for any job
29.0,30.0,33.0,33.0,21.0,"Sales, Marketing & Management"
32.0,30.0,31.0,30.0,35.0,"Sales, Marketing & Management"
33.0,28.0,31.0,37.0,37.0,Education & Social Work
35.0,28.0,30.0,33.0,25.0,Education & Social Work
28.0,27.0,25.0,30.0,39.0,Suitable for any job
34.0,34.0,27.0,31.0,32.0,Education & Social Work
33.0,34.0,30.0,29.0,26.0,Suitable for any job
37.0,31.0,29.0,33.0,30.0,Education & Social Work
31.0,27.0,32.0,32.0,26.0,Education & Social Work
32.0,27.0,34.0,32.0,33.0,Education & Social Work
34.0,30.0,33.0,31.0,28.0,"Sales, Marketing & Management"
37.0,37.0,30.0,33.0,28.0,"Sales, Marketing & Management"
32.0,26.0,33.0,34.0,33.0,Education & Social Work
26.0,20.0,30.0,26.0,48.0,"Flexible, Less Structured Roles"
37.0,33.0,30.0,27.0,42.0,Suitable for any job
31.0,28.0,29.0,35.0,31.0,Education & Social Work
32.0,30.0,33.0,29.0,27.0,Suitable for any job
37.0,35.0,30.0,30.0,40.0,"Sales, Marketing & Management"
31.0,34.0,30.0,32.0,35.0,"Sales, Marketing & Management"
33.0,25.0,28.0,26.0,29.0,Suitable for any job
36.0,24.0,30.0,32.0,34.0,Education & Social Work
35.0,38.0,28.0,32.0,37.0,Education & Social Work
35.0,34.0,32.0,32.0,36.0,"Sales, Marketing & Management"
32.0,28.0,33.0,30.0,31.0,Education & Social Work
31.0,28.0,33.0,28.0,31.0,Suitable for any job
27.0,29.0,30.0,30.0,37.0,Suitable for any job
35.0,31.0,32.0,34.0,32.0,"Sales, Marketing & Management"
50.0,50.0,50.0,50.0,50.0,"Sales, Marketing & Management"
28.0,27.0,29.0,34.0,37.0,Suitable for any job
31.0,32.0,29.0,30.0,32.0,Education & Social Work
27.0,31.0,33.0,29.0,28.0,Suitable for any job
32.0,38.0,31.0,32.0,30.0,"Sales, Marketing & Management"
42.0,38.0,34.0,36.0,34.0,"Sales, Marketing & Management"
30.0,29.0,33.0,28.0,29.0,Suitable for any job
32.0,31.0,31.0,31.0,35.0,"Sales, Marketing & Management"
32.0,30.0,27.0,29.0,32.0,Suitable for any job
36.0,35.0,31.0,31.0,27.0,"Sales, Marketing & Management"
28.0,29.0,28.0,30.0,21.0,Suitable for any job
29.0,30.0,27.0,30.0,37.0,Suitable for any job
36.0,37.0,37.0,37.0,32.0,"Sales, Marketing & Management"
34.0,32.0,34.0,30.0,28.0,"Sales, Marketing & Management"
31.0,33.0,33.0,32.0,27.0,"Sales, Marketing & Management"
36.0,28.0,33.0,31.0,32.0,Education & Social Work
29.0,26.0,29.0,36.0,27.0,Suitable for any job
35.0,31.0,34.0,31.0,22.0,"Sales, Marketing & Management"
32.0,33.0,30.0,33.0,34.0,"Sales, Marketing & Management"
31.0,33.0,30.0,29.0,36.0,Suitable for any job
31.0,28.0,31.0,30.0,28.0,Education & Social Work
31.0,23.0,25.0,34.0,35.0,Education & Social Work
30.0,35.0,27.0,30.0,24.0,Education & Social Work
38.0,28.0,36.0,29.0,16.0,Suitable for any job
32.0,31.0,30.0,33.0,26.0,"Sales, Marketing & Management"
34.0,31.0,32.0,32.0,32.0,"Sales, Marketing & Management"
30.0,39.0,31.0,32.0,33.0,"Sales, Marketing & Management"
35.0,34.0,30.0,30.0,32.0,"Sales, Marketing & Management"
35.0,27.0,32.0,32.0,37.0,Education & Social Work
30.0,32.0,31.0,31.0,34.0,"Sales, Marketing & Management"
35.0,32.0,34.0,34.0,29.0,"Sales, Marketing & Management"
32.0,30.0,33.0,28.0,28.0,Suitable for any job
31.0,31.0,31.0,27.0,39.0,Suitable for any job
32.0,29.0,32.0,31.0,32.0,Education & Social Work
26.0,23.0,30.0,35.0,27.0,Suitable for any job
31.0,29.0,29.0,31.0,24.0,Education & Social Work
32.0,29.0,28.0,29.0,40.0,Suitable for any job
29.0,35.0,30.0,29.0,26.0,Suitable for any job
37.0,37.0,26.0,30.0,40.0,Education & Social Work
30.0,35.0,33.0,32.0,29.0,"Sales, Marketing & Management"
31.0,39.0,32.0,32.0,32.0,"Sales, Marketing & Management"
37.0,27.0,31.0,28.0,34.0,Suitable for any job
32.0,29.0,25.0,29.0,35.0,Suitable for any job
27.0,29.0,33.0,26.0,21.0,Suitable for any job
37.0,25.0,25.0,33.0,34.0,Education & Social Work
34.0,32.0,38.0,34.0,34.0,"Sales, Marketing & Management"
31.0,29.0,30.0,29.0,17.0,Suitable for any job
28.0,32.0,22.0,31.0,36.0,Suitable for any job
34.0,33.0,33.0,33.0,38.0,"Sales, Marketing & Management"
29.0,35.0,30.0,31.0,30.0,"Sales, Marketing & Management"
40.0,34.0,38.0,33.0,24.0,"Sales, Marketing & Management"
39.0,33.0,42.0,39.0,36.0,"Sales, Marketing & Management"
36.0,29.0,27.0,35.0,23.0,Education & Social Work
36.0,31.0,27.0,30.0,21.0,Education & Social Work
39.0,33.0,33.0,33.0,27.0,"Sales, Marketing & Management"
34.0,32.0,24.0,26.0,38.0,Suitable for any job
30.0,22.0,25.0,27.0,25.0,Suitable for any job
32.0,32.0,30.0,33.0,24.0,"Sales, Marketing & Management"
35.0,31.0,31.0,36.0,18.0,Healthcare & Support
36.0,29.0,31.0,31.0,31.0,Education & Social Work
30.0,35.0,33.0,34.0,34.0,"Sales, Marketing & Management"
36.0,33.0,27.0,31.0,21.0,Education & Social Work
30.0,29.0,32.0,35.0,42.0,Education & Social Work
38.0,35.0,26.0,25.0,37.0,Suitable for any job
31.0,32.0,30.0,33.0,27.0,"Sales, Marketing & Management"
31.0,28.0,28.0,26.0,34.0,Suitable for any job
32.0,25.0,35.0,29.0,23.0,Suitable for any job
34.0,29.0,27.0,28.0,32.0,Suitable for any job
34.0,33.0,29.0,36.0,34.0,Education & Social Work
31.0,37.0,28.0,30.0,30.0,Education & Social Work
32.0,30.0,31.0,35.0,25.0,"Sales, Marketing & Management"
38.0,32.0,32.0,27.0,31.0,Suitable for any job
35.0,34.0,28.0,29.0,34.0,Suitable for any job
32.0,33.0,30.0,27.0,26.0,Suitable for any job
30.0,35.0,35.0,32.0,35.0,"Sales, Marketing & Management"
28.0,27.0,32.0,33.0,27.0,Suitable for any job
35.0,34.0,29.0,34.0,38.0,Education & Social Work
33.0,31.0,29.0,31.0,33.0,Education & Social Work
32.0,40.0,31.0,34.0,33.0,"Sales, Marketing & Management"
34.0,32.0,29.0,31.0,29.0,Education & Social Work
34.0,23.0,26.0,32.0,25.0,Education & Social Work
32.0,27.0,31.0,28.0,30.0,Suitable for any job
34.0,30.0,27.0,33.0,20.0,Healthcare & Support
29.0,28.0,28.0,31.0,23.0,Suitable for any job
33.0,33.0,31.0,36.0,29.0,"Sales, Marketing & Management"
36.0,35.0,33.0,34.0,34.0,"Sales, Marketing & Management"
36.0,32.0,29.0,31.0,24.0,Education & Social Work
33.0,25.0,31.0,31.0,25.0,Education & Social Work
32.0,30.0,31.0,26.0,29.0,Suitable for any job
25.0,29.0,32.0,32.0,27.0,Suitable for any job
37.0,25.0,32.0,30.0,19.0,Education & Social Work
38.0,32.0,30.0,38.0,34.0,"Sales, Marketing & Management"
32.0,27.0,32.0,32.0,24.0,Education & Social Work
28.0,37.0,30.0,35.0,32.0,"Sales, Marketing & Management"
35.0,31.0,33.0,38.0,48.0,"Sales, Marketing & Management"
33.0,39.0,28.0,28.0,28.0,Suitable for any job
29.0,25.0,33.0,30.0,27.0,Suitable for any job
32.0,29.0,30.0,29.0,39.0,Suitable for any job
34.0,32.0,35.0,35.0,40.0,"Sales, Marketing & Management"
29.0,34.0,29.0,31.0,37.0,Suitable for any job
33.0,34.0,31.0,35.0,23.0,"Sales, Marketing & Management"
32.0,30.0,29.0,33.0,21.0,Education & Social Work
34.0,29.0,28.0,27.0,26.0,Suitable for any job
35.0,32.0,32.0,28.0,18.0,High-Pressure & Leadership Roles
29.0,24.0,32.0,29.0,31.0,Suitable for any job
33.0,35.0,29.0,35.0,33.0,Education & Social Work
28.0,30.0,30.0,28.0,30.0,Suitable for any job
36.0,38.0,26.0,23.0,33.0,Suitable for any job
30.0,25.0,34.0,27.0,32.0,Suitable for any job
31.0,32.0,28.0,35.0,29.0,Education & Social Work
34.0,26.0,32.0,30.0,40.0,Education & Social Work
35.0,28.0,31.0,34.0,35.0,Education & Social Work
36.0,36.0,25.0,34.0,32.0,Education & Social Work
27.0,27.0,27.0,31.0,27.0,Suitable for any job
37.0,31.0,26.0,30.0,36.0,Education & Social Work
37.0,33.0,34.0,33.0,35.0,"Sales, Marketing & Management"
29.0,38.0,29.0,34.0,34.0,Suitable for any job
35.0,31.0,29.0,33.0,33.0,Education & Social Work
32.0,27.0,29.0,29.0,26.0,Suitable for any job
32.0,35.0,23.0,31.0,31.0,Education & Social Work
37.0,37.0,29.0,28.0,26.0,Suitable for any job
28.0,27.0,35.0,35.0,22.0,Suitable for any job
36.0,36.0,32.0,32.0,37.0,"Sales, Marketing & Management"
36.0,31.0,30.0,29.0,18.0,High-Pressure & Leadership Roles
32.0,30.0,29.0,31.0,27.0,Education & Social Work
36.0,37.0,27.0,24.0,46.0,Suitable for any job
36.0,33.0,32.0,34.0,27.0,"Sales, Marketing & Management"
34.0,29.0,24.0,26.0,29.0,Suitable for any job
38.0,35.0,34.0,31.0,31.0,"Sales, Marketing & Management"
33.0,29.0,25.0,27.0,27.0,Suitable for any job
30.0,32.0,34.0,32.0,30.0,"Sales, Marketing & Management"
35.0,28.0,32.0,30.0,22.0,Education & Social Work
32.0,31.0,28.0,32.0,28.0,Education & Social Work
30.0,30.0,31.0,32.0,26.0,"Sales, Marketing & Management"
35.0,34.0,33.0,31.0,24.0,"Sales, Marketing & Management"
32.0,30.0,32.0,33.0,35.0,"Sales, Marketing & Management"
30.0,32.0,29.0,34.0,21.0,Education & Social Work
30.0,24.0,29.0,36.0,35.0,Education & Social Work
39.0,40.0,35.0,27.0,38.0,Suitable for any job
28.0,31.0,31.0,32.0,39.0,"Sales, Marketing & Management"
37.0,39.0,32.0,35.0,24.0,"Sales, Marketing & Management"
30.0,29.0,32.0,29.0,28.0,Suitable for any job
38.0,34.0,23.0,32.0,27.0,Education & Social Work
34.0,28.0,29.0,31.0,30.0,Education & Social Work
25.0,31.0,31.0,32.0,29.0,"Sales, Marketing & Management"
32.0,27.0,23.0,31.0,25.0,Education & Social Work
35.0,33.0,32.0,32.0,32.0,"Sales, Marketing & Management"
36.0,30.0,32.0,33.0,33.0,"Sales, Marketing & Management"
36.0,32.0,31.0,29.0,30.0,Suitable for any job
38.0,28.0,32.0,29.0,19.0,Suitable for any job
38.0,34.0,30.0,28.0,24.0,Suitable for any job
27.0,28.0,31.0,35.0,24.0,Suitable for any job
34.0,33.0,33.0,34.0,29.0,"Sales, Marketing & Management"
36.0,33.0,29.0,33.0,33.0,Education & Social Work
30.0,32.0,28.0,31.0,24.0,Education & Social Work
31.0,24.0,31.0,33.0,39.0,Education & Social Work
32.0,32.0,36.0,35.0,18.0,Healthcare & Support
29.0,28.0,28.0,26.0,35.0,Suitable for any job
37.0,29.0,31.0,28.0,29.0,Suitable for any job
31.0,33.0,30.0,29.0,32.0,Suitable for any job
32.0,29.0,31.0,28.0,32.0,Suitable for any job
34.0,29.0,27.0,34.0,28.0,Education & Social Work
33.0,31.0,30.0,35.0,23.0,"Sales, Marketing & Management"
32.0,32.0,34.0,29.0,24.0,Suitable for any job
33.0,33.0,33.0,32.0,25.0,"Sales, Marketing & Management"
35.0,30.0,28.0,31.0,31.0,Education & Social Work
33.0,32.0,27.0,33.0,30.0,Education & Social Work
34.0,40.0,31.0,31.0,31.0,"Sales, Marketing & Management"
31.0,35.0,29.0,30.0,27.0,Education & Social Work
33.0,32.0,33.0,27.0,26.0,Suitable for any job
31.0,24.0,29.0,32.0,26.0,Education & Social Work
32.0,33.0,29.0,33.0,38.0,Education & Social Work
28.0,34.0,26.0,33.0,26.0,Suitable for any job
30.0,33.0,29.0,31.0,39.0,Education & Social Work
33.0,34.0,34.0,31.0,29.0,"Sales, Marketing & Management"
33.0,37.0,32.0,34.0,22.0,"Sales, Marketing & Management"
28.0,33.0,26.0,32.0,40.0,Suitable for any job
32.0,29.0,32.0,26.0,18.0,Suitable for any job
34.0,36.0,31.0,35.0,27.0,"Sales, Marketing & Management"
32.0,29.0,30.0,37.0,24.0,Education & Social Work
33.0,28.0,32.0,34.0,36.0,Education & Social Work
32.0,29.0,32.0,37.0,23.0,Education & Social Work
32.0,32.0,29.0,34.0,31.0,Education & Social Work
36.0,33.0,30.0,29.0,44.0,Suitable for any job
31.0,25.0,40.0,36.0,37.0,Education & Social Work
36.0,37.0,30.0,37.0,37.0,"Sales, Marketing & Management"
41.0,26.0,35.0,34.0,37.0,Education & Social Work
31.0,27.0,36.0,31.0,24.0,Education & Social Work
32.0,34.0,33.0,31.0,27.0,"Sales, Marketing & Management"
27.0,29.0,26.0,29.0,16.0,Suitable for any job
36.0,33.0,29.0,37.0,38.0,Education & Social Work
29.0,31.0,33.0,32.0,35.0,"Sales, Marketing & Management"
36.0,28.0,35.0,33.0,34.0,Education & Social Work
29.0,34.0,38.0,34.0,43.0,"Sales, Marketing & Management"
33.0,28.0,34.0,28.0,31.0,Suitable for any job
37.0,37.0,32.0,40.0,45.0,"Sales, Marketing & Management"
33.0,36.0,33.0,33.0,25.0,"Sales, Marketing & Management"
38.0,32.0,30.0,34.0,31.0,"Sales, Marketing & Management"
28.0,33.0,31.0,32.0,36.0,"Sales, Marketing & Management"
34.0,35.0,34.0,34.0,43.0,"Sales, Marketing & Management"
37.0,33.0,29.0,31.0,42.0,Education & Social Work
34.0,38.0,31.0,34.0,27.0,"Sales, Marketing & Management"
35.0,34.0,34.0,26.0,18.0,High-Pressure & Leadership Roles
31.0,33.0,31.0,43.0,39.0,"Sales, Marketing & Management"
31.0,30.0,27.0,34.0,30.0,Education & Social Work
27.0,28.0,31.0,27.0,44.0,Suitable for any job
30.0,30.0,25.0,33.0,39.0,Education & Social Work
38.0,26.0,28.0,28.0,32.0,Suitable for any job
38.0,32.0,24.0,32.0,31.0,Education & Social Work
36.0,25.0,29.0,28.0,30.0,Suitable for any job
34.0,29.0,31.0,32.0,29.0,Education & Social Work
33.0,34.0,31.0,34.0,32.0,"Sales, Marketing & Management"
36.0,32.0,33.0,33.0,32.0,"Sales, Marketing & Management"
29.0,28.0,26.0,32.0,42.0,Suitable for any job
33.0,35.0,33.0,27.0,23.0,Suitable for any job
24.0,26.0,30.0,27.0,28.0,Suitable for any job
36.0,39.0,27.0,38.0,36.0,Education & Social Work
32.0,26.0,30.0,33.0,25.0,Education & Social Work
25.0,30.0,31.0,28.0,32.0,Suitable for any job
31.0,32.0,32.0,32.0,33.0,"Sales, Marketing & Management"
30.0,32.0,24.0,29.0,22.0,Suitable for any job
31.0,22.0,37.0,31.0,30.0,Education & Social Work
34.0,29.0,34.0,34.0,28.0,Education & Social Work
36.0,28.0,26.0,29.0,17.0,Suitable for any job
37.0,38.0,31.0,31.0,32.0,"Sales, Marketing & Management"
37.0,29.0,24.0,34.0,40.0,Education & Social Work
30.0,29.0,35.0,29.0,25.0,Suitable for any job
35.0,27.0,29.0,28.0,19.0,Suitable for any job
32.0,31.0,32.0,30.0,22.0,"Sales, Marketing & Management"
34.0,35.0,30.0,31.0,36.0,"Sales, Marketing & Management"
25.0,33.0,31.0,29.0,23.0,Suitable for any job
36.0,34.0,34.0,33.0,37.0,"Sales, Marketing & Management"
32.0,33.0,31.0,32.0,28.0,"Sales, Marketing & Management"
33.0,34.0,33.0,33.0,16.0,Healthcare & Support
24.0,29.0,27.0,29.0,21.0,Suitable for any job
34.0,27.0,29.0,32.0,36.0,Education & Social Work
39.0,33.0,25.0,31.0,33.0,Education & Social Work
30.0,29.0,31.0,30.0,34.0,Education & Social Work
33.0,28.0,29.0,29.0,26.0,Suitable for any job
31.0,28.0,26.0,25.0,43.0,Suitable for any job
33.0,29.0,26.0,35.0,25.0,Education & Social Work
35.0,27.0,27.0,25.0,22.0,Suitable for any job
29.0,37.0,37.0,42.0,46.0,"Sales, Marketing & Management"
37.0,34.0,40.0,36.0,36.0,"Sales, Marketing & Management"
38.0,31.0,32.0,34.0,42.0,"Sales, Marketing & Management"
24.0,18.0,30.0,24.0,21.0,"Flexible, Less Structured Roles"
36.0,29.0,29.0,30.0,27.0,Education & Social Work
29.0,25.0,25.0,28.0,16.0,Suitable for any job
37.0,36.0,32.0,35.0,40.0,"Sales, Marketing & Management"
33.0,31.0,28.0,29.0,36.0,Suitable for any job
32.0,30.0,29.0,31.0,27.0,Education & Social Work
33.0,27.0,31.0,29.0,28.0,Suitable for any job
29.0,29.0,35.0,30.0,25.0,Suitable for any job
27.0,34.0,37.0,38.0,35.0,"Sales, Marketing & Management"
25.0,25.0,30.0,28.0,35.0,Suitable for any job
50.0,30.0,30.0,34.0,33.0,"Sales, Marketing & Management"
36.0,29.0,24.0,28.0,35.0,Suitable for any job
36.0,36.0,28.0,35.0,35.0,Education & Social Work
35.0,28.0,29.0,33.0,34.0,Education & Social Work
36.0,41.0,32.0,44.0,41.0,"Sales, Marketing & Management"
35.0,29.0,35.0,38.0,31.0,Education & Social Work
31.0,30.0,30.0,28.0,33.0,Suitable for any job
38.0,39.0,38.0,37.0,43.0,"Sales, Marketing & Management"
31.0,34.0,31.0,32.0,30.0,"Sales, Marketing & Management"
38.0,34.0,31.0,34.0,19.0,Healthcare & Support
36.0,34.0,29.0,34.0,37.0,Education & Social Work
33.0,32.0,31.0,30.0,28.0,"Sales, Marketing & Management"
32.0,37.0,38.0,31.0,34.0,"Sales, Marketing & Management"
35.0,28.0,32.0,30.0,29.0,Education & Social Work
31.0,30.0,30.0,39.0,26.0,"Sales, Marketing & Management"
35.0,35.0,30.0,30.0,32.0,"Sales, Marketing & Management"
37.0,35.0,28.0,31.0,22.0,Education & Social Work
34.0,30.0,36.0,35.0,44.0,"Sales, Marketing & Management"
33.0,30.0,30.0,27.0,31.0,Suitable for any job
34.0,27.0,33.0,34.0,20.0,Education & Social Work
33.0,34.0,33.0,31.0,42.0,"Sales, Marketing & Management"
33.0,32.0,33.0,32.0,32.0,"Sales, Marketing & Management"
35.0,28.0,26.0,27.0,25.0,Suitable for any job
30.0,33.0,33.0,35.0,33.0,"Sales, Marketing & Management"
35.0,35.0,30.0,37.0,21.0,"Sales, Marketing & Management"
36.0,37.0,34.0,33.0,33.0,"Sales, Marketing & Management"
40.0,28.0,25.0,26.0,34.0,Suitable for any job
31.0,31.0,33.0,34.0,36.0,"Sales, Marketing & Management"
30.0,24.0,32.0,36.0,33.0,Education & Social Work
31.0,28.0,31.0,23.0,31.0,Suitable for any job
35.0,30.0,33.0,29.0,21.0,Suitable for any job
30.0,23.0,29.0,36.0,22.0,Education & Social Work
28.0,29.0,27.0,29.0,26.0,Suitable for any job
35.0,30.0,28.0,30.0,40.0,Education & Social Work
29.0,29.0,30.0,29.0,37.0,Suitable for any job
33.0,36.0,35.0,38.0,31.0,"Sales, Marketing & Management"
31.0,21.0,29.0,27.0,29.0,Suitable for any job
37.0,30.0,29.0,29.0,20.0,Suitable for any job
33.0,29.0,31.0,28.0,26.0,Suitable for any job
31.0,40.0,32.0,30.0,37.0,"Sales, Marketing & Management"
29.0,30.0,26.0,31.0,25.0,Suitable for any job
30.0,33.0,35.0,29.0,33.0,Suitable for any job
29.0,27.0,30.0,34.0,27.0,Suitable for any job
34.0,28.0,30.0,40.0,34.0,Education & Social Work
28.0,22.0,31.0,32.0,29.0,Suitable for any job
31.0,28.0,31.0,31.0,35.0,Education & Social Work
23.0,29.0,31.0,29.0,21.0,Suitable for any job
29.0,29.0,30.0,30.0,46.0,Suitable for any job
34.0,35.0,34.0,31.0,24.0,"Sales, Marketing & Management"
33.0,31.0,34.0,34.0,25.0,"Sales, Marketing & Management"
32.0,22.0,27.0,29.0,28.0,Suitable for any job
39.0,35.0,39.0,33.0,39.0,"Sales, Marketing & Management"
32.0,42.0,27.0,34.0,24.0,Education & Social Work
36.0,31.0,30.0,32.0,27.0,"Sales, Marketing & Management"
30.0,28.0,35.0,27.0,41.0,Suitable for any job
32.0,29.0,33.0,33.0,35.0,Education & Social Work
30.0,31.0,35.0,28.0,21.0,Suitable for any job
27.0,27.0,27.0,36.0,26.0,Suitable for any job
34.0,30.0,32.0,31.0,20.0,Healthcare & Support
39.0,39.0,37.0,38.0,30.0,"Sales, Marketing & Management"
35.0,36.0,30.0,38.0,37.0,"Sales, Marketing & Management"
33.0,32.0,28.0,30.0,32.0,Education & Social Work
39.0,32.0,29.0,34.0,34.0,Education & Social Work
34.0,30.0,33.0,35.0,25.0,"Sales, Marketing & Management"
30.0,28.0,25.0,30.0,28.0,Education & Social Work
28.0,33.0,31.0,30.0,31.0,"Sales, Marketing & Management"
34.0,26.0,30.0,33.0,28.0,Education & Social Work
29.0,25.0,28.0,32.0,46.0,Suitable for any job
37.0,33.0,31.0,31.0,32.0,"Sales, Marketing & Management"
32.0,37.0,26.0,32.0,33.0,Education & Social Work
28.0,33.0,32.0,29.0,19.0,High-Pressure & Leadership Roles
41.0,24.0,35.0,38.0,33.0,Education & Social Work
38.0,29.0,31.0,31.0,35.0,Education & Social Work
36.0,33.0,30.0,33.0,27.0,"Sales, Marketing & Management"
32.0,34.0,29.0,30.0,24.0,Education & Social Work
45.0,43.0,40.0,40.0,43.0,"Sales, Marketing & Management"
32.0,26.0,31.0,31.0,21.0,Education & Social Work
34.0,37.0,33.0,38.0,31.0,"Sales, Marketing & Management"
36.0,29.0,31.0,31.0,37.0,Education & Social Work
31.0,33.0,27.0,30.0,31.0,Education & Social Work
33.0,31.0,30.0,29.0,28.0,Suitable for any job
37.0,24.0,25.0,27.0,25.0,Suitable for any job
29.0,23.0,30.0,29.0,19.0,Suitable for any job
31.0,34.0,32.0,32.0,23.0,"Sales, Marketing & Management"
34.0,27.0,31.0,32.0,26.0,Education & Social Work
34.0,26.0,43.0,33.0,27.0,Education & Social Work
34.0,27.0,35.0,34.0,33.0,Education & Social Work
36.0,33.0,34.0,30.0,24.0,"Sales, Marketing & Management"
28.0,28.0,37.0,26.0,29.0,Suitable for any job
32.0,38.0,33.0,32.0,36.0,"Sales, Marketing & Management"
38.0,31.0,30.0,33.0,35.0,"Sales, Marketing & Management"
38.0,42.0,28.0,36.0,35.0,Education & Social Work
25.0,30.0,28.0,25.0,30.0,Suitable for any job
32.0,29.0,28.0,30.0,32.0,Education & Social Work
30.0,25.0,35.0,32.0,21.0,Education & Social Work
32.0,33.0,31.0,32.0,35.0,"Sales, Marketing & Management"
26.0,26.0,32.0,34.0,29.0,Suitable for any job
28.0,43.0,21.0,36.0,38.0,Suitable for any job
35.0,34.0,29.0,29.0,36.0,Suitable for any job
27.0,32.0,20.0,40.0,38.0,Solitary & Technical Jobs
35.0,34.0,31.0,30.0,34.0,"Sales, Marketing & Management"
33.0,39.0,34.0,33.0,29.0,"Sales, Marketing & Management"
38.0,40.0,38.0,36.0,44.0,"Sales, Marketing & Management"
41.0,37.0,38.0,37.0,38.0,"Sales, Marketing & Management"
39.0,40.0,31.0,30.0,41.0,"Sales, Marketing & Management"
32.0,28.0,33.0,30.0,32.0,Education & Social Work
34.0,30.0,36.0,33.0,42.0,"Sales, Marketing & Management"
35.0,34.0,32.0,33.0,37.0,"Sales, Marketing & Management"
34.0,35.0,31.0,31.0,26.0,"Sales, Marketing & Management"
33.0,34.0,26.0,31.0,35.0,Education & Social Work
37.0,33.0,31.0,36.0,27.0,"Sales, Marketing & Management"
35.0,28.0,28.0,30.0,43.0,Education & Social Work
37.0,32.0,32.0,32.0,25.0,"Sales, Marketing & Management"
32.0,33.0,30.0,29.0,26.0,Suitable for any job
29.0,30.0,33.0,34.0,25.0,"Sales, Marketing & Management"
31.0,33.0,29.0,33.0,35.0,Education & Social Work
41.0,33.0,33.0,38.0,42.0,"Sales, Marketing & Management"
32.0,41.0,36.0,39.0,35.0,"Sales, Marketing & Management"
29.0,28.0,28.0,31.0,41.0,Suitable for any job
34.0,27.0,30.0,31.0,29.0,Education & Social Work
36.0,30.0,30.0,26.0,30.0,Suitable for any job
28.0,33.0,26.0,33.0,43.0,Suitable for any job
31.0,30.0,25.0,33.0,38.0,Education & Social Work
37.0,38.0,38.0,31.0,35.0,"Sales, Marketing & Management"
37.0,30.0,31.0,27.0,39.0,Suitable for any job
38.0,34.0,29.0,27.0,27.0,Suitable for any job
27.0,31.0,28.0,30.0,29.0,Suitable for any job
30.0,29.0,29.0,30.0,34.0,Education & Social Work
34.0,33.0,31.0,35.0,38.0,"Sales, Marketing & Management"
29.0,33.0,30.0,32.0,36.0,"Sales, Marketing & Management"
34.0,34.0,29.0,32.0,30.0,Education & Social Work
38.0,26.0,30.0,25.0,29.0,Suitable for any job
27.0,30.0,41.0,36.0,28.0,"Sales, Marketing & Management"
30.0,30.0,37.0,35.0,30.0,"Sales, Marketing & Management"
36.0,33.0,30.0,33.0,36.0,"Sales, Marketing & Management"
34.0,32.0,28.0,29.0,35.0,Suitable for any job
29.0,27.0,31.0,29.0,39.0,Suitable for any job
33.0,28.0,30.0,30.0,28.0,Education & Social Work
33.0,29.0,28.0,32.0,36.0,Education & Social Work
29.0,35.0,30.0,34.0,34.0,"Sales, Marketing & Management"
27.0,30.0,34.0,30.0,29.0,"Sales, Marketing & Management"
38.0,34.0,29.0,32.0,33.0,Education & Social Work
31.0,27.0,29.0,32.0,20.0,Education & Social Work
40.0,31.0,24.0,28.0,32.0,Suitable for any job
36.0,27.0,33.0,32.0,25.0,Education & Social Work
36.0,38.0,25.0,34.0,26.0,Education & Social Work
37.0,26.0,26.0,26.0,18.0,Suitable for any job
35.0,35.0,36.0,31.0,29.0,"Sales, Marketing & Management"
36.0,34.0,32.0,33.0,30.0,"Sales, Marketing & Management"
36.0,33.0,28.0,25.0,34.0,Suitable for any job
31.0,28.0,32.0,34.0,45.0,Education & Social Work
28.0,31.0,31.0,31.0,27.0,"Sales, Marketing & Management"
30.0,32.0,34.0,30.0,25.0,"Sales, Marketing & Management"
38.0,33.0,29.0,31.0,40.0,Education & Social Work
30.0,29.0,37.0,32.0,32.0,Education & Social Work
37.0,25.0,30.0,32.0,31.0,Education & Social Work
29.0,35.0,36.0,31.0,32.0,"Sales, Marketing & Management"
29.0,33.0,28.0,31.0,18.0,Healthcare & Support
29.0,26.0,34.0,34.0,27.0,Suitable for any job
32.0,31.0,26.0,34.0,36.0,Education & Social Work
35.0,28.0,23.0,33.0,32.0,Education & Social Work
31.0,37.0,29.0,32.0,26.0,Education & Social Work
34.0,32.0,29.0,37.0,26.0,Education & Social Work
34.0,33.0,32.0,36.0,33.0,"Sales, Marketing & Management"
35.0,35.0,34.0,33.0,39.0,"Sales, Marketing & Management"
33.0,36.0,34.0,38.0,37.0,"Sales, Marketing & Management"
28.0,34.0,32.0,31.0,22.0,"Sales, Marketing & Management"
27.0,23.0,26.0,31.0,16.0,Suitable for any job
32.0,33.0,28.0,28.0,36.0,Suitable for any job
24.0,33.0,25.0,29.0,34.0,Suitable for any job
29.0,29.0,31.0,29.0,29.0,Suitable for any job
34.0,29.0,38.0,33.0,24.0,Education & Social Work
33.0,30.0,32.0,27.0,20.0,High-Pressure & Leadership Roles
41.0,34.0,34.0,38.0,30.0,"Sales, Marketing & Management"
35.0,31.0,29.0,20.0,28.0,Suitable for any job
35.0,34.0,33.0,33.0,37.0,"Sales, Marketing & Management"
33.0,40.0,31.0,31.0,24.0,"Sales, Marketing & Management"
28.0,33.0,29.0,25.0,44.0,Suitable for any job
33.0,30.0,24.0,33.0,29.0,Education & Social Work
32.0,32.0,27.0,28.0,30.0,Suitable for any job
33.0,38.0,33.0,35.0,21.0,"Sales, Marketing & Management"
33.0,30.0,36.0,27.0,40.0,Suitable for any job
35.0,36.0,32.0,33.0,26.0,"Sales, Marketing & Management"
28.0,30.0,31.0,32.0,32.0,"Sales, Marketing & Management"
38.0,33.0,33.0,35.0,19.0,Healthcare & Support
34.0,31.0,24.0,28.0,46.0,Suitable for any job
32.0,29.0,34.0,33.0,29.0,Education & Social Work
28.0,27.0,28.0,27.0,21.0,Suitable for any job
36.0,44.0,32.0,38.0,42.0,"Sales, Marketing & Management"
31.0,30.0,36.0,32.0,21.0,"Sales, Marketing & Management"
25.0,36.0,24.0,35.0,23.0,Suitable for any job
33.0,30.0,29.0,31.0,27.0,Education & Social Work
32.0,36.0,32.0,34.0,32.0,"Sales, Marketing & Management"
36.0,32.0,34.0,28.0,28.0,Suitable for any job
29.0,36.0,33.0,35.0,22.0,"Sales, Marketing & Management"
30.0,28.0,28.0,30.0,38.0,Education & Social Work
26.0,29.0,24.0,37.0,32.0,Suitable for any job
30.0,31.0,30.0,32.0,25.0,"Sales, Marketing & Management"
30.0,26.0,29.0,27.0,29.0,Suitable for any job
36.0,28.0,31.0,30.0,28.0,Education & Social Work
33.0,28.0,31.0,29.0,36.0,Suitable for any job
36.0,28.0,33.0,40.0,31.0,Education & Social Work
30.0,38.0,32.0,29.0,39.0,Suitable for any job
31.0,30.0,35.0,32.0,30.0,"Sales, Marketing & Management"
30.0,32.0,33.0,32.0,43.0,"Sales, Marketing & Management"
33.0,30.0,30.0,33.0,36.0,"Sales, Marketing & Management"
32.0,27.0,31.0,28.0,28.0,Suitable for any job
39.0,36.0,26.0,29.0,33.0,Suitable for any job
30.0,29.0,27.0,27.0,33.0,Suitable for any job
38.0,32.0,25.0,29.0,32.0,Suitable for any job
34.0,27.0,32.0,29.0,21.0,Suitable for any job
27.0,30.0,34.0,32.0,31.0,"Sales, Marketing & Management"
31.0,32.0,30.0,26.0,23.0,Suitable for any job
31.0,32.0,31.0,34.0,41.0,"Sales, Marketing & Management"
31.0,31.0,29.0,31.0,19.0,Healthcare & Support
33.0,32.0,29.0,29.0,32.0,Suitable for any job
36.0,29.0,30.0,31.0,27.0,Education & Social Work
31.0,31.0,33.0,30.0,32.0,"Sales, Marketing & Management"
26.0,23.0,31.0,37.0,18.0,Suitable for any job
30.0,29.0,30.0,33.0,35.0,Education & Social Work
31.0,31.0,36.0,32.0,32.0,"Sales, Marketing & Management"
25.0,27.0,28.0,28.0,36.0,Suitable for any job
29.0,34.0,31.0,34.0,28.0,"Sales, Marketing & Management"
29.0,31.0,30.0,28.0,22.0,Suitable for any job
31.0,30.0,31.0,35.0,33.0,"Sales, Marketing & Management"
44.0,33.0,31.0,33.0,19.0,Healthcare & Support
32.0,30.0,27.0,33.0,36.0,Education & Social Work
33.0,38.0,30.0,35.0,32.0,"Sales, Marketing & Management"
32.0,25.0,32.0,30.0,30.0,Education & Social Work
36.0,34.0,34.0,31.0,38.0,"Sales, Marketing & Management"
32.0,27.0,34.0,28.0,36.0,Suitable for any job
36.0,25.0,22.0,26.0,36.0,Suitable for any job
26.0,33.0,29.0,32.0,39.0,Suitable for any job
33.0,32.0,32.0,34.0,28.0,"Sales, Marketing & Management"
32.0,32.0,32.0,35.0,21.0,"Sales, Marketing & Management"
30.0,26.0,32.0,33.0,24.0,Education & Social Work
32.0,35.0,37.0,34.0,17.0,Healthcare & Support
30.0,33.0,36.0,38.0,19.0,Healthcare & Support
37.0,31.0,30.0,35.0,32.0,"Sales, Marketing & Management"
31.0,32.0,30.0,30.0,22.0,"Sales, Marketing & Management"
30.0,35.0,33.0,32.0,38.0,"Sales, Marketing & Management"
33.0,32.0,26.0,28.0,30.0,Suitable for any job
35.0,26.0,29.0,33.0,26.0,Education & Social Work
36.0,37.0,31.0,33.0,32.0,"Sales, Marketing & Management"
33.0,34.0,32.0,34.0,36.0,"Sales, Marketing & Management"
29.0,33.0,30.0,33.0,30.0,"Sales, Marketing & Management"
31.0,24.0,25.0,23.0,30.0,Suitable for any job
28.0,33.0,34.0,38.0,16.0,Healthcare & Support
33.0,33.0,29.0,34.0,36.0,Education & Social Work
32.0,29.0,31.0,29.0,36.0,Suitable for any job
34.0,29.0,32.0,30.0,26.0,Education & Social Work
29.0,43.0,31.0,39.0,37.0,"Sales, Marketing & Management"
31.0,29.0,30.0,30.0,28.0,Education & Social Work
27.0,30.0,35.0,30.0,32.0,"Sales, Marketing & Management"
32.0,35.0,29.0,30.0,33.0,Education & Social Work
30.0,35.0,32.0,30.0,23.0,"Sales, Marketing & Management"
32.0,29.0,32.0,33.0,31.0,Education & Social Work
36.0,35.0,30.0,24.0,35.0,Suitable for any job
38.0,36.0,35.0,30.0,32.0,"Sales, Marketing & Management"
32.0,33.0,33.0,34.0,35.0,"Sales, Marketing & Management"
28.0,31.0,31.0,36.0,44.0,"Sales, Marketing & Management"
32.0,30.0,28.0,31.0,34.0,Education & Social Work
28.0,28.0,29.0,32.0,22.0,Suitable for any job
29.0,27.0,28.0,27.0,33.0,Suitable for any job
37.0,32.0,30.0,32.0,24.0,"Sales, Marketing & Management"
36.0,30.0,32.0,32.0,22.0,"Sales, Marketing & Management"
31.0,30.0,32.0,31.0,32.0,"Sales, Marketing & Management"
30.0,33.0,27.0,28.0,33.0,Suitable for any job
28.0,24.0,32.0,36.0,40.0,Suitable for any job
37.0,33.0,32.0,31.0,18.0,Healthcare & Support
37.0,32.0,29.0,29.0,29.0,Suitable for any job
25.0,29.0,31.0,31.0,34.0,Suitable for any job
39.0,25.0,30.0,29.0,37.0,Suitable for any job
35.0,35.0,29.0,34.0,32.0,Education & Social Work
32.0,29.0,29.0,28.0,26.0,Suitable for any job
36.0,33.0,31.0,32.0,20.0,Healthcare & Support
35.0,35.0,28.0,23.0,16.0,Suitable for any job
29.0,29.0,27.0,29.0,30.0,Suitable for any job
38.0,38.0,32.0,31.0,28.0,"Sales, Marketing & Management"
34.0,27.0,29.0,30.0,39.0,Education & Social Work
30.0,26.0,28.0,32.0,22.0,Education & Social Work
35.0,26.0,27.0,31.0,25.0,Education & Social Work
32.0,32.0,31.0,28.0,31.0,Suitable for any job
34.0,31.0,25.0,26.0,34.0,Suitable for any job
37.0,38.0,30.0,24.0,29.0,Suitable for any job
35.0,27.0,33.0,36.0,27.0,Education & Social Work
29.0,33.0,36.0,34.0,25.0,"Sales, Marketing & Management"
36.0,35.0,27.0,31.0,32.0,Education & Social Work
41.0,33.0,33.0,33.0,38.0,"Sales, Marketing & Management"
34.0,33.0,30.0,29.0,44.0,Suitable for any job
31.0,38.0,28.0,33.0,37.0,Education & Social Work
31.0,34.0,28.0,34.0,35.0,Education & Social Work
27.0,33.0,32.0,28.0,33.0,Suitable for any job
27.0,28.0,35.0,31.0,24.0,Suitable for any job
30.0,29.0,28.0,29.0,35.0,Suitable for any job
29.0,32.0,28.0,34.0,21.0,Suitable for any job
30.0,29.0,34.0,31.0,32.0,Education & Social Work
31.0,29.0,32.0,28.0,27.0,Suitable for any job
37.0,34.0,32.0,34.0,35.0,"Sales, Marketing & Management"
33.0,31.0,30.0,32.0,22.0,"Sales, Marketing & Management"
34.0,32.0,30.0,34.0,31.0,"Sales, Marketing & Management"
34.0,32.0,30.0,30.0,40.0,"Sales, Marketing & Management"
25.0,32.0,33.0,31.0,35.0,"Sales, Marketing & Management"
29.0,30.0,31.0,28.0,28.0,Suitable for any job
22.0,24.0,30.0,30.0,17.0,Suitable for any job
41.0,30.0,30.0,32.0,37.0,"Sales, Marketing & Management"
36.0,32.0,34.0,35.0,39.0,"Sales, Marketing & Management"
34.0,27.0,33.0,29.0,28.0,Suitable for any job
27.0,35.0,29.0,26.0,33.0,Suitable for any job
38.0,30.0,31.0,33.0,29.0,"Sales, Marketing & Management"
38.0,29.0,29.0,35.0,28.0,Education & Social Work
26.0,22.0,24.0,32.0,32.0,Suitable for any job
31.0,25.0,32.0,34.0,24.0,Education & Social Work
35.0,35.0,29.0,35.0,35.0,Education & Social Work
36.0,36.0,30.0,34.0,38.0,"Sales, Marketing & Management"
29.0,27.0,26.0,27.0,26.0,Suitable for any job
34.0,35.0,28.0,27.0,30.0,Suitable for any job
35.0,33.0,33.0,34.0,26.0,"Sales, Marketing & Management"
33.0,34.0,23.0,36.0,18.0,Healthcare & Support
34.0,26.0,38.0,31.0,34.0,Education & Social Work
37.0,35.0,34.0,29.0,41.0,Suitable for any job
25.0,32.0,31.0,27.0,35.0,Suitable for any job
28.0,35.0,37.0,34.0,36.0,"Sales, Marketing & Management"
36.0,32.0,37.0,35.0,37.0,"Sales, Marketing & Management"
28.0,32.0,30.0,29.0,33.0,Suitable for any job
32.0,31.0,40.0,37.0,28.0,"Sales, Marketing & Management"
33.0,32.0,29.0,28.0,23.0,Suitable for any job
36.0,30.0,32.0,36.0,28.0,"Sales, Marketing & Management"
37.0,32.0,35.0,34.0,38.0,"Sales, Marketing & Management"
34.0,34.0,30.0,32.0,33.0,"Sales, Marketing & Management"
32.0,37.0,31.0,34.0,28.0,"Sales, Marketing & Management"
34.0,28.0,34.0,29.0,37.0,Suitable for any job
36.0,35.0,28.0,34.0,46.0,Education & Social Work
28.0,27.0,28.0,31.0,32.0,Suitable for any job
34.0,34.0,37.0,27.0,26.0,Suitable for any job
27.0,36.0,38.0,41.0,35.0,"Sales, Marketing & Management"
32.0,30.0,29.0,29.0,28.0,Suitable for any job
30.0,27.0,33.0,29.0,18.0,Suitable for any job
33.0,35.0,37.0,31.0,34.0,"Sales, Marketing & Management"
30.0,31.0,28.0,36.0,19.0,Healthcare & Support
32.0,32.0,30.0,31.0,34.0,"Sales, Marketing & Management"
35.0,29.0,31.0,30.0,41.0,Education & Social Work
26.0,35.0,36.0,34.0,34.0,"Sales, Marketing & Management"
33.0,32.0,21.0,28.0,34.0,Suitable for any job
32.0,31.0,32.0,33.0,33.0,"Sales, Marketing & Management"
31.0,24.0,30.0,27.0,24.0,Suitable for any job
34.0,30.0,32.0,28.0,25.0,Suitable for any job
36.0,34.0,33.0,41.0,36.0,"Sales, Marketing & Management"
35.0,38.0,32.0,38.0,46.0,"Sales, Marketing & Management"
29.0,25.0,24.0,26.0,34.0,Suitable for any job
33.0,30.0,18.0,27.0,42.0,Technical Expert Roles
34.0,33.0,25.0,28.0,23.0,Suitable for any job
36.0,31.0,32.0,28.0,29.0,Suitable for any job
38.0,34.0,26.0,33.0,42.0,Education & Social Work
26.0,36.0,28.0,31.0,34.0,Suitable for any job
34.0,36.0,32.0,30.0,31.0,"Sales, Marketing & Management"
32.0,31.0,34.0,31.0,26.0,"Sales, Marketing & Management"
27.0,37.0,26.0,23.0,25.0,Suitable for any job
36.0,31.0,36.0,33.0,34.0,"Sales, Marketing & Management"
30.0,35.0,34.0,36.0,27.0,"Sales, Marketing & Management"
0.0,0.0,0.0,0.0,0.0,Suitable for any job
33.0,37.0,32.0,30.0,29.0,"Sales, Marketing & Management"
33.0,32.0,31.0,30.0,27.0,"Sales, Marketing & Management"
36.0,30.0,30.0,31.0,31.0,"Sales, Marketing & Management"
33.0,26.0,33.0,32.0,30.0,Education & Social Work
35.0,34.0,31.0,30.0,26.0,"Sales, Marketing & Management"
34.0,30.0,33.0,29.0,23.0,Suitable for any job
31.0,34.0,34.0,28.0,25.0,Suitable for any job
35.0,32.0,29.0,31.0,28.0,Education & Social Work
37.0,38.0,33.0,27.0,41.0,Suitable for any job
34.0,31.0,33.0,33.0,37.0,"Sales, Marketing & Management"
28.0,34.0,28.0,32.0,28.0,Suitable for any job
35.0,32.0,31.0,33.0,25.0,"Sales, Marketing & Management"
31.0,30.0,26.0,29.0,24.0,Suitable for any job
28.0,26.0,31.0,28.0,28.0,Suitable for any job
33.0,28.0,31.0,35.0,35.0,Education & Social Work
27.0,30.0,32.0,31.0,33.0,"Sales, Marketing & Management"
33.0,34.0,34.0,34.0,31.0,"Sales, Marketing & Management"
33.0,29.0,32.0,35.0,35.0,Education & Social Work
32.0,30.0,29.0,31.0,26.0,Education & Social Work
30.0,31.0,30.0,29.0,31.0,Suitable for any job
0.0,0.0,3.0,5.0,0.0,Suitable for any job
34.0,34.0,36.0,33.0,31.0,"Sales, Marketing & Management"
29.0,40.0,35.0,40.0,38.0,"Sales, Marketing & Management"
29.0,23.0,32.0,32.0,25.0,Suitable for any job
34.0,32.0,36.0,35.0,36.0,"Sales, Marketing & Management"
30.0,30.0,30.0,30.0,17.0,Healthcare & Support
28.0,30.0,31.0,33.0,37.0,"Sales, Marketing & Management"
27.0,25.0,27.0,26.0,29.0,Suitable for any job
30.0,35.0,20.0,31.0,21.0,Technical Expert Roles
29.0,35.0,33.0,31.0,42.0,"Sales, Marketing & Management"
31.0,27.0,32.0,35.0,35.0,Education & Social Work
32.0,31.0,34.0,32.0,22.0,"Sales, Marketing & Management"
32.0,34.0,31.0,34.0,28.0,"Sales, Marketing & Management"
34.0,34.0,35.0,31.0,28.0,"Sales, Marketing & Management"
27.0,34.0,30.0,26.0,24.0,Suitable for any job
38.0,26.0,33.0,31.0,35.0,Education & Social Work
31.0,32.0,31.0,30.0,24.0,"Sales, Marketing & Management"
31.0,27.0,32.0,29.0,27.0,Suitable for any job
30.0,28.0,35.0,34.0,27.0,Education & Social Work
24.0,26.0,26.0,24.0,34.0,Suitable for any job
37.0,33.0,29.0,30.0,25.0,Education & Social Work
39.0,36.0,40.0,35.0,32.0,"Sales, Marketing & Management"
35.0,34.0,28.0,30.0,25.0,Education & Social Work
32.0,32.0,35.0,37.0,27.0,"Sales, Marketing & Management"
26.0,30.0,28.0,30.0,25.0,Suitable for any job
38.0,35.0,29.0,36.0,29.0,Education & Social Work
32.0,30.0,31.0,32.0,18.0,Healthcare & Support
31.0,34.0,30.0,30.0,29.0,"Sales, Marketing & Management"
35.0,34.0,33.0,35.0,33.0,"Sales, Marketing & Management"
32.0,34.0,33.0,29.0,21.0,Suitable for any job
30.0,34.0,26.0,34.0,37.0,Education & Social Work
28.0,27.0,29.0,35.0,21.0,Suitable for any job
37.0,44.0,31.0,29.0,34.0,Suitable for any job
32.0,30.0,37.0,35.0,37.0,"Sales, Marketing & Management"
32.0,30.0,33.0,34.0,34.0,"Sales, Marketing & Management"
31.0,29.0,33.0,32.0,33.0,Education & Social Work
34.0,39.0,33.0,32.0,28.0,"Sales, Marketing & Management"
33.0,40.0,30.0,29.0,30.0,Suitable for any job
39.0,32.0,32.0,33.0,37.0,"Sales, Marketing & Management"
39.0,37.0,29.0,24.0,30.0,Suitable for any job
22.0,23.0,28.0,25.0,27.0,Suitable for any job
31.0,28.0,27.0,27.0,20.0,Suitable for any job
26.0,34.0,34.0,34.0,44.0,"Sales, Marketing & Management"
27.0,30.0,32.0,35.0,23.0,"Sales, Marketing & Management"
37.0,40.0,37.0,34.0,34.0,"Sales, Marketing & Management"
33.0,35.0,31.0,28.0,33.0,Suitable for any job
36.0,37.0,41.0,35.0,35.0,"Sales, Marketing & Management"
30.0,27.0,31.0,35.0,27.0,Education & Social Work
33.0,30.0,37.0,33.0,44.0,"Sales, Marketing & Management"
34.0,31.0,30.0,28.0,19.0,High-Pressure & Leadership Roles
32.0,31.0,29.0,32.0,36.0,Education & Social Work
28.0,24.0,33.0,31.0,27.0,Suitable for any job
41.0,30.0,29.0,32.0,26.0,Education & Social Work
32.0,27.0,26.0,36.0,39.0,Education & Social Work
33.0,32.0,33.0,25.0,28.0,Suitable for any job
35.0,36.0,30.0,33.0,26.0,"Sales, Marketing & Management"
34.0,30.0,35.0,31.0,20.0,Healthcare & Support
39.0,33.0,31.0,29.0,34.0,Suitable for any job
33.0,38.0,32.0,30.0,23.0,"Sales, Marketing & Management"
31.0,27.0,31.0,28.0,25.0,Suitable for any job
34.0,27.0,28.0,29.0,38.0,Suitable for any job
35.0,38.0,31.0,28.0,33.0,Suitable for any job
32.0,28.0,30.0,32.0,20.0,Education & Social Work
35.0,25.0,32.0,32.0,26.0,Education & Social Work
35.0,39.0,31.0,33.0,34.0,"Sales, Marketing & Management"
32.0,32.0,33.0,34.0,29.0,"Sales, Marketing & Management"
29.0,34.0,33.0,28.0,30.0,Suitable for any job
42.0,41.0,40.0,33.0,29.0,"Sales, Marketing & Management"
31.0,32.0,29.0,29.0,31.0,Suitable for any job
32.0,24.0,33.0,33.0,35.0,Education & Social Work
33.0,30.0,28.0,23.0,33.0,Suitable for any job
35.0,29.0,30.0,27.0,40.0,Suitable for any job
38.0,31.0,31.0,33.0,34.0,"Sales, Marketing & Management"
30.0,33.0,30.0,27.0,24.0,Suitable for any job
35.0,31.0,38.0,33.0,34.0,"Sales, Marketing & Management"
33.0,32.0,32.0,32.0,33.0,"Sales, Marketing & Management"
34.0,31.0,28.0,39.0,39.0,Education & Social Work
31.0,30.0,34.0,29.0,25.0,Suitable for any job
37.0,34.0,29.0,34.0,22.0,Education & Social Work
34.0,35.0,36.0,24.0,32.0,Suitable for any job
35.0,29.0,28.0,32.0,29.0,Education & Social Work
32.0,30.0,29.0,29.0,27.0,Suitable for any job
29.0,32.0,28.0,27.0,28.0,Suitable for any job
34.0,31.0,35.0,34.0,23.0,"Sales, Marketing & Management"
33.0,31.0,31.0,36.0,32.0,"Sales, Marketing & Management"
31.0,31.0,31.0,33.0,30.0,"Sales, Marketing & Management"
34.0,35.0,30.0,31.0,34.0,"Sales, Marketing & Management"
31.0,35.0,34.0,36.0,37.0,"Sales, Marketing & Management"
29.0,38.0,23.0,29.0,28.0,Suitable for any job
31.0,37.0,36.0,30.0,30.0,"Sales, Marketing & Management"
29.0,26.0,28.0,36.0,31.0,Suitable for any job
29.0,38.0,29.0,34.0,41.0,Suitable for any job
37.0,36.0,27.0,28.0,34.0,Suitable for any job
28.0,28.0,32.0,27.0,28.0,Suitable for any job
32.0,29.0,35.0,38.0,27.0,Education & Social Work
32.0,30.0,28.0,35.0,37.0,Education & Social Work
31.0,26.0,30.0,36.0,20.0,Education & Social Work
32.0,28.0,25.0,33.0,40.0,Education & Social Work
32.0,31.0,32.0,30.0,35.0,"Sales, Marketing & Management"
27.0,31.0,31.0,33.0,31.0,"Sales, Marketing & Management"
35.0,31.0,32.0,36.0,34.0,"Sales, Marketing & Management"
30.0,37.0,26.0,31.0,31.0,Education & Social Work
31.0,27.0,33.0,31.0,23.0,Education & Social Work
31.0,33.0,29.0,32.0,29.0,Education & Social Work
28.0,26.0,29.0,32.0,32.0,Suitable for any job
34.0,32.0,23.0,28.0,32.0,Suitable for any job
40.0,26.0,30.0,34.0,28.0,Education & Social Work
34.0,34.0,31.0,31.0,32.0,"Sales, Marketing & Management"
36.0,33.0,35.0,34.0,25.0,"Sales, Marketing & Management"
35.0,27.0,30.0,30.0,33.0,Education & Social Work
37.0,28.0,26.0,32.0,28.0,Education & Social Work
30.0,37.0,25.0,37.0,31.0,Education & Social Work
33.0,22.0,32.0,34.0,39.0,Education & Social Work
36.0,33.0,30.0,34.0,39.0,"Sales, Marketing & Management"
35.0,32.0,33.0,37.0,30.0,"Sales, Marketing & Management"
31.0,34.0,30.0,30.0,41.0,"Sales, Marketing & Management"
26.0,31.0,24.0,35.0,36.0,Suitable for any job
32.0,32.0,31.0,30.0,37.0,"Sales, Marketing & Management"
33.0,34.0,30.0,34.0,25.0,"Sales, Marketing & Management"
36.0,36.0,36.0,34.0,26.0,"Sales, Marketing & Management"
36.0,30.0,30.0,33.0,22.0,"Sales, Marketing & Management"
32.0,33.0,32.0,31.0,28.0,"Sales, Marketing & Management"
30.0,30.0,29.0,31.0,32.0,Education & Social Work
32.0,28.0,32.0,34.0,31.0,Education & Social Work
32.0,38.0,37.0,37.0,35.0,"Sales, Marketing & Management"
31.0,38.0,27.0,33.0,35.0,Education & Social Work
30.0,29.0,34.0,33.0,27.0,Education & Social Work
23.0,34.0,31.0,36.0,33.0,"Sales, Marketing & Management"
34.0,30.0,30.0,34.0,30.0,"Sales, Marketing & Management"
36.0,27.0,31.0,32.0,29.0,Education & Social Work
32.0,36.0,36.0,35.0,33.0,"Sales, Marketing & Management"
35.0,39.0,32.0,32.0,34.0,"Sales, Marketing & Management"
32.0,38.0,30.0,33.0,29.0,"Sales, Marketing & Management"
37.0,33.0,30.0,30.0,34.0,"Sales, Marketing & Management"
36.0,26.0,34.0,34.0,36.0,Education & Social Work
41.0,32.0,30.0,36.0,28.0,"Sales, Marketing & Management"
34.0,29.0,37.0,37.0,38.0,Education & Social Work
25.0,29.0,27.0,30.0,32.0,Suitable for any job
32.0,28.0,32.0,30.0,25.0,Education & Social Work
32.0,32.0,29.0,32.0,30.0,Education & Social Work
24.0,32.0,34.0,31.0,36.0,"Sales, Marketing & Management"
31.0,24.0,31.0,36.0,38.0,Education & Social Work
30.0,30.0,27.0,31.0,22.0,Education & Social Work
31.0,30.0,31.0,25.0,24.0,Suitable for any job
28.0,27.0,30.0,36.0,33.0,Suitable for any job
29.0,24.0,31.0,31.0,34.0,Suitable for any job
30.0,27.0,26.0,31.0,35.0,Education & Social Work
35.0,32.0,31.0,30.0,32.0,"Sales, Marketing & Management"
30.0,30.0,32.0,31.0,27.0,"Sales, Marketing & Management"
32.0,28.0,28.0,31.0,20.0,Education & Social Work
34.0,31.0,32.0,33.0,27.0,"Sales, Marketing & Management"
36.0,31.0,26.0,34.0,36.0,Education & Social Work
40.0,40.0,34.0,39.0,43.0,"Sales, Marketing & Management"
34.0,30.0,35.0,33.0,28.0,"Sales, Marketing & Management"
32.0,35.0,28.0,33.0,41.0,Education & Social Work
28.0,30.0,26.0,38.0,31.0,Suitable for any job
31.0,26.0,28.0,32.0,35.0,Education & Social Work
37.0,36.0,31.0,29.0,24.0,Suitable for any job
33.0,29.0,30.0,29.0,26.0,Suitable for any job
34.0,34.0,28.0,38.0,29.0,Education & Social Work
19.0,37.0,27.0,35.0,40.0,Corporate & Admin
32.0,29.0,31.0,33.0,29.0,Education & Social Work
38.0,32.0,30.0,34.0,23.0,"Sales, Marketing & Management"
35.0,35.0,30.0,30.0,35.0,"Sales, Marketing & Management"
37.0,36.0,23.0,39.0,42.0,Education & Social Work
32.0,34.0,30.0,34.0,23.0,"Sales, Marketing & Management"
30.0,39.0,35.0,34.0,36.0,"Sales, Marketing & Management"
34.0,28.0,30.0,34.0,29.0,Education & Social Work
30.0,26.0,26.0,34.0,30.0,Education & Social Work
34.0,28.0,29.0,35.0,46.0,Education & Social Work
35.0,31.0,32.0,32.0,30.0,"Sales, Marketing & Management"
31.0,43.0,35.0,35.0,38.0,"Sales, Marketing & Management"
33.0,33.0,32.0,33.0,39.0,"Sales, Marketing & Management"
27.0,28.0,30.0,27.0,19.0,Suitable for any job
28.0,31.0,36.0,34.0,39.0,"Sales, Marketing & Management"
35.0,32.0,33.0,35.0,28.0,"Sales, Marketing & Management"
32.0,34.0,28.0,34.0,33.0,Education & Social Work
31.0,28.0,29.0,30.0,25.0,Education & Social Work
26.0,36.0,27.0,34.0,29.0,Suitable for any job
30.0,27.0,29.0,32.0,37.0,Education & Social Work
34.0,30.0,24.0,30.0,32.0,Education & Social Work
34.0,32.0,37.0,32.0,28.0,"Sales, Marketing & Management"
31.0,31.0,33.0,27.0,30.0,Suitable for any job
42.0,34.0,34.0,34.0,44.0,"Sales, Marketing & Management"
29.0,30.0,29.0,31.0,34.0,Suitable for any job
35.0,35.0,29.0,28.0,28.0,Suitable for any job
34.0,32.0,33.0,30.0,21.0,"Sales, Marketing & Management"
33.0,32.0,31.0,36.0,37.0,"Sales, Marketing & Management"
35.0,36.0,29.0,27.0,36.0,Suitable for any job
32.0,29.0,30.0,27.0,30.0,Suitable for any job
41.0,33.0,34.0,32.0,17.0,Healthcare & Support
34.0,38.0,36.0,34.0,26.0,"Sales, Marketing & Management"
28.0,32.0,31.0,35.0,24.0,"Sales, Marketing & Management"
25.0,25.0,28.0,29.0,24.0,Suitable for any job
27.0,29.0,30.0,31.0,31.0,Suitable for any job
38.0,36.0,31.0,38.0,31.0,"Sales, Marketing & Management"
36.0,33.0,36.0,31.0,42.0,"Sales, Marketing & Management"
29.0,37.0,32.0,28.0,28.0,Suitable for any job
33.0,33.0,32.0,29.0,26.0,Suitable for any job
34.0,32.0,34.0,28.0,23.0,Suitable for any job
29.0,30.0,34.0,29.0,32.0,Suitable for any job
34.0,31.0,33.0,31.0,27.0,"Sales, Marketing & Management"
27.0,32.0,28.0,28.0,32.0,Suitable for any job
38.0,35.0,28.0,32.0,32.0,Education & Social Work
29.0,22.0,33.0,33.0,24.0,Suitable for any job
35.0,31.0,29.0,30.0,33.0,Education & Social Work
29.0,45.0,28.0,35.0,44.0,Suitable for any job
32.0,33.0,31.0,35.0,25.0,"Sales, Marketing & Management"
35.0,29.0,25.0,27.0,36.0,Suitable for any job
32.0,32.0,30.0,33.0,32.0,"Sales, Marketing & Management"
34.0,34.0,24.0,23.0,28.0,Suitable for any job
30.0,34.0,32.0,32.0,42.0,"Sales, Marketing & Management"
30.0,26.0,26.0,31.0,19.0,Education & Social Work
36.0,33.0,32.0,31.0,34.0,"Sales, Marketing & Management"
30.0,28.0,24.0,34.0,46.0,Education & Social Work
34.0,35.0,30.0,32.0,35.0,"Sales, Marketing & Management"
37.0,29.0,31.0,28.0,20.0,Suitable for any job
35.0,25.0,25.0,30.0,37.0,Education & Social Work
27.0,31.0,40.0,36.0,36.0,"Sales, Marketing & Management"
38.0,30.0,40.0,35.0,17.0,Healthcare & Support
30.0,31.0,32.0,35.0,32.0,"Sales, Marketing & Management"
38.0,31.0,26.0,30.0,31.0,Education & Social Work
37.0,28.0,33.0,28.0,32.0,Suitable for any job
27.0,31.0,27.0,33.0,28.0,Suitable for any job
27.0,26.0,31.0,29.0,29.0,Suitable for any job
27.0,29.0,30.0,31.0,31.0,Suitable for any job
34.0,27.0,27.0,30.0,37.0,Education & Social Work
27.0,31.0,30.0,30.0,35.0,"Sales, Marketing & Management"
26.0,25.0,30.0,22.0,37.0,Suitable for any job
30.0,27.0,35.0,32.0,24.0,Education & Social Work
27.0,28.0,29.0,32.0,30.0,Suitable for any job
33.0,34.0,26.0,32.0,37.0,Education & Social Work
32.0,34.0,33.0,34.0,20.0,Healthcare & Support
33.0,32.0,28.0,31.0,27.0,Education & Social Work
31.0,33.0,30.0,28.0,24.0,Suitable for any job
26.0,30.0,33.0,28.0,36.0,Suitable for any job
36.0,25.0,24.0,23.0,20.0,Suitable for any job
26.0,27.0,37.0,31.0,30.0,Suitable for any job
28.0,36.0,30.0,28.0,28.0,Suitable for any job
30.0,26.0,33.0,28.0,36.0,Suitable for any job
27.0,33.0,32.0,36.0,35.0,"Sales, Marketing & Management"
23.0,19.0,26.0,26.0,31.0,"Flexible, Less Structured Roles"
31.0,21.0,30.0,26.0,27.0,Suitable for any job
26.0,30.0,31.0,29.0,21.0,Suitable for any job
31.0,30.0,24.0,26.0,27.0,Suitable for any job
26.0,26.0,31.0,25.0,18.0,Suitable for any job
30.0,28.0,28.0,31.0,29.0,Education & Social Work
32.0,31.0,31.0,30.0,31.0,"Sales, Marketing & Management"
27.0,27.0,31.0,32.0,35.0,Suitable for any job
29.0,30.0,25.0,33.0,17.0,Healthcare & Support
30.0,31.0,30.0,34.0,20.0,Healthcare & Support
32.0,31.0,31.0,31.0,22.0,"Sales, Marketing & Management"
32.0,34.0,34.0,39.0,29.0,"Sales, Marketing & Management"
33.0,31.0,32.0,33.0,26.0,"Sales, Marketing & Management"
37.0,30.0,32.0,34.0,34.0,"Sales, Marketing & Management"
32.0,29.0,31.0,32.0,27.0,Education & Social Work
31.0,33.0,27.0,30.0,33.0,Education & Social Work
27.0,34.0,28.0,45.0,30.0,Suitable for any job
30.0,34.0,30.0,33.0,39.0,"Sales, Marketing & Management"
40.0,33.0,29.0,37.0,38.0,Education & Social Work
33.0,34.0,35.0,29.0,25.0,Suitable for any job
30.0,27.0,30.0,33.0,38.0,Education & Social Work
32.0,31.0,34.0,37.0,28.0,"Sales, Marketing & Management"
32.0,30.0,29.0,33.0,29.0,Education & Social Work
31.0,34.0,29.0,32.0,32.0,Education & Social Work
33.0,29.0,28.0,33.0,23.0,Education & Social Work
35.0,31.0,29.0,29.0,28.0,Suitable for any job
34.0,30.0,30.0,31.0,32.0,"Sales, Marketing & Management"
31.0,34.0,28.0,29.0,30.0,Suitable for any job
36.0,34.0,35.0,33.0,38.0,"Sales, Marketing & Management"
32.0,29.0,31.0,32.0,29.0,Education & Social Work
33.0,28.0,35.0,30.0,31.0,Education & Social Work
32.0,31.0,38.0,33.0,19.0,Healthcare & Support
35.0,35.0,35.0,34.0,32.0,"Sales, Marketing & Management"
32.0,27.0,32.0,31.0,20.0,Education & Social Work
36.0,35.0,36.0,40.0,36.0,"Sales, Marketing & Management"
34.0,32.0,30.0,31.0,24.0,"Sales, Marketing & Management"
29.0,30.0,30.0,25.0,18.0,High-Pressure & Leadership Roles
23.0,31.0,33.0,35.0,35.0,"Sales, Marketing & Management"
33.0,27.0,35.0,36.0,24.0,Education & Social Work
24.0,34.0,31.0,31.0,35.0,"Sales, Marketing & Management"
27.0,25.0,27.0,42.0,32.0,Suitable for any job
34.0,36.0,34.0,32.0,24.0,"Sales, Marketing & Management"
36.0,31.0,30.0,31.0,31.0,"Sales, Marketing & Management"
34.0,28.0,28.0,29.0,24.0,Suitable for any job
34.0,32.0,34.0,33.0,35.0,"Sales, Marketing & Management"
32.0,30.0,25.0,29.0,37.0,Suitable for any job
28.0,35.0,42.0,34.0,38.0,"Sales, Marketing & Management"
35.0,29.0,27.0,33.0,35.0,Education & Social Work
29.0,35.0,30.0,32.0,27.0,"Sales, Marketing & Management"
33.0,27.0,27.0,32.0,34.0,Education & Social Work
29.0,39.0,32.0,34.0,46.0,"Sales, Marketing & Management"
36.0,33.0,30.0,35.0,32.0,"Sales, Marketing & Management"
33.0,28.0,34.0,30.0,18.0,Education & Social Work
32.0,34.0,36.0,28.0,23.0,Suitable for any job
32.0,34.0,30.0,32.0,30.0,"Sales, Marketing & Management"
30.0,31.0,26.0,28.0,36.0,Suitable for any job
40.0,31.0,33.0,25.0,25.0,Suitable for any job
32.0,32.0,34.0,39.0,38.0,"Sales, Marketing & Management"
22.0,30.0,25.0,30.0,38.0,Suitable for any job
39.0,32.0,33.0,31.0,18.0,Healthcare & Support
32.0,28.0,31.0,35.0,44.0,Education & Social Work
35.0,28.0,30.0,30.0,30.0,Education & Social Work
31.0,25.0,27.0,28.0,26.0,Suitable for any job
34.0,31.0,32.0,31.0,39.0,"Sales, Marketing & Management"
39.0,34.0,30.0,28.0,37.0,Suitable for any job
34.0,37.0,29.0,28.0,31.0,Suitable for any job
27.0,32.0,26.0,30.0,27.0,Suitable for any job
35.0,38.0,33.0,36.0,26.0,"Sales, Marketing & Management"
27.0,26.0,31.0,28.0,31.0,Suitable for any job
26.0,26.0,30.0,36.0,31.0,Suitable for any job
27.0,36.0,33.0,36.0,32.0,"Sales, Marketing & Management"
33.0,27.0,32.0,24.0,28.0,Suitable for any job
39.0,37.0,38.0,35.0,35.0,"Sales, Marketing & Management"
34.0,30.0,26.0,26.0,39.0,Suitable for any job
37.0,32.0,31.0,29.0,26.0,Suitable for any job
39.0,28.0,32.0,33.0,25.0,Education & Social Work
32.0,29.0,33.0,31.0,31.0,Education & Social Work
24.0,32.0,25.0,33.0,47.0,Suitable for any job
34.0,35.0,29.0,27.0,38.0,Suitable for any job
36.0,34.0,40.0,33.0,26.0,"Sales, Marketing & Management"
36.0,33.0,32.0,37.0,40.0,"Sales, Marketing & Management"
30.0,27.0,30.0,28.0,38.0,Suitable for any job
30.0,28.0,27.0,26.0,24.0,Suitable for any job
31.0,27.0,27.0,34.0,27.0,Education & Social Work
27.0,28.0,35.0,34.0,30.0,Suitable for any job
30.0,28.0,31.0,32.0,40.0,Education & Social Work
35.0,33.0,25.0,35.0,27.0,Education & Social Work
25.0,28.0,40.0,38.0,32.0,Suitable for any job
30.0,28.0,31.0,30.0,34.0,Education & Social Work
35.0,33.0,29.0,31.0,26.0,Education & Social Work
22.0,28.0,34.0,34.0,22.0,Suitable for any job
42.0,29.0,30.0,32.0,30.0,Education & Social Work
36.0,40.0,29.0,37.0,31.0,Education & Social Work
30.0,34.0,35.0,38.0,42.0,"Sales, Marketing & Management"
27.0,38.0,31.0,32.0,33.0,"Sales, Marketing & Management"
35.0,32.0,31.0,31.0,21.0,"Sales, Marketing & Management"
35.0,32.0,28.0,30.0,34.0,Education & Social Work
29.0,32.0,31.0,34.0,29.0,"Sales, Marketing & Management"
29.0,34.0,29.0,33.0,41.0,Suitable for any job
32.0,25.0,27.0,35.0,24.0,Education & Social Work
33.0,31.0,33.0,33.0,41.0,"Sales, Marketing & Management"
33.0,33.0,29.0,27.0,39.0,Suitable for any job
31.0,26.0,31.0,30.0,20.0,Education & Social Work
35.0,35.0,33.0,33.0,29.0,"Sales, Marketing & Management"
35.0,30.0,33.0,28.0,37.0,Suitable for any job
30.0,29.0,32.0,28.0,38.0,Suitable for any job
29.0,33.0,31.0,35.0,27.0,"Sales, Marketing & Management"
37.0,28.0,35.0,33.0,36.0,Education & Social Work
32.0,35.0,31.0,32.0,36.0,"Sales, Marketing & Management"
35.0,31.0,30.0,30.0,32.0,"Sales, Marketing & Management"
27.0,24.0,28.0,30.0,35.0,Suitable for any job
30.0,26.0,35.0,29.0,22.0,Suitable for any job
32.0,32.0,31.0,33.0,37.0,"Sales, Marketing & Management"
33.0,30.0,35.0,29.0,36.0,Suitable for any job
35.0,41.0,28.0,35.0,38.0,Education & Social Work
32.0,36.0,29.0,32.0,31.0,Education & Social Work
30.0,31.0,31.0,29.0,24.0,Suitable for any job
36.0,35.0,29.0,37.0,32.0,Education & Social Work
36.0,33.0,32.0,34.0,23.0,"Sales, Marketing & Management"
33.0,30.0,29.0,32.0,33.0,Education & Social Work
30.0,29.0,30.0,30.0,36.0,Education & Social Work
33.0,39.0,31.0,36.0,38.0,"Sales, Marketing & Management"
35.0,33.0,29.0,34.0,28.0,Education & Social Work
40.0,36.0,31.0,38.0,35.0,"Sales, Marketing & Management"
28.0,29.0,32.0,32.0,35.0,Suitable for any job
38.0,31.0,31.0,37.0,30.0,"Sales, Marketing & Management"
31.0,31.0,32.0,29.0,29.0,Suitable for any job
33.0,31.0,30.0,32.0,37.0,"Sales, Marketing & Management"
32.0,33.0,28.0,34.0,40.0,Education & Social Work
38.0,33.0,30.0,33.0,32.0,"Sales, Marketing & Management"
31.0,30.0,26.0,26.0,22.0,Suitable for any job
36.0,30.0,30.0,36.0,22.0,"Sales, Marketing & Management"
32.0,35.0,31.0,31.0,30.0,"Sales, Marketing & Management"
27.0,32.0,37.0,35.0,27.0,"Sales, Marketing & Management"
30.0,26.0,33.0,33.0,31.0,Education & Social Work
37.0,32.0,29.0,33.0,39.0,Education & Social Work
33.0,29.0,32.0,39.0,30.0,Education & Social Work
38.0,40.0,30.0,42.0,30.0,"Sales, Marketing & Management"
33.0,32.0,32.0,31.0,33.0,"Sales, Marketing & Management"
33.0,29.0,27.0,33.0,23.0,Education & Social Work
21.0,25.0,32.0,35.0,35.0,Suitable for any job
34.0,36.0,32.0,32.0,34.0,"Sales, Marketing & Management"
30.0,36.0,31.0,30.0,32.0,"Sales, Marketing & Management"
28.0,35.0,28.0,29.0,32.0,Suitable for any job
36.0,36.0,28.0,32.0,25.0,Education & Social Work
28.0,33.0,41.0,28.0,35.0,Suitable for any job
36.0,30.0,31.0,29.0,28.0,Suitable for any job
33.0,35.0,28.0,30.0,26.0,Education & Social Work
26.0,29.0,28.0,26.0,20.0,Suitable for any job
30.0,33.0,34.0,41.0,27.0,"Sales, Marketing & Management"
39.0,30.0,32.0,29.0,33.0,Suitable for any job
22.0,31.0,27.0,31.0,28.0,Suitable for any job
30.0,32.0,32.0,27.0,31.0,Suitable for any job
25.0,22.0,28.0,30.0,29.0,Suitable for any job
35.0,29.0,30.0,40.0,36.0,Education & Social Work
36.0,32.0,28.0,30.0,27.0,Education & Social Work
33.0,33.0,29.0,32.0,31.0,Education & Social Work
35.0,29.0,31.0,30.0,22.0,Education & Social Work
29.0,34.0,31.0,34.0,37.0,"Sales, Marketing & Management"
29.0,28.0,31.0,35.0,22.0,Suitable for any job
28.0,30.0,29.0,33.0,28.0,Suitable for any job
26.0,30.0,30.0,28.0,36.0,Suitable for any job
37.0,28.0,26.0,29.0,28.0,Suitable for any job
35.0,30.0,34.0,32.0,28.0,"Sales, Marketing & Management"
31.0,28.0,29.0,34.0,30.0,Education & Social Work
32.0,34.0,32.0,30.0,31.0,"Sales, Marketing & Management"
28.0,29.0,30.0,30.0,27.0,Suitable for any job
31.0,33.0,30.0,35.0,37.0,"Sales, Marketing & Management"
30.0,29.0,33.0,30.0,36.0,Education & Social Work
26.0,30.0,28.0,34.0,32.0,Suitable for any job
29.0,26.0,30.0,29.0,35.0,Suitable for any job
31.0,33.0,35.0,34.0,35.0,"Sales, Marketing & Management"
29.0,33.0,36.0,34.0,42.0,"Sales, Marketing & Management"
33.0,29.0,28.0,32.0,24.0,Education & Social Work
32.0,32.0,34.0,34.0,28.0,"Sales, Marketing & Management"
35.0,27.0,32.0,34.0,44.0,Education & Social Work
30.0,26.0,30.0,34.0,24.0,Education & Social Work
38.0,25.0,30.0,41.0,29.0,Education & Social Work
31.0,30.0,31.0,37.0,38.0,"Sales, Marketing & Management"
33.0,34.0,33.0,32.0,30.0,"Sales, Marketing & Management"
28.0,27.0,27.0,30.0,25.0,Suitable for any job
33.0,34.0,31.0,33.0,21.0,"Sales, Marketing & Management"
26.0,26.0,27.0,33.0,26.0,Suitable for any job
33.0,32.0,28.0,34.0,30.0,Education & Social Work
23.0,25.0,32.0,32.0,40.0,Suitable for any job
33.0,33.0,29.0,35.0,40.0,Education & Social Work
29.0,29.0,30.0,28.0,24.0,Suitable for any job
26.0,28.0,24.0,38.0,27.0,Suitable for any job
26.0,36.0,34.0,36.0,27.0,"Sales, Marketing & Management"
25.0,28.0,34.0,30.0,26.0,Suitable for any job
35.0,37.0,32.0,33.0,42.0,"Sales, Marketing & Management"
38.0,35.0,31.0,39.0,34.0,"Sales, Marketing & Management"
32.0,32.0,28.0,31.0,25.0,Education & Social Work
31.0,31.0,33.0,28.0,20.0,High-Pressure & Leadership Roles
32.0,34.0,35.0,39.0,38.0,"Sales, Marketing & Management"
30.0,29.0,33.0,36.0,29.0,Education & Social Work
26.0,25.0,27.0,30.0,29.0,Suitable for any job
32.0,34.0,32.0,33.0,31.0,"Sales, Marketing & Management"
29.0,30.0,26.0,31.0,24.0,Suitable for any job
33.0,28.0,32.0,33.0,24.0,Education & Social Work
35.0,30.0,32.0,33.0,22.0,"Sales, Marketing & Management"
31.0,27.0,32.0,32.0,29.0,Education & Social Work
28.0,33.0,34.0,29.0,30.0,Suitable for any job
30.0,26.0,30.0,33.0,24.0,Education & Social Work
33.0,28.0,27.0,34.0,19.0,Education & Social Work
28.0,26.0,28.0,29.0,27.0,Suitable for any job
31.0,33.0,35.0,32.0,24.0,"Sales, Marketing & Management"
26.0,34.0,30.0,31.0,34.0,"Sales, Marketing & Management"
34.0,32.0,33.0,32.0,20.0,Healthcare & Support
26.0,36.0,35.0,39.0,26.0,"Sales, Marketing & Management"
33.0,34.0,28.0,30.0,28.0,Education & Social Work
30.0,32.0,34.0,37.0,35.0,"Sales, Marketing & Management"
31.0,30.0,30.0,28.0,28.0,Suitable for any job
31.0,32.0,26.0,37.0,30.0,Education & Social Work
33.0,30.0,33.0,35.0,39.0,"Sales, Marketing & Management"
35.0,33.0,36.0,37.0,32.0,"Sales, Marketing & Management"
31.0,33.0,29.0,34.0,30.0,Education & Social Work
31.0,36.0,37.0,34.0,31.0,"Sales, Marketing & Management"
32.0,36.0,31.0,33.0,28.0,"Sales, Marketing & Management"
34.0,29.0,34.0,31.0,28.0,Education & Social Work
27.0,26.0,29.0,31.0,35.0,Suitable for any job
26.0,24.0,31.0,29.0,28.0,Suitable for any job
28.0,27.0,27.0,33.0,26.0,Suitable for any job
34.0,29.0,31.0,40.0,22.0,Education & Social Work
29.0,31.0,31.0,29.0,28.0,Suitable for any job
32.0,34.0,30.0,27.0,42.0,Suitable for any job
26.0,27.0,30.0,31.0,24.0,Suitable for any job
38.0,28.0,29.0,28.0,28.0,Suitable for any job
35.0,28.0,32.0,32.0,21.0,Education & Social Work
30.0,26.0,34.0,34.0,20.0,Education & Social Work
30.0,29.0,30.0,31.0,38.0,Education & Social Work
31.0,32.0,29.0,36.0,28.0,Education & Social Work
31.0,27.0,33.0,39.0,41.0,Education & Social Work
30.0,38.0,29.0,37.0,25.0,Education & Social Work
34.0,29.0,28.0,43.0,34.0,Education & Social Work
25.0,26.0,28.0,35.0,36.0,Suitable for any job
33.0,31.0,27.0,28.0,36.0,Suitable for any job
28.0,32.0,22.0,26.0,22.0,Suitable for any job
28.0,34.0,29.0,32.0,38.0,Suitable for any job
22.0,40.0,26.0,38.0,40.0,Suitable for any job
34.0,30.0,31.0,31.0,36.0,"Sales, Marketing & Management"
35.0,30.0,32.0,31.0,30.0,"Sales, Marketing & Management"
32.0,38.0,37.0,34.0,24.0,"Sales, Marketing & Management"
35.0,29.0,21.0,26.0,25.0,Suitable for any job
34.0,29.0,30.0,31.0,28.0,Education & Social Work
31.0,35.0,23.0,34.0,20.0,Healthcare & Support
31.0,29.0,33.0,33.0,41.0,Education & Social Work
30.0,38.0,38.0,34.0,14.0,Healthcare & Support
33.0,30.0,28.0,35.0,32.0,Education & Social Work
35.0,29.0,34.0,27.0,35.0,Suitable for any job
29.0,28.0,32.0,28.0,26.0,Suitable for any job
35.0,30.0,32.0,31.0,19.0,Healthcare & Support
32.0,24.0,34.0,32.0,25.0,Education & Social Work
32.0,30.0,29.0,35.0,24.0,Education & Social Work
30.0,36.0,32.0,27.0,30.0,Suitable for any job
29.0,28.0,29.0,27.0,24.0,Suitable for any job
33.0,29.0,26.0,25.0,35.0,Suitable for any job
31.0,30.0,23.0,22.0,24.0,Suitable for any job
33.0,32.0,28.0,34.0,36.0,Education & Social Work
32.0,30.0,31.0,30.0,21.0,"Sales, Marketing & Management"
34.0,33.0,32.0,33.0,29.0,"Sales, Marketing & Management"
34.0,33.0,36.0,30.0,21.0,"Sales, Marketing & Management"
33.0,25.0,31.0,38.0,28.0,Education & Social Work
28.0,23.0,24.0,21.0,28.0,Suitable for any job
30.0,34.0,37.0,26.0,41.0,Suitable for any job
31.0,31.0,38.0,36.0,23.0,"Sales, Marketing & Management"
26.0,25.0,33.0,39.0,30.0,Suitable for any job
34.0,24.0,32.0,33.0,27.0,Education & Social Work
33.0,40.0,34.0,31.0,37.0,"Sales, Marketing & Management"
35.0,33.0,28.0,33.0,33.0,Education & Social Work
36.0,37.0,31.0,27.0,26.0,Suitable for any job
27.0,34.0,35.0,33.0,26.0,"Sales, Marketing & Management"
36.0,38.0,36.0,33.0,29.0,"Sales, Marketing & Management"
32.0,27.0,32.0,32.0,22.0,Education & Social Work
31.0,26.0,28.0,32.0,35.0,Education & Social Work
36.0,28.0,26.0,35.0,29.0,Education & Social Work
34.0,28.0,34.0,37.0,26.0,Education & Social Work
38.0,27.0,27.0,32.0,29.0,Education & Social Work
32.0,31.0,33.0,34.0,36.0,"Sales, Marketing & Management"
32.0,25.0,28.0,29.0,22.0,Suitable for any job
35.0,28.0,32.0,30.0,30.0,Education & Social Work
27.0,34.0,34.0,33.0,36.0,"Sales, Marketing & Management"
37.0,27.0,31.0,33.0,29.0,Education & Social Work
28.0,30.0,32.0,36.0,32.0,"Sales, Marketing & Management"
36.0,30.0,27.0,27.0,23.0,Suitable for any job
34.0,31.0,29.0,37.0,31.0,Education & Social Work
34.0,28.0,30.0,32.0,32.0,Education & Social Work
37.0,34.0,31.0,32.0,34.0,"Sales, Marketing & Management"
30.0,36.0,28.0,41.0,36.0,Education & Social Work
35.0,34.0,28.0,29.0,31.0,Suitable for any job
36.0,34.0,27.0,37.0,27.0,Education & Social Work
27.0,32.0,26.0,30.0,28.0,Suitable for any job
29.0,35.0,29.0,25.0,42.0,Suitable for any job
32.0,37.0,30.0,30.0,27.0,"Sales, Marketing & Management"
34.0,33.0,33.0,32.0,35.0,"Sales, Marketing & Management"
31.0,31.0,33.0,33.0,35.0,"Sales, Marketing & Management"
37.0,33.0,29.0,34.0,23.0,Education & Social Work
40.0,31.0,31.0,31.0,31.0,"Sales, Marketing & Management"
29.0,31.0,29.0,30.0,20.0,Healthcare & Support
27.0,31.0,31.0,28.0,32.0,Suitable for any job
37.0,31.0,27.0,34.0,29.0,Education & Social Work
35.0,40.0,34.0,30.0,33.0,"Sales, Marketing & Management"
27.0,31.0,29.0,28.0,30.0,Suitable for any job
35.0,29.0,27.0,36.0,29.0,Education & Social Work
31.0,29.0,32.0,33.0,30.0,Education & Social Work
37.0,29.0,38.0,34.0,18.0,Education & Social Work
28.0,42.0,31.0,34.0,41.0,"Sales, Marketing & Management"
32.0,26.0,26.0,34.0,38.0,Education & Social Work
34.0,35.0,32.0,35.0,38.0,"Sales, Marketing & Management"
29.0,34.0,28.0,29.0,36.0,Suitable for any job
30.0,28.0,32.0,31.0,24.0,Education & Social Work
34.0,33.0,28.0,32.0,23.0,Education & Social Work
39.0,38.0,26.0,34.0,38.0,Education & Social Work
38.0,45.0,34.0,29.0,41.0,Suitable for any job
29.0,29.0,23.0,27.0,23.0,Suitable for any job
29.0,29.0,32.0,31.0,36.0,Suitable for any job
36.0,37.0,29.0,24.0,38.0,Suitable for any job
26.0,25.0,24.0,30.0,28.0,Suitable for any job
42.0,26.0,33.0,36.0,40.0,Education & Social Work
30.0,27.0,27.0,30.0,24.0,Education & Social Work
30.0,35.0,33.0,36.0,30.0,"Sales, Marketing & Management"
26.0,27.0,27.0,28.0,32.0,Suitable for any job
32.0,36.0,34.0,32.0,34.0,"Sales, Marketing & Management"
33.0,25.0,29.0,33.0,29.0,Education & Social Work
35.0,29.0,32.0,32.0,27.0,Education & Social Work
36.0,29.0,33.0,30.0,23.0,Education & Social Work
38.0,28.0,33.0,30.0,37.0,Education & Social Work
36.0,31.0,26.0,32.0,42.0,Education & Social Work
32.0,30.0,31.0,31.0,29.0,"Sales, Marketing & Management"
34.0,30.0,32.0,35.0,19.0,Healthcare & Support
28.0,36.0,26.0,34.0,31.0,Suitable for any job
32.0,28.0,29.0,32.0,42.0,Education & Social Work
34.0,35.0,29.0,29.0,33.0,Suitable for any job
28.0,36.0,31.0,34.0,32.0,"Sales, Marketing & Management"
31.0,27.0,30.0,34.0,35.0,Education & Social Work
33.0,32.0,32.0,36.0,28.0,"Sales, Marketing & Management"
35.0,29.0,33.0,33.0,19.0,Education & Social Work
34.0,30.0,26.0,26.0,18.0,Suitable for any job
39.0,35.0,30.0,33.0,27.0,"Sales, Marketing & Management"
33.0,31.0,28.0,30.0,21.0,Education & Social Work
35.0,35.0,31.0,29.0,29.0,Suitable for any job
32.0,29.0,32.0,35.0,37.0,Education & Social Work
32.0,32.0,32.0,32.0,34.0,"Sales, Marketing & Management"
31.0,30.0,28.0,29.0,24.0,Suitable for any job
31.0,33.0,24.0,27.0,24.0,Suitable for any job
34.0,31.0,25.0,25.0,27.0,Suitable for any job
30.0,33.0,31.0,34.0,45.0,"Sales, Marketing & Management"
34.0,28.0,26.0,33.0,24.0,Education & Social Work
32.0,30.0,26.0,34.0,36.0,Education & Social Work
23.0,30.0,32.0,33.0,20.0,Healthcare & Support
31.0,31.0,32.0,29.0,34.0,Suitable for any job
36.0,29.0,26.0,35.0,27.0,Education & Social Work
41.0,32.0,22.0,26.0,35.0,Suitable for any job
34.0,30.0,30.0,33.0,45.0,"Sales, Marketing & Management"
30.0,26.0,30.0,30.0,46.0,Education & Social Work
30.0,30.0,28.0,33.0,33.0,Education & Social Work
32.0,34.0,30.0,38.0,30.0,"Sales, Marketing & Management"
30.0,28.0,34.0,34.0,28.0,Education & Social Work
33.0,30.0,28.0,29.0,24.0,Suitable for any job
32.0,28.0,32.0,36.0,31.0,Education & Social Work
36.0,32.0,38.0,36.0,41.0,"Sales, Marketing & Management"
29.0,29.0,31.0,29.0,39.0,Suitable for any job
36.0,35.0,32.0,39.0,39.0,"Sales, Marketing & Management"
34.0,24.0,34.0,37.0,42.0,Education & Social Work
32.0,38.0,28.0,31.0,34.0,Education & Social Work
34.0,35.0,26.0,35.0,31.0,Education & Social Work
30.0,38.0,29.0,32.0,38.0,Education & Social Work
33.0,39.0,27.0,38.0,45.0,Education & Social Work
33.0,34.0,26.0,28.0,24.0,Suitable for any job
33.0,33.0,29.0,27.0,37.0,Suitable for any job
32.0,40.0,35.0,36.0,40.0,"Sales, Marketing & Management"
29.0,36.0,31.0,30.0,17.0,Healthcare & Support
38.0,31.0,25.0,18.0,23.0,Suitable for any job
0.0,0.0,0.0,0.0,0.0,Suitable for any job
39.0,32.0,30.0,34.0,31.0,"Sales, Marketing & Management"
31.0,28.0,30.0,29.0,28.0,Suitable for any job
37.0,39.0,35.0,36.0,40.0,"Sales, Marketing & Management"
29.0,32.0,25.0,34.0,24.0,Suitable for any job
31.0,24.0,29.0,34.0,40.0,Education & Social Work
41.0,28.0,25.0,29.0,32.0,Suitable for any job
35.0,25.0,29.0,35.0,18.0,Education & Social Work
25.0,28.0,30.0,28.0,22.0,Suitable for any job
34.0,29.0,27.0,29.0,32.0,Suitable for any job
32.0,31.0,30.0,29.0,31.0,Suitable for any job
29.0,28.0,29.0,26.0,21.0,Suitable for any job
33.0,34.0,33.0,32.0,25.0,"Sales, Marketing & Management"
31.0,30.0,30.0,32.0,33.0,"Sales, Marketing & Management"
34.0,31.0,30.0,34.0,38.0,"Sales, Marketing & Management"
36.0,39.0,32.0,34.0,34.0,"Sales, Marketing & Management"
30.0,31.0,26.0,29.0,30.0,Suitable for any job
33.0,28.0,31.0,29.0,32.0,Suitable for any job
35.0,26.0,33.0,35.0,33.0,Education & Social Work
35.0,29.0,35.0,39.0,43.0,Education & Social Work
36.0,36.0,29.0,28.0,38.0,Suitable for any job
36.0,30.0,30.0,28.0,42.0,Suitable for any job
35.0,39.0,33.0,36.0,29.0,"Sales, Marketing & Management"
36.0,20.0,28.0,30.0,40.0,Creative Freelance & Innovation
32.0,32.0,35.0,23.0,32.0,Suitable for any job
31.0,31.0,30.0,34.0,26.0,"Sales, Marketing & Management"
28.0,30.0,31.0,34.0,24.0,"Sales, Marketing & Management"
35.0,35.0,27.0,27.0,34.0,Suitable for any job
28.0,34.0,26.0,36.0,27.0,Suitable for any job
28.0,29.0,31.0,40.0,29.0,Suitable for any job
35.0,31.0,33.0,35.0,29.0,"Sales, Marketing & Management"
31.0,32.0,28.0,32.0,29.0,Education & Social Work
35.0,30.0,32.0,35.0,40.0,"Sales, Marketing & Management"
36.0,39.0,30.0,37.0,23.0,"Sales, Marketing & Management"
26.0,32.0,35.0,34.0,27.0,"Sales, Marketing & Management"
34.0,29.0,31.0,25.0,28.0,Suitable for any job
39.0,32.0,27.0,34.0,31.0,Education & Social Work
36.0,37.0,30.0,38.0,37.0,"Sales, Marketing & Management"
28.0,34.0,35.0,30.0,31.0,"Sales, Marketing & Management"
18.0,22.0,30.0,35.0,35.0,Routine & Practical Jobs
28.0,25.0,35.0,32.0,28.0,Suitable for any job
38.0,25.0,26.0,39.0,26.0,Education & Social Work
27.0,29.0,32.0,31.0,28.0,Suitable for any job
25.0,23.0,31.0,31.0,22.0,Suitable for any job
33.0,28.0,37.0,36.0,20.0,Education & Social Work
34.0,28.0,26.0,27.0,28.0,Suitable for any job
34.0,35.0,32.0,31.0,35.0,"Sales, Marketing & Management"
35.0,27.0,32.0,33.0,18.0,Education & Social Work
33.0,28.0,31.0,33.0,24.0,Education & Social Work
31.0,23.0,29.0,28.0,27.0,Suitable for any job
32.0,35.0,35.0,28.0,25.0,Suitable for any job
33.0,26.0,34.0,34.0,24.0,Education & Social Work
27.0,28.0,31.0,33.0,33.0,Suitable for any job
28.0,33.0,30.0,31.0,32.0,"Sales, Marketing & Management"
29.0,30.0,29.0,32.0,40.0,Suitable for any job
35.0,32.0,28.0,31.0,36.0,Education & Social Work
31.0,32.0,31.0,36.0,43.0,"Sales, Marketing & Management"
29.0,25.0,30.0,32.0,36.0,Suitable for any job
24.0,26.0,32.0,32.0,32.0,Suitable for any job
24.0,27.0,25.0,35.0,32.0,Suitable for any job
23.0,24.0,27.0,33.0,25.0,Suitable for any job
27.0,23.0,27.0,19.0,23.0,Suitable for any job
37.0,34.0,24.0,30.0,27.0,Education & Social Work
31.0,32.0,30.0,28.0,17.0,High-Pressure & Leadership Roles
0.0,0.0,0.0,0.0,0.0,Suitable for any job
31.0,29.0,36.0,31.0,16.0,Education & Social Work
38.0,25.0,26.0,25.0,42.0,Suitable for any job
30.0,29.0,28.0,29.0,21.0,Suitable for any job
31.0,32.0,29.0,34.0,34.0,Education & Social Work
35.0,32.0,33.0,31.0,28.0,"Sales, Marketing & Management"
33.0,34.0,32.0,35.0,34.0,"Sales, Marketing & Management"
36.0,27.0,29.0,32.0,31.0,Education & Social Work
31.0,29.0,30.0,29.0,27.0,Suitable for any job
38.0,36.0,33.0,30.0,30.0,"Sales, Marketing & Management"
31.0,30.0,29.0,37.0,19.0,Healthcare & Support
27.0,30.0,38.0,38.0,30.0,"Sales, Marketing & Management"
30.0,30.0,26.0,39.0,27.0,Education & Social Work
30.0,29.0,35.0,33.0,26.0,Education & Social Work
32.0,32.0,33.0,27.0,26.0,Suitable for any job
27.0,31.0,30.0,31.0,26.0,"Sales, Marketing & Management"
32.0,29.0,28.0,28.0,25.0,Suitable for any job
37.0,32.0,26.0,29.0,27.0,Suitable for any job
32.0,29.0,30.0,35.0,36.0,Education & Social Work
34.0,25.0,30.0,26.0,23.0,Suitable for any job
36.0,26.0,30.0,29.0,37.0,Suitable for any job
33.0,29.0,32.0,31.0,29.0,Education & Social Work
34.0,34.0,27.0,42.0,39.0,Education & Social Work
37.0,27.0,36.0,30.0,34.0,Education & Social Work
33.0,30.0,28.0,33.0,29.0,Education & Social Work
34.0,29.0,30.0,31.0,20.0,Education & Social Work
33.0,29.0,30.0,33.0,35.0,Education & Social Work
36.0,29.0,26.0,30.0,33.0,Education & Social Work
33.0,36.0,30.0,35.0,43.0,"Sales, Marketing & Management"
28.0,38.0,33.0,35.0,41.0,"Sales, Marketing & Management"
26.0,29.0,32.0,33.0,32.0,Suitable for any job
38.0,38.0,30.0,42.0,38.0,"Sales, Marketing & Management"
35.0,32.0,35.0,36.0,20.0,Healthcare & Support
35.0,32.0,28.0,32.0,29.0,Education & Social Work
30.0,30.0,29.0,35.0,37.0,Education & Social Work
31.0,34.0,29.0,32.0,25.0,Education & Social Work
32.0,34.0,30.0,34.0,22.0,"Sales, Marketing & Management"
38.0,37.0,40.0,38.0,24.0,"Sales, Marketing & Management"
31.0,36.0,32.0,38.0,35.0,"Sales, Marketing & Management"
33.0,32.0,30.0,36.0,38.0,"Sales, Marketing & Management"
31.0,34.0,29.0,36.0,34.0,Education & Social Work
33.0,28.0,30.0,32.0,28.0,Education & Social Work
30.0,32.0,30.0,34.0,31.0,"Sales, Marketing & Management"
31.0,28.0,30.0,28.0,29.0,Suitable for any job
34.0,29.0,32.0,29.0,31.0,Suitable for any job
32.0,28.0,25.0,29.0,26.0,Suitable for any job
32.0,26.0,25.0,31.0,34.0,Education & Social Work
30.0,27.0,23.0,30.0,20.0,Education & Social Work
28.0,25.0,31.0,32.0,29.0,Suitable for any job
31.0,26.0,38.0,31.0,22.0,Education & Social Work
37.0,31.0,31.0,38.0,20.0,Healthcare & Support
38.0,37.0,39.0,30.0,36.0,"Sales, Marketing & Management"
35.0,29.0,23.0,30.0,27.0,Education & Social Work
37.0,30.0,31.0,30.0,29.0,"Sales, Marketing & Management"
32.0,27.0,33.0,34.0,31.0,Education & Social Work
27.0,32.0,30.0,34.0,33.0,"Sales, Marketing & Management"
39.0,30.0,32.0,30.0,27.0,"Sales, Marketing & Management"
36.0,30.0,30.0,31.0,34.0,"Sales, Marketing & Management"
32.0,44.0,30.0,32.0,35.0,"Sales, Marketing & Management"
40.0,34.0,30.0,35.0,28.0,"Sales, Marketing & Management"
30.0,36.0,29.0,30.0,37.0,Education & Social Work
33.0,32.0,30.0,30.0,40.0,"Sales, Marketing & Management"
34.0,36.0,29.0,34.0,28.0,Education & Social Work
35.0,31.0,30.0,30.0,22.0,"Sales, Marketing & Management"
32.0,30.0,35.0,33.0,32.0,"Sales, Marketing & Management"
28.0,34.0,31.0,31.0,29.0,"Sales, Marketing & Management"
28.0,41.0,31.0,38.0,32.0,"Sales, Marketing & Management"
32.0,35.0,35.0,31.0,24.0,"Sales, Marketing & Management"
26.0,25.0,26.0,32.0,30.0,Suitable for any job
33.0,33.0,34.0,34.0,14.0,Healthcare & Support
35.0,29.0,34.0,34.0,37.0,Education & Social Work
28.0,27.0,24.0,30.0,36.0,Suitable for any job
32.0,29.0,36.0,36.0,30.0,Education & Social Work
40.0,35.0,35.0,39.0,26.0,"Sales, Marketing & Management"
37.0,36.0,29.0,24.0,40.0,Suitable for any job
29.0,32.0,28.0,40.0,35.0,Suitable for any job
32.0,32.0,34.0,35.0,33.0,"Sales, Marketing & Management"
39.0,31.0,30.0,35.0,34.0,"Sales, Marketing & Management"
35.0,26.0,32.0,31.0,34.0,Education & Social Work
33.0,30.0,34.0,35.0,26.0,"Sales, Marketing & Management"
33.0,34.0,26.0,33.0,26.0,Education & Social Work
24.0,19.0,23.0,32.0,29.0,"Flexible, Less Structured Roles"
33.0,33.0,29.0,30.0,36.0,Education & Social Work
32.0,27.0,31.0,37.0,21.0,Education & Social Work
37.0,31.0,34.0,34.0,33.0,"Sales, Marketing & Management"
27.0,35.0,29.0,34.0,37.0,Suitable for any job
23.0,30.0,28.0,33.0,32.0,Suitable for any job
31.0,23.0,30.0,31.0,31.0,Education & Social Work
33.0,29.0,29.0,27.0,34.0,Suitable for any job
37.0,37.0,25.0,29.0,32.0,Suitable for any job
26.0,29.0,31.0,34.0,35.0,Suitable for any job
24.0,27.0,29.0,35.0,34.0,Suitable for any job
37.0,32.0,27.0,33.0,39.0,Education & Social Work
26.0,28.0,32.0,33.0,31.0,Suitable for any job
24.0,29.0,27.0,34.0,36.0,Suitable for any job
30.0,33.0,32.0,33.0,37.0,"Sales, Marketing & Management"
29.0,29.0,27.0,28.0,28.0,Suitable for any job
34.0,33.0,31.0,35.0,33.0,"Sales, Marketing & Management"
29.0,32.0,34.0,27.0,34.0,Suitable for any job
35.0,33.0,33.0,29.0,33.0,Suitable for any job
35.0,32.0,28.0,33.0,27.0,Education & Social Work
37.0,31.0,32.0,33.0,26.0,"Sales, Marketing & Management"
33.0,29.0,35.0,29.0,22.0,Suitable for any job
27.0,34.0,28.0,32.0,35.0,Suitable for any job
33.0,34.0,27.0,32.0,40.0,Education & Social Work
31.0,30.0,29.0,30.0,36.0,Education & Social Work
28.0,32.0,30.0,28.0,34.0,Suitable for any job
34.0,33.0,28.0,28.0,35.0,Suitable for any job
36.0,31.0,31.0,35.0,29.0,"Sales, Marketing & Management"
33.0,34.0,31.0,33.0,29.0,"Sales, Marketing & Management"
26.0,27.0,30.0,31.0,24.0,Suitable for any job
34.0,28.0,26.0,36.0,41.0,Education & Social Work
34.0,30.0,29.0,31.0,26.0,Education & Social Work
35.0,34.0,23.0,27.0,36.0,Suitable for any job
27.0,30.0,30.0,31.0,36.0,"Sales, Marketing & Management"
32.0,27.0,28.0,30.0,26.0,Education & Social Work
33.0,31.0,27.0,34.0,25.0,Education & Social Work
25.0,30.0,32.0,30.0,32.0,"Sales, Marketing & Management"
32.0,35.0,28.0,33.0,32.0,Education & Social Work
34.0,34.0,26.0,30.0,22.0,Education & Social Work
32.0,30.0,35.0,30.0,39.0,"Sales, Marketing & Management"
32.0,37.0,25.0,31.0,37.0,Education & Social Work
37.0,25.0,32.0,34.0,29.0,Education & Social Work
38.0,28.0,36.0,32.0,19.0,Education & Social Work
40.0,29.0,31.0,32.0,36.0,Education & Social Work
34.0,35.0,32.0,35.0,23.0,"Sales, Marketing & Management"
35.0,32.0,29.0,34.0,34.0,Education & Social Work
37.0,27.0,29.0,32.0,27.0,Education & Social Work
36.0,38.0,31.0,40.0,42.0,"Sales, Marketing & Management"
34.0,27.0,31.0,29.0,30.0,Suitable for any job
29.0,33.0,32.0,38.0,29.0,"Sales, Marketing & Management"
29.0,36.0,29.0,27.0,22.0,Suitable for any job
35.0,27.0,34.0,37.0,33.0,Education & Social Work
27.0,27.0,31.0,26.0,38.0,Suitable for any job
35.0,32.0,31.0,33.0,29.0,"Sales, Marketing & Management"
29.0,35.0,33.0,29.0,41.0,Suitable for any job
30.0,22.0,24.0,27.0,31.0,Suitable for any job
30.0,32.0,35.0,33.0,23.0,"Sales, Marketing & Management"
26.0,26.0,28.0,26.0,30.0,Suitable for any job
39.0,41.0,34.0,34.0,46.0,"Sales, Marketing & Management"
33.0,29.0,35.0,33.0,22.0,Education & Social Work
33.0,32.0,32.0,30.0,33.0,"Sales, Marketing & Management"
31.0,39.0,37.0,36.0,31.0,"Sales, Marketing & Management"
30.0,35.0,32.0,33.0,36.0,"Sales, Marketing & Management"
33.0,23.0,28.0,21.0,28.0,Suitable for any job
36.0,37.0,29.0,37.0,23.0,Education & Social Work
36.0,30.0,39.0,42.0,37.0,"Sales, Marketing & Management"
30.0,34.0,33.0,32.0,36.0,"Sales, Marketing & Management"
31.0,29.0,35.0,32.0,33.0,Education & Social Work
33.0,24.0,29.0,35.0,24.0,Education & Social Work
36.0,27.0,28.0,34.0,37.0,Education & Social Work
34.0,31.0,32.0,37.0,26.0,"Sales, Marketing & Management"
34.0,38.0,30.0,32.0,32.0,"Sales, Marketing & Management"
38.0,42.0,28.0,29.0,32.0,Suitable for any job
33.0,28.0,28.0,29.0,40.0,Suitable for any job
31.0,28.0,34.0,31.0,21.0,Education & Social Work
35.0,31.0,35.0,37.0,23.0,"Sales, Marketing & Management"
33.0,32.0,32.0,29.0,32.0,Suitable for any job
32.0,36.0,26.0,31.0,34.0,Education & Social Work
31.0,32.0,27.0,29.0,36.0,Suitable for any job
36.0,34.0,28.0,30.0,40.0,Education & Social Work
36.0,32.0,30.0,35.0,30.0,"Sales, Marketing & Management"
28.0,29.0,31.0,27.0,25.0,Suitable for any job
35.0,29.0,34.0,35.0,26.0,Education & Social Work
34.0,31.0,26.0,28.0,32.0,Suitable for any job
33.0,29.0,30.0,32.0,29.0,Education & Social Work
34.0,31.0,33.0,38.0,41.0,"Sales, Marketing & Management"
35.0,27.0,31.0,33.0,32.0,Education & Social Work
34.0,32.0,29.0,30.0,35.0,Education & Social Work
25.0,28.0,30.0,34.0,34.0,Suitable for any job
30.0,33.0,33.0,37.0,35.0,"Sales, Marketing & Management"
32.0,32.0,30.0,32.0,34.0,"Sales, Marketing & Management"
34.0,34.0,34.0,32.0,38.0,"Sales, Marketing & Management"
33.0,32.0,23.0,32.0,30.0,Education & Social Work
32.0,37.0,31.0,34.0,33.0,"Sales, Marketing & Management"
36.0,38.0,33.0,36.0,38.0,"Sales, Marketing & Management"
29.0,29.0,31.0,30.0,31.0,Suitable for any job
31.0,34.0,30.0,32.0,37.0,"Sales, Marketing & Management"
32.0,29.0,31.0,33.0,35.0,Education & Social Work
31.0,28.0,27.0,37.0,37.0,Education & Social Work
37.0,35.0,38.0,36.0,34.0,"Sales, Marketing & Management"
31.0,27.0,31.0,31.0,34.0,Education & Social Work
27.0,25.0,25.0,34.0,31.0,Suitable for any job
32.0,29.0,27.0,33.0,39.0,Education & Social Work
35.0,30.0,32.0,32.0,33.0,"Sales, Marketing & Management"
28.0,27.0,31.0,29.0,33.0,Suitable for any job
38.0,32.0,24.0,34.0,34.0,Education & Social Work
29.0,29.0,30.0,27.0,24.0,Suitable for any job
31.0,31.0,31.0,29.0,32.0,Suitable for any job
36.0,28.0,35.0,30.0,26.0,Education & Social Work
32.0,32.0,32.0,36.0,24.0,"Sales, Marketing & Management"
31.0,30.0,31.0,38.0,31.0,"Sales, Marketing & Management"
30.0,27.0,27.0,34.0,33.0,Education & Social Work
35.0,30.0,29.0,28.0,27.0,Suitable for any job
31.0,30.0,35.0,23.0,18.0,High-Pressure & Leadership Roles
30.0,34.0,32.0,38.0,24.0,"Sales, Marketing & Management"
34.0,37.0,30.0,36.0,27.0,"Sales, Marketing & Management"
37.0,31.0,32.0,32.0,31.0,"Sales, Marketing & Management"
29.0,29.0,32.0,32.0,41.0,Suitable for any job
34.0,30.0,29.0,34.0,26.0,Education & Social Work
32.0,32.0,29.0,32.0,37.0,Education & Social Work
31.0,29.0,25.0,42.0,30.0,Education & Social Work
27.0,32.0,27.0,32.0,35.0,Suitable for any job
38.0,31.0,29.0,32.0,27.0,Education & Social Work
35.0,31.0,28.0,29.0,34.0,Suitable for any job
30.0,29.0,26.0,30.0,24.0,Education & Social Work
40.0,29.0,25.0,33.0,30.0,Education & Social Work
37.0,28.0,29.0,34.0,39.0,Education & Social Work
31.0,35.0,33.0,33.0,30.0,"Sales, Marketing & Management"
29.0,30.0,28.0,29.0,30.0,Suitable for any job
29.0,41.0,31.0,41.0,33.0,"Sales, Marketing & Management"
36.0,27.0,29.0,21.0,36.0,Suitable for any job
30.0,31.0,25.0,37.0,30.0,Education & Social Work
38.0,29.0,28.0,24.0,35.0,Suitable for any job
28.0,29.0,31.0,32.0,29.0,Suitable for any job
27.0,30.0,30.0,29.0,28.0,Suitable for any job
36.0,38.0,29.0,37.0,21.0,Education & Social Work
32.0,35.0,27.0,36.0,35.0,Education & Social Work
30.0,29.0,26.0,32.0,29.0,Education & Social Work
34.0,35.0,29.0,30.0,40.0,Education & Social Work
31.0,25.0,33.0,34.0,28.0,Education & Social Work
37.0,21.0,33.0,38.0,30.0,Education & Social Work
31.0,25.0,36.0,32.0,32.0,Education & Social Work
29.0,30.0,33.0,33.0,33.0,"Sales, Marketing & Management"
36.0,30.0,32.0,31.0,23.0,"Sales, Marketing & Management"
30.0,32.0,29.0,34.0,34.0,Education & Social Work
36.0,31.0,32.0,31.0,25.0,"Sales, Marketing & Management"
29.0,30.0,27.0,29.0,24.0,Suitable for any job
30.0,27.0,33.0,30.0,25.0,Education & Social Work
32.0,31.0,31.0,32.0,29.0,"Sales, Marketing & Management"
29.0,31.0,30.0,29.0,21.0,Suitable for any job
33.0,31.0,30.0,29.0,41.0,Suitable for any job
28.0,28.0,33.0,34.0,36.0,Suitable for any job
30.0,29.0,32.0,28.0,23.0,Suitable for any job
34.0,30.0,34.0,42.0,23.0,"Sales, Marketing & Management"
30.0,27.0,27.0,33.0,27.0,Education & Social Work
36.0,36.0,31.0,35.0,24.0,"Sales, Marketing & Management"
38.0,35.0,29.0,32.0,41.0,Education & Social Work
34.0,32.0,31.0,35.0,35.0,"Sales, Marketing & Management"
35.0,27.0,27.0,30.0,36.0,Education & Social Work
34.0,29.0,32.0,31.0,19.0,Education & Social Work
38.0,30.0,32.0,34.0,35.0,"Sales, Marketing & Management"
31.0,30.0,34.0,28.0,27.0,Suitable for any job
36.0,32.0,38.0,31.0,23.0,"Sales, Marketing & Management"
31.0,30.0,31.0,33.0,33.0,"Sales, Marketing & Management"
30.0,38.0,35.0,33.0,27.0,"Sales, Marketing & Management"
7.0,7.0,9.0,10.0,7.0,Suitable for any job
43.0,32.0,26.0,28.0,23.0,Suitable for any job
32.0,30.0,26.0,34.0,26.0,Education & Social Work
28.0,27.0,31.0,32.0,29.0,Suitable for any job
39.0,34.0,33.0,33.0,34.0,"Sales, Marketing & Management"
30.0,28.0,35.0,31.0,34.0,Education & Social Work
32.0,27.0,27.0,32.0,30.0,Education & Social Work
37.0,40.0,34.0,43.0,47.0,"Sales, Marketing & Management"
31.0,22.0,28.0,25.0,27.0,Suitable for any job
30.0,30.0,29.0,25.0,18.0,Suitable for any job
36.0,38.0,26.0,25.0,36.0,Suitable for any job
34.0,30.0,30.0,34.0,29.0,"Sales, Marketing & Management"
27.0,30.0,32.0,31.0,25.0,"Sales, Marketing & Management"
32.0,23.0,34.0,32.0,33.0,Education & Social Work
35.0,32.0,26.0,29.0,37.0,Suitable for any job
36.0,32.0,34.0,38.0,24.0,"Sales, Marketing & Management"
34.0,30.0,30.0,35.0,24.0,"Sales, Marketing & Management"
34.0,30.0,28.0,28.0,30.0,Suitable for any job
0.0,0.0,4.0,0.0,0.0,Suitable for any job
36.0,37.0,34.0,31.0,33.0,"Sales, Marketing & Management"
30.0,28.0,30.0,30.0,29.0,Education & Social Work
33.0,28.0,34.0,34.0,29.0,Education & Social Work
37.0,34.0,30.0,34.0,17.0,Healthcare & Support
27.0,38.0,33.0,28.0,27.0,Suitable for any job
29.0,30.0,27.0,31.0,20.0,Healthcare & Support
30.0,39.0,30.0,34.0,31.0,"Sales, Marketing & Management"
21.0,32.0,27.0,33.0,31.0,Suitable for any job
34.0,31.0,27.0,34.0,23.0,Education & Social Work
29.0,33.0,27.0,29.0,38.0,Suitable for any job
33.0,30.0,32.0,35.0,34.0,"Sales, Marketing & Management"
33.0,34.0,34.0,32.0,26.0,"Sales, Marketing & Management"
33.0,35.0,28.0,36.0,39.0,Education & Social Work
37.0,33.0,36.0,27.0,22.0,Suitable for any job
30.0,30.0,31.0,35.0,44.0,"Sales, Marketing & Management"
31.0,28.0,26.0,25.0,25.0,Suitable for any job
31.0,32.0,34.0,34.0,26.0,"Sales, Marketing & Management"
22.0,36.0,36.0,36.0,44.0,"Sales, Marketing & Management"
37.0,39.0,25.0,30.0,26.0,Education & Social Work
23.0,19.0,31.0,24.0,26.0,"Flexible, Less Structured Roles"
30.0,36.0,31.0,29.0,27.0,Suitable for any job
30.0,33.0,33.0,31.0,30.0,"Sales, Marketing & Management"
36.0,28.0,25.0,29.0,29.0,Suitable for any job
32.0,32.0,26.0,32.0,25.0,Education & Social Work
38.0,30.0,31.0,35.0,27.0,"Sales, Marketing & Management"
36.0,32.0,32.0,35.0,34.0,"Sales, Marketing & Management"
31.0,30.0,25.0,36.0,32.0,Education & Social Work
30.0,30.0,32.0,33.0,33.0,"Sales, Marketing & Management"
29.0,30.0,25.0,29.0,35.0,Suitable for any job
27.0,32.0,31.0,35.0,32.0,"Sales, Marketing & Management"
29.0,27.0,31.0,35.0,21.0,Suitable for any job
35.0,30.0,28.0,33.0,25.0,Education & Social Work
33.0,30.0,29.0,30.0,26.0,Education & Social Work
33.0,36.0,34.0,32.0,34.0,"Sales, Marketing & Management"
30.0,35.0,26.0,29.0,26.0,Suitable for any job
34.0,33.0,29.0,26.0,42.0,Suitable for any job
27.0,27.0,30.0,31.0,28.0,Suitable for any job
33.0,35.0,28.0,30.0,40.0,Education & Social Work
29.0,31.0,33.0,35.0,31.0,"Sales, Marketing & Management"
35.0,34.0,34.0,28.0,36.0,Suitable for any job
32.0,31.0,30.0,34.0,26.0,"Sales, Marketing & Management"
31.0,34.0,32.0,33.0,27.0,"Sales, Marketing & Management"
38.0,35.0,27.0,36.0,40.0,Education & Social Work
31.0,27.0,32.0,30.0,27.0,Education & Social Work
37.0,29.0,34.0,31.0,21.0,Education & Social Work
34.0,31.0,30.0,30.0,24.0,"Sales, Marketing & Management"
36.0,35.0,36.0,41.0,25.0,"Sales, Marketing & Management"
31.0,33.0,30.0,29.0,31.0,Suitable for any job
26.0,31.0,28.0,31.0,38.0,Suitable for any job
32.0,29.0,34.0,35.0,38.0,Education & Social Work
35.0,28.0,30.0,29.0,33.0,Suitable for any job
34.0,29.0,30.0,34.0,37.0,Education & Social Work
31.0,29.0,34.0,32.0,24.0,Education & Social Work
33.0,32.0,33.0,32.0,27.0,"Sales, Marketing & Management"
27.0,34.0,29.0,33.0,39.0,Suitable for any job
4.0,3.0,0.0,5.0,0.0,Suitable for any job
24.0,30.0,29.0,30.0,28.0,Suitable for any job
34.0,33.0,33.0,33.0,29.0,"Sales, Marketing & Management"
31.0,30.0,29.0,29.0,24.0,Suitable for any job
37.0,33.0,28.0,32.0,30.0,Education & Social Work
30.0,30.0,28.0,32.0,16.0,Healthcare & Support
28.0,28.0,28.0,38.0,30.0,Suitable for any job
33.0,31.0,31.0,37.0,25.0,"Sales, Marketing & Management"
31.0,32.0,31.0,29.0,17.0,High-Pressure & Leadership Roles
28.0,26.0,35.0,36.0,26.0,Suitable for any job
32.0,34.0,32.0,32.0,32.0,"Sales, Marketing & Management"
31.0,26.0,29.0,28.0,33.0,Suitable for any job
35.0,32.0,30.0,35.0,27.0,"Sales, Marketing & Management"
24.0,30.0,31.0,31.0,37.0,"Sales, Marketing & Management"
42.0,35.0,31.0,35.0,25.0,"Sales, Marketing & Management"
33.0,34.0,31.0,32.0,38.0,"Sales, Marketing & Management"
44.0,34.0,25.0,29.0,24.0,Suitable for any job
31.0,28.0,27.0,28.0,34.0,Suitable for any job
34.0,32.0,32.0,39.0,41.0,"Sales, Marketing & Management"
28.0,29.0,28.0,32.0,23.0,Suitable for any job
30.0,30.0,28.0,28.0,30.0,Suitable for any job
30.0,29.0,29.0,29.0,25.0,Suitable for any job
33.0,31.0,31.0,34.0,26.0,"Sales, Marketing & Management"
34.0,32.0,34.0,34.0,30.0,"Sales, Marketing & Management"
31.0,24.0,29.0,32.0,21.0,Education & Social Work
33.0,26.0,29.0,31.0,26.0,Education & Social Work
29.0,32.0,30.0,31.0,20.0,Healthcare & Support
37.0,33.0,31.0,34.0,20.0,Healthcare & Support
31.0,34.0,27.0,30.0,29.0,Education & Social Work
35.0,28.0,33.0,33.0,19.0,Education & Social Work
37.0,30.0,30.0,30.0,26.0,"Sales, Marketing & Management"
23.0,26.0,31.0,30.0,29.0,Suitable for any job
36.0,29.0,30.0,29.0,31.0,Suitable for any job
33.0,31.0,32.0,30.0,31.0,"Sales, Marketing & Management"
37.0,40.0,30.0,35.0,34.0,"Sales, Marketing & Management"
34.0,29.0,30.0,29.0,31.0,Suitable for any job
30.0,31.0,32.0,26.0,30.0,Suitable for any job
30.0,42.0,32.0,28.0,40.0,Suitable for any job
33.0,28.0,31.0,29.0,22.0,Suitable for any job
23.0,31.0,33.0,31.0,37.0,"Sales, Marketing & Management"
27.0,27.0,30.0,33.0,18.0,Suitable for any job
32.0,33.0,31.0,32.0,34.0,"Sales, Marketing & Management"
27.0,32.0,33.0,30.0,22.0,"Sales, Marketing & Management"
33.0,23.0,32.0,37.0,30.0,Education & Social Work
36.0,38.0,26.0,33.0,37.0,Education & Social Work
33.0,29.0,31.0,30.0,38.0,Education & Social Work
31.0,30.0,29.0,34.0,33.0,Education & Social Work
28.0,31.0,33.0,29.0,11.0,High-Pressure & Leadership Roles
35.0,32.0,27.0,36.0,31.0,Education & Social Work
27.0,32.0,29.0,32.0,30.0,Suitable for any job
30.0,32.0,27.0,24.0,31.0,Suitable for any job
27.0,29.0,38.0,29.0,29.0,Suitable for any job
33.0,26.0,15.0,31.0,13.0,Independent/Research
38.0,34.0,31.0,33.0,31.0,"Sales, Marketing & Management"
30.0,28.0,30.0,24.0,34.0,Suitable for any job
33.0,30.0,28.0,25.0,25.0,Suitable for any job
29.0,29.0,27.0,37.0,36.0,Suitable for any job
32.0,32.0,33.0,29.0,30.0,Suitable for any job
38.0,30.0,33.0,29.0,18.0,High-Pressure & Leadership Roles
34.0,28.0,34.0,34.0,29.0,Education & Social Work
42.0,39.0,30.0,36.0,29.0,"Sales, Marketing & Management"
33.0,34.0,31.0,31.0,39.0,"Sales, Marketing & Management"
29.0,28.0,35.0,36.0,36.0,Suitable for any job
33.0,26.0,32.0,35.0,18.0,Education & Social Work
32.0,27.0,36.0,37.0,31.0,Education & Social Work
36.0,33.0,28.0,34.0,38.0,Education & Social Work
43.0,26.0,27.0,30.0,26.0,Education & Social Work
31.0,32.0,27.0,35.0,28.0,Education & Social Work
32.0,30.0,35.0,28.0,23.0,Suitable for any job
38.0,27.0,29.0,33.0,27.0,Education & Social Work
33.0,27.0,31.0,29.0,22.0,Suitable for any job
31.0,37.0,26.0,23.0,26.0,Suitable for any job
35.0,33.0,23.0,37.0,33.0,Education & Social Work
31.0,35.0,28.0,34.0,35.0,Education & Social Work
30.0,29.0,31.0,33.0,25.0,Education & Social Work
28.0,27.0,25.0,28.0,34.0,Suitable for any job
33.0,37.0,38.0,38.0,41.0,"Sales, Marketing & Management"
22.0,24.0,33.0,30.0,29.0,Suitable for any job
37.0,31.0,35.0,32.0,36.0,"Sales, Marketing & Management"
33.0,32.0,30.0,30.0,32.0,"Sales, Marketing & Management"
37.0,32.0,34.0,34.0,30.0,"Sales, Marketing & Management"
34.0,31.0,33.0,34.0,29.0,"Sales, Marketing & Management"
32.0,32.0,35.0,30.0,32.0,"Sales, Marketing & Management"
33.0,31.0,34.0,30.0,27.0,"Sales, Marketing & Management"
32.0,32.0,26.0,33.0,36.0,Education & Social Work
34.0,34.0,32.0,34.0,32.0,"Sales, Marketing & Management"
31.0,34.0,28.0,28.0,29.0,Suitable for any job
36.0,26.0,30.0,32.0,26.0,Education & Social Work
36.0,33.0,30.0,33.0,38.0,"Sales, Marketing & Management"
36.0,36.0,29.0,38.0,37.0,Education & Social Work
31.0,32.0,36.0,32.0,34.0,"Sales, Marketing & Management"
28.0,35.0,25.0,31.0,33.0,Suitable for any job
34.0,29.0,30.0,30.0,20.0,Education & Social Work
33.0,28.0,27.0,35.0,26.0,Education & Social Work
27.0,28.0,23.0,27.0,34.0,Suitable for any job
32.0,30.0,35.0,38.0,38.0,"Sales, Marketing & Management"
31.0,29.0,34.0,33.0,27.0,Education & Social Work
31.0,32.0,29.0,29.0,36.0,Suitable for any job
31.0,32.0,25.0,33.0,40.0,Education & Social Work
34.0,28.0,28.0,31.0,29.0,Education & Social Work
36.0,31.0,34.0,35.0,39.0,"Sales, Marketing & Management"
37.0,32.0,33.0,34.0,36.0,"Sales, Marketing & Management"
31.0,35.0,36.0,32.0,32.0,"Sales, Marketing & Management"
29.0,26.0,28.0,31.0,37.0,Suitable for any job
36.0,36.0,27.0,31.0,37.0,Education & Social Work
34.0,32.0,29.0,34.0,36.0,Education & Social Work
32.0,34.0,29.0,32.0,35.0,Education & Social Work
30.0,34.0,31.0,31.0,32.0,"Sales, Marketing & Management"
27.0,28.0,30.0,29.0,34.0,Suitable for any job
33.0,36.0,33.0,31.0,41.0,"Sales, Marketing & Management"
28.0,26.0,34.0,31.0,38.0,Suitable for any job
26.0,25.0,33.0,31.0,33.0,Suitable for any job
34.0,25.0,31.0,34.0,23.0,Education & Social Work
25.0,32.0,30.0,30.0,26.0,"Sales, Marketing & Management"
26.0,33.0,28.0,36.0,14.0,Healthcare & Support
31.0,33.0,35.0,31.0,35.0,"Sales, Marketing & Management"
33.0,33.0,29.0,30.0,35.0,Education & Social Work
35.0,34.0,30.0,30.0,25.0,"Sales, Marketing & Management"
33.0,32.0,32.0,30.0,39.0,"Sales, Marketing & Management"
31.0,29.0,31.0,21.0,28.0,Suitable for any job
27.0,31.0,32.0,35.0,36.0,"Sales, Marketing & Management"
31.0,31.0,32.0,29.0,33.0,Suitable for any job
33.0,37.0,36.0,37.0,32.0,"Sales, Marketing & Management"
35.0,27.0,35.0,29.0,23.0,Suitable for any job
30.0,35.0,29.0,36.0,29.0,Education & Social Work
28.0,35.0,28.0,32.0,37.0,Suitable for any job
33.0,29.0,26.0,28.0,35.0,Suitable for any job
36.0,28.0,30.0,31.0,39.0,Education & Social Work
35.0,34.0,32.0,29.0,30.0,Suitable for any job
32.0,33.0,33.0,33.0,34.0,"Sales, Marketing & Management"
35.0,36.0,27.0,30.0,38.0,Education & Social Work
25.0,32.0,35.0,33.0,20.0,Healthcare & Support
28.0,27.0,31.0,26.0,22.0,Suitable for any job
26.0,31.0,32.0,30.0,24.0,"Sales, Marketing & Management"
32.0,34.0,36.0,37.0,20.0,Healthcare & Support
28.0,29.0,29.0,33.0,32.0,Suitable for any job
31.0,29.0,26.0,29.0,33.0,Suitable for any job
25.0,29.0,32.0,34.0,26.0,Suitable for any job
30.0,36.0,31.0,31.0,41.0,"Sales, Marketing & Management"
33.0,36.0,31.0,33.0,20.0,Healthcare & Support
38.0,34.0,35.0,34.0,26.0,"Sales, Marketing & Management"
30.0,28.0,20.0,35.0,37.0,Education & Social Work
35.0,32.0,33.0,33.0,31.0,"Sales, Marketing & Management"
30.0,28.0,26.0,32.0,20.0,Education & Social Work
29.0,33.0,33.0,31.0,37.0,"Sales, Marketing & Management"
33.0,29.0,30.0,34.0,23.0,Education & Social Work
34.0,29.0,37.0,34.0,32.0,Education & Social Work
31.0,31.0,27.0,35.0,36.0,Education & Social Work
28.0,34.0,34.0,31.0,33.0,"Sales, Marketing & Management"
24.0,32.0,31.0,31.0,25.0,"Sales, Marketing & Management"
35.0,26.0,26.0,29.0,23.0,Suitable for any job
32.0,34.0,33.0,31.0,33.0,"Sales, Marketing & Management"
35.0,32.0,29.0,34.0,24.0,Education & Social Work
27.0,31.0,28.0,24.0,25.0,Suitable for any job
36.0,30.0,27.0,30.0,32.0,Education & Social Work
42.0,33.0,21.0,34.0,38.0,Education & Social Work
36.0,34.0,31.0,37.0,29.0,"Sales, Marketing & Management"
21.0,19.0,33.0,29.0,24.0,"Flexible, Less Structured Roles"
32.0,34.0,30.0,37.0,38.0,"Sales, Marketing & Management"
26.0,30.0,34.0,35.0,33.0,"Sales, Marketing & Management"
29.0,29.0,34.0,36.0,28.0,Suitable for any job
35.0,36.0,32.0,29.0,23.0,Suitable for any job
30.0,28.0,37.0,26.0,38.0,Suitable for any job
32.0,33.0,29.0,28.0,33.0,Suitable for any job
33.0,28.0,24.0,31.0,24.0,Education & Social Work
33.0,30.0,27.0,26.0,27.0,Suitable for any job
32.0,34.0,30.0,30.0,33.0,"Sales, Marketing & Management"
31.0,34.0,32.0,30.0,26.0,"Sales, Marketing & Management"
33.0,30.0,24.0,32.0,36.0,Education & Social Work
35.0,41.0,33.0,32.0,39.0,"Sales, Marketing & Management"
26.0,28.0,33.0,30.0,26.0,Suitable for any job
32.0,32.0,33.0,26.0,26.0,Suitable for any job
30.0,23.0,31.0,30.0,27.0,Education & Social Work
32.0,34.0,26.0,29.0,32.0,Suitable for any job
37.0,33.0,27.0,30.0,30.0,Education & Social Work
30.0,34.0,34.0,31.0,42.0,"Sales, Marketing & Management"
28.0,31.0,35.0,36.0,30.0,"Sales, Marketing & Management"
37.0,32.0,28.0,30.0,19.0,Healthcare & Support
37.0,32.0,32.0,19.0,35.0,Competitive & Assertive Jobs
35.0,32.0,30.0,31.0,27.0,"Sales, Marketing & Management"
30.0,31.0,25.0,28.0,23.0,Suitable for any job
34.0,29.0,30.0,33.0,36.0,Education & Social Work
31.0,31.0,28.0,32.0,23.0,Education & Social Work
36.0,34.0,36.0,22.0,18.0,High-Pressure & Leadership Roles
36.0,34.0,34.0,33.0,30.0,"Sales, Marketing & Management"
33.0,34.0,28.0,28.0,29.0,Suitable for any job
32.0,34.0,36.0,33.0,34.0,"Sales, Marketing & Management"
33.0,33.0,30.0,32.0,30.0,"Sales, Marketing & Management"
38.0,34.0,37.0,41.0,25.0,"Sales, Marketing & Management"
34.0,34.0,28.0,30.0,30.0,Education & Social Work
35.0,30.0,33.0,33.0,33.0,"Sales, Marketing & Management"
38.0,37.0,22.0,38.0,31.0,Education & Social Work
33.0,32.0,26.0,31.0,19.0,Healthcare & Support
36.0,31.0,24.0,36.0,22.0,Education & Social Work
35.0,28.0,30.0,25.0,29.0,Suitable for any job
27.0,36.0,35.0,33.0,34.0,"Sales, Marketing & Management"
37.0,25.0,30.0,33.0,35.0,Education & Social Work
37.0,35.0,26.0,21.0,30.0,Suitable for any job
31.0,30.0,31.0,33.0,23.0,"Sales, Marketing & Management"
35.0,31.0,30.0,30.0,32.0,"Sales, Marketing & Management"
34.0,30.0,34.0,35.0,35.0,"Sales, Marketing & Management"
33.0,32.0,33.0,32.0,29.0,"Sales, Marketing & Management"
32.0,33.0,28.0,27.0,22.0,Suitable for any job
33.0,30.0,33.0,31.0,33.0,"Sales, Marketing & Management"
33.0,29.0,28.0,31.0,33.0,Education & Social Work
34.0,28.0,30.0,33.0,28.0,Education & Social Work
32.0,35.0,27.0,31.0,34.0,Education & Social Work
34.0,35.0,34.0,34.0,34.0,"Sales, Marketing & Management"
36.0,34.0,28.0,32.0,38.0,Education & Social Work
31.0,26.0,27.0,30.0,22.0,Education & Social Work
30.0,31.0,29.0,27.0,31.0,Suitable for any job
30.0,30.0,30.0,32.0,19.0,Healthcare & Support
32.0,28.0,29.0,32.0,22.0,Education & Social Work
32.0,26.0,31.0,31.0,22.0,Education & Social Work
32.0,29.0,33.0,31.0,24.0,Education & Social Work
27.0,36.0,34.0,32.0,46.0,"Sales, Marketing & Management"
35.0,28.0,30.0,34.0,30.0,Education & Social Work
38.0,28.0,26.0,34.0,27.0,Education & Social Work
26.0,40.0,46.0,40.0,47.0,"Sales, Marketing & Management"
30.0,36.0,25.0,28.0,32.0,Suitable for any job
28.0,22.0,27.0,23.0,24.0,Suitable for any job
39.0,36.0,27.0,32.0,31.0,Education & Social Work
0.0,0.0,4.0,0.0,0.0,Suitable for any job
35.0,36.0,35.0,36.0,35.0,"Sales, Marketing & Management"
35.0,23.0,29.0,34.0,21.0,Education & Social Work
36.0,33.0,25.0,29.0,32.0,Suitable for any job
29.0,33.0,31.0,28.0,35.0,Suitable for any job
36.0,30.0,26.0,33.0,19.0,Healthcare & Support
31.0,29.0,28.0,33.0,23.0,Education & Social Work
37.0,31.0,29.0,32.0,29.0,Education & Social Work
34.0,31.0,29.0,33.0,23.0,Education & Social Work
28.0,32.0,28.0,32.0,27.0,Suitable for any job
32.0,27.0,26.0,32.0,27.0,Education & Social Work
30.0,30.0,34.0,34.0,31.0,"Sales, Marketing & Management"
38.0,34.0,30.0,34.0,18.0,Healthcare & Support
24.0,30.0,35.0,27.0,26.0,Suitable for any job
27.0,29.0,32.0,30.0,22.0,Suitable for any job
31.0,30.0,35.0,28.0,23.0,Suitable for any job
38.0,36.0,33.0,33.0,24.0,"Sales, Marketing & Management"
25.0,29.0,23.0,31.0,46.0,Suitable for any job
32.0,32.0,31.0,30.0,33.0,"Sales, Marketing & Management"
25.0,27.0,40.0,32.0,31.0,Suitable for any job
33.0,38.0,29.0,30.0,26.0,Education & Social Work
32.0,33.0,36.0,33.0,36.0,"Sales, Marketing & Management"
30.0,32.0,31.0,32.0,27.0,"Sales, Marketing & Management"
38.0,32.0,39.0,33.0,28.0,"Sales, Marketing & Management"
37.0,32.0,32.0,34.0,20.0,Healthcare & Support
35.0,32.0,28.0,38.0,35.0,Education & Social Work
35.0,24.0,31.0,32.0,21.0,Education & Social Work
35.0,36.0,26.0,29.0,31.0,Suitable for any job
32.0,30.0,31.0,27.0,28.0,Suitable for any job
33.0,28.0,32.0,35.0,38.0,Education & Social Work
31.0,32.0,28.0,34.0,29.0,Education & Social Work
33.0,28.0,32.0,31.0,32.0,Education & Social Work
35.0,35.0,26.0,29.0,27.0,Suitable for any job
31.0,36.0,38.0,36.0,30.0,"Sales, Marketing & Management"
31.0,29.0,31.0,31.0,31.0,Education & Social Work
33.0,34.0,38.0,33.0,32.0,"Sales, Marketing & Management"
33.0,27.0,30.0,30.0,34.0,Education & Social Work
34.0,37.0,35.0,33.0,30.0,"Sales, Marketing & Management"
24.0,34.0,28.0,30.0,27.0,Suitable for any job
37.0,38.0,30.0,32.0,33.0,"Sales, Marketing & Management"
33.0,28.0,28.0,26.0,19.0,Suitable for any job
31.0,34.0,35.0,28.0,36.0,Suitable for any job
38.0,30.0,30.0,35.0,32.0,"Sales, Marketing & Management"
33.0,35.0,25.0,39.0,31.0,Education & Social Work
31.0,30.0,31.0,29.0,27.0,Suitable for any job
36.0,32.0,34.0,30.0,39.0,"Sales, Marketing & Management"
27.0,35.0,30.0,30.0,24.0,"Sales, Marketing & Management"
37.0,33.0,31.0,31.0,32.0,"Sales, Marketing & Management"
35.0,30.0,33.0,34.0,34.0,"Sales, Marketing & Management"
33.0,30.0,30.0,35.0,34.0,"Sales, Marketing & Management"
33.0,27.0,26.0,26.0,25.0,Suitable for any job
37.0,26.0,37.0,35.0,33.0,Education & Social Work
33.0,28.0,33.0,34.0,33.0,Education & Social Work
33.0,33.0,33.0,32.0,27.0,"Sales, Marketing & Management"
36.0,37.0,30.0,29.0,30.0,Suitable for any job
33.0,25.0,24.0,26.0,23.0,Suitable for any job
35.0,31.0,31.0,27.0,32.0,Suitable for any job
35.0,37.0,37.0,30.0,31.0,"Sales, Marketing & Management"
37.0,29.0,31.0,33.0,27.0,Education & Social Work
25.0,32.0,31.0,37.0,17.0,Healthcare & Support
30.0,29.0,30.0,33.0,24.0,Education & Social Work
35.0,33.0,30.0,28.0,30.0,Suitable for any job
27.0,29.0,29.0,28.0,34.0,Suitable for any job
31.0,27.0,32.0,34.0,20.0,Education & Social Work
35.0,40.0,30.0,26.0,37.0,Suitable for any job
37.0,36.0,28.0,25.0,30.0,Suitable for any job
37.0,34.0,31.0,32.0,27.0,"Sales, Marketing & Management"
38.0,37.0,35.0,32.0,38.0,"Sales, Marketing & Management"
29.0,31.0,25.0,31.0,34.0,Suitable for any job
29.0,31.0,29.0,34.0,41.0,Suitable for any job
33.0,35.0,34.0,28.0,29.0,Suitable for any job
31.0,36.0,33.0,34.0,32.0,"Sales, Marketing & Management"
34.0,24.0,32.0,34.0,23.0,Education & Social Work
36.0,32.0,31.0,41.0,19.0,Healthcare & Support
26.0,27.0,29.0,32.0,32.0,Suitable for any job
34.0,36.0,35.0,30.0,23.0,"Sales, Marketing & Management"
34.0,33.0,33.0,28.0,32.0,Suitable for any job
29.0,33.0,30.0,29.0,26.0,Suitable for any job
25.0,27.0,33.0,27.0,18.0,Suitable for any job
29.0,27.0,29.0,32.0,32.0,Suitable for any job
32.0,31.0,33.0,29.0,22.0,Suitable for any job
22.0,35.0,33.0,32.0,32.0,"Sales, Marketing & Management"
34.0,37.0,30.0,32.0,33.0,"Sales, Marketing & Management"
29.0,32.0,31.0,36.0,42.0,"Sales, Marketing & Management"
29.0,28.0,31.0,31.0,24.0,Suitable for any job
28.0,24.0,29.0,32.0,23.0,Suitable for any job
37.0,31.0,30.0,34.0,27.0,"Sales, Marketing & Management"
30.0,35.0,24.0,36.0,41.0,Education & Social Work
30.0,26.0,29.0,36.0,36.0,Education & Social Work
32.0,28.0,33.0,30.0,30.0,Education & Social Work
35.0,31.0,34.0,31.0,34.0,"Sales, Marketing & Management"
30.0,34.0,28.0,31.0,25.0,Education & Social Work
32.0,30.0,41.0,33.0,33.0,"Sales, Marketing & Management"
29.0,28.0,31.0,32.0,30.0,Suitable for any job
14.0,17.0,19.0,19.0,16.0,Suitable for any job
0.0,0.0,0.0,0.0,0.0,Suitable for any job
27.0,28.0,30.0,20.0,25.0,Suitable for any job
33.0,30.0,30.0,35.0,35.0,"Sales, Marketing & Management"
31.0,32.0,28.0,29.0,27.0,Suitable for any job
29.0,34.0,29.0,30.0,28.0,Suitable for any job
33.0,31.0,36.0,31.0,38.0,"Sales, Marketing & Management"
31.0,27.0,25.0,31.0,32.0,Education & Social Work
37.0,28.0,30.0,25.0,19.0,Suitable for any job
35.0,33.0,35.0,36.0,39.0,"Sales, Marketing & Management"
25.0,30.0,29.0,30.0,28.0,Suitable for any job
25.0,37.0,28.0,27.0,23.0,Suitable for any job
34.0,38.0,28.0,31.0,27.0,Education & Social Work
32.0,30.0,27.0,26.0,26.0,Suitable for any job
33.0,36.0,31.0,35.0,26.0,"Sales, Marketing & Management"
34.0,32.0,31.0,34.0,28.0,"Sales, Marketing & Management"
33.0,25.0,29.0,32.0,22.0,Education & Social Work
33.0,22.0,24.0,33.0,16.0,Education & Social Work
34.0,27.0,28.0,31.0,23.0,Education & Social Work
34.0,29.0,32.0,35.0,28.0,Education & Social Work
30.0,30.0,30.0,28.0,39.0,Suitable for any job
34.0,28.0,25.0,30.0,26.0,Education & Social Work
30.0,24.0,31.0,31.0,18.0,Education & Social Work
30.0,27.0,27.0,29.0,38.0,Suitable for any job
26.0,31.0,30.0,31.0,35.0,"Sales, Marketing & Management"
32.0,30.0,36.0,29.0,43.0,Suitable for any job
38.0,31.0,29.0,36.0,28.0,Education & Social Work
41.0,36.0,29.0,26.0,41.0,Suitable for any job
36.0,34.0,35.0,29.0,21.0,Suitable for any job
34.0,27.0,28.0,28.0,35.0,Suitable for any job
34.0,28.0,33.0,26.0,35.0,Suitable for any job
37.0,35.0,31.0,35.0,27.0,"Sales, Marketing & Management"
34.0,41.0,32.0,34.0,36.0,"Sales, Marketing & Management"
31.0,31.0,34.0,32.0,32.0,"Sales, Marketing & Management"
32.0,30.0,31.0,29.0,25.0,Suitable for any job
33.0,29.0,34.0,28.0,28.0,Suitable for any job
32.0,36.0,29.0,37.0,33.0,Education & Social Work
35.0,34.0,27.0,27.0,37.0,Suitable for any job
31.0,32.0,29.0,30.0,19.0,Healthcare & Support
31.0,22.0,32.0,34.0,43.0,Education & Social Work
34.0,31.0,28.0,31.0,38.0,Education & Social Work
26.0,37.0,37.0,25.0,33.0,Suitable for any job
35.0,35.0,32.0,29.0,30.0,Suitable for any job
27.0,29.0,32.0,33.0,33.0,Suitable for any job
35.0,24.0,32.0,30.0,34.0,Education & Social Work
37.0,32.0,28.0,34.0,31.0,Education & Social Work
37.0,35.0,35.0,36.0,39.0,"Sales, Marketing & Management"
29.0,27.0,33.0,27.0,26.0,Suitable for any job
40.0,28.0,32.0,33.0,26.0,Education & Social Work
29.0,26.0,30.0,33.0,39.0,Suitable for any job
27.0,28.0,34.0,28.0,20.0,Suitable for any job
31.0,31.0,35.0,33.0,26.0,"Sales, Marketing & Management"
34.0,32.0,31.0,29.0,31.0,Suitable for any job
40.0,31.0,32.0,33.0,41.0,"Sales, Marketing & Management"
33.0,31.0,33.0,31.0,22.0,"Sales, Marketing & Management"
31.0,29.0,30.0,33.0,33.0,Education & Social Work
29.0,26.0,33.0,30.0,34.0,Suitable for any job
37.0,33.0,29.0,28.0,25.0,Suitable for any job
37.0,25.0,33.0,31.0,27.0,Education & Social Work
35.0,30.0,30.0,31.0,29.0,"Sales, Marketing & Management"
39.0,35.0,27.0,24.0,39.0,Suitable for any job
31.0,33.0,24.0,33.0,34.0,Education & Social Work
32.0,28.0,32.0,28.0,31.0,Suitable for any job
28.0,35.0,30.0,27.0,28.0,Suitable for any job
31.0,29.0,29.0,35.0,32.0,Education & Social Work
27.0,31.0,26.0,24.0,27.0,Suitable for any job
34.0,27.0,31.0,28.0,26.0,Suitable for any job
36.0,33.0,26.0,35.0,46.0,Education & Social Work
30.0,26.0,34.0,32.0,30.0,Education & Social Work
26.0,31.0,32.0,29.0,30.0,Suitable for any job
32.0,34.0,34.0,30.0,28.0,"Sales, Marketing & Management"
24.0,27.0,30.0,31.0,32.0,Suitable for any job
36.0,32.0,30.0,31.0,31.0,"Sales, Marketing & Management"
38.0,33.0,32.0,33.0,24.0,"Sales, Marketing & Management"
38.0,27.0,28.0,33.0,33.0,Education & Social Work
27.0,25.0,30.0,30.0,32.0,Suitable for any job
35.0,32.0,30.0,31.0,34.0,"Sales, Marketing & Management"
33.0,31.0,31.0,33.0,33.0,"Sales, Marketing & Management"
29.0,28.0,27.0,36.0,31.0,Suitable for any job
33.0,35.0,30.0,31.0,37.0,"Sales, Marketing & Management"
31.0,32.0,30.0,28.0,24.0,Suitable for any job
41.0,34.0,30.0,29.0,30.0,Suitable for any job
30.0,28.0,26.0,30.0,34.0,Education & Social Work
32.0,26.0,29.0,29.0,36.0,Suitable for any job
32.0,29.0,35.0,33.0,31.0,Education & Social Work
28.0,32.0,29.0,34.0,23.0,Suitable for any job
36.0,29.0,31.0,32.0,31.0,Education & Social Work
34.0,30.0,30.0,26.0,23.0,Suitable for any job
31.0,31.0,32.0,38.0,30.0,"Sales, Marketing & Management"
30.0,28.0,28.0,28.0,34.0,Suitable for any job
36.0,30.0,29.0,32.0,35.0,Education & Social Work
35.0,34.0,39.0,36.0,38.0,"Sales, Marketing & Management"
32.0,42.0,32.0,32.0,25.0,"Sales, Marketing & Management"
30.0,35.0,36.0,30.0,27.0,"Sales, Marketing & Management"
34.0,34.0,29.0,33.0,33.0,Education & Social Work
32.0,28.0,38.0,30.0,32.0,Education & Social Work
39.0,37.0,26.0,38.0,39.0,Education & Social Work
31.0,26.0,29.0,30.0,30.0,Education & Social Work
33.0,37.0,24.0,34.0,35.0,Education & Social Work
36.0,34.0,34.0,38.0,22.0,"Sales, Marketing & Management"
34.0,24.0,25.0,22.0,25.0,Suitable for any job
31.0,27.0,33.0,34.0,32.0,Education & Social Work
30.0,33.0,34.0,32.0,35.0,"Sales, Marketing & Management"
33.0,36.0,37.0,40.0,42.0,"Sales, Marketing & Management"
29.0,29.0,26.0,29.0,23.0,Suitable for any job
31.0,30.0,31.0,33.0,30.0,"Sales, Marketing & Management"
33.0,30.0,30.0,27.0,18.0,High-Pressure & Leadership Roles
30.0,29.0,31.0,32.0,34.0,Education & Social Work
50.0,50.0,50.0,50.0,50.0,"Sales, Marketing & Management"
32.0,31.0,33.0,31.0,23.0,"Sales, Marketing & Management"
30.0,35.0,34.0,32.0,33.0,"Sales, Marketing & Management"
32.0,32.0,30.0,28.0,36.0,Suitable for any job
36.0,27.0,35.0,35.0,22.0,Education & Social Work
35.0,35.0,38.0,35.0,35.0,"Sales, Marketing & Management"
25.0,24.0,26.0,28.0,19.0,Suitable for any job
34.0,30.0,45.0,35.0,18.0,Healthcare & Support
0.0,3.0,3.0,3.0,0.0,Suitable for any job
27.0,29.0,30.0,33.0,31.0,Suitable for any job
26.0,41.0,28.0,40.0,33.0,Suitable for any job
22.0,31.0,24.0,18.0,29.0,Suitable for any job
22.0,22.0,30.0,26.0,42.0,Suitable for any job
27.0,23.0,30.0,30.0,26.0,Suitable for any job
35.0,31.0,34.0,34.0,35.0,"Sales, Marketing & Management"
28.0,35.0,27.0,33.0,29.0,Suitable for any job
33.0,29.0,35.0,34.0,44.0,Education & Social Work
32.0,36.0,30.0,33.0,28.0,"Sales, Marketing & Management"
35.0,30.0,29.0,28.0,36.0,Suitable for any job
32.0,36.0,32.0,33.0,34.0,"Sales, Marketing & Management"
36.0,26.0,32.0,29.0,18.0,Suitable for any job
34.0,32.0,29.0,27.0,34.0,Suitable for any job
34.0,32.0,28.0,34.0,31.0,Education & Social Work
35.0,34.0,29.0,43.0,31.0,Education & Social Work
34.0,37.0,25.0,28.0,39.0,Suitable for any job
33.0,36.0,28.0,32.0,30.0,Education & Social Work
32.0,35.0,30.0,33.0,32.0,"Sales, Marketing & Management"
31.0,34.0,30.0,34.0,24.0,"Sales, Marketing & Management"
37.0,39.0,19.0,26.0,43.0,Technical Expert Roles
35.0,33.0,33.0,39.0,36.0,"Sales, Marketing & Management"
33.0,27.0,31.0,37.0,27.0,Education & Social Work
30.0,31.0,32.0,33.0,29.0,"Sales, Marketing & Management"
32.0,26.0,31.0,28.0,23.0,Suitable for any job
40.0,39.0,27.0,37.0,33.0,Education & Social Work
32.0,32.0,35.0,38.0,26.0,"Sales, Marketing & Management"
31.0,31.0,31.0,32.0,21.0,"Sales, Marketing & Management"
36.0,37.0,33.0,42.0,36.0,"Sales, Marketing & Management"
38.0,32.0,28.0,31.0,25.0,Education & Social Work
29.0,25.0,34.0,29.0,20.0,Suitable for any job
29.0,29.0,24.0,28.0,34.0,Suitable for any job
31.0,32.0,32.0,33.0,39.0,"Sales, Marketing & Management"
32.0,28.0,31.0,34.0,32.0,Education & Social Work
29.0,27.0,33.0,28.0,30.0,Suitable for any job
30.0,32.0,36.0,34.0,23.0,"Sales, Marketing & Management"
31.0,23.0,29.0,26.0,27.0,Suitable for any job
31.0,30.0,34.0,34.0,25.0,"Sales, Marketing & Management"
33.0,33.0,28.0,34.0,35.0,Education & Social Work
29.0,28.0,28.0,32.0,33.0,Suitable for any job
40.0,36.0,32.0,35.0,27.0,"Sales, Marketing & Management"
27.0,30.0,35.0,32.0,33.0,"Sales, Marketing & Management"
29.0,28.0,30.0,26.0,34.0,Suitable for any job
32.0,27.0,32.0,38.0,32.0,Education & Social Work
38.0,32.0,30.0,36.0,21.0,"Sales, Marketing & Management"
31.0,34.0,28.0,30.0,19.0,Healthcare & Support
36.0,38.0,27.0,30.0,41.0,Education & Social Work
27.0,29.0,26.0,35.0,28.0,Suitable for any job
29.0,37.0,31.0,31.0,35.0,"Sales, Marketing & Management"
33.0,31.0,26.0,29.0,31.0,Suitable for any job
32.0,28.0,31.0,30.0,30.0,Education & Social Work
32.0,38.0,29.0,30.0,39.0,Education & Social Work
33.0,28.0,31.0,28.0,38.0,Suitable for any job
32.0,35.0,34.0,37.0,38.0,"Sales, Marketing & Management"
37.0,39.0,31.0,39.0,28.0,"Sales, Marketing & Management"
33.0,32.0,27.0,33.0,29.0,Education & Social Work
33.0,29.0,30.0,33.0,29.0,Education & Social Work
33.0,27.0,22.0,44.0,42.0,Education & Social Work
26.0,32.0,27.0,33.0,37.0,Suitable for any job
38.0,37.0,34.0,40.0,28.0,"Sales, Marketing & Management"
24.0,25.0,25.0,38.0,22.0,Suitable for any job
36.0,33.0,32.0,31.0,32.0,"Sales, Marketing & Management"
34.0,26.0,31.0,34.0,40.0,Education & Social Work
33.0,32.0,29.0,32.0,39.0,Education & Social Work
29.0,29.0,30.0,34.0,32.0,Suitable for any job
31.0,33.0,29.0,31.0,25.0,Education & Social Work
31.0,33.0,34.0,34.0,30.0,"Sales, Marketing & Management"
36.0,27.0,29.0,29.0,25.0,Suitable for any job
39.0,34.0,37.0,36.0,42.0,"Sales, Marketing & Management"
36.0,30.0,31.0,32.0,26.0,"Sales, Marketing & Management"
31.0,34.0,26.0,33.0,21.0,Education & Social Work
37.0,32.0,33.0,34.0,33.0,"Sales, Marketing & Management"
34.0,31.0,33.0,31.0,24.0,"Sales, Marketing & Management"
33.0,30.0,38.0,31.0,30.0,"Sales, Marketing & Management"
25.0,29.0,32.0,31.0,30.0,Suitable for any job
3.0,3.0,5.0,5.0,2.0,Suitable for any job
35.0,24.0,31.0,28.0,30.0,Suitable for any job
25.0,33.0,35.0,33.0,27.0,"Sales, Marketing & Management"
31.0,33.0,30.0,35.0,28.0,"Sales, Marketing & Management"
31.0,32.0,31.0,30.0,34.0,"Sales, Marketing & Management"
25.0,32.0,30.0,29.0,22.0,Suitable for any job
27.0,28.0,33.0,32.0,24.0,Suitable for any job
32.0,33.0,28.0,33.0,36.0,Education & Social Work
29.0,32.0,31.0,29.0,31.0,Suitable for any job
37.0,31.0,31.0,30.0,34.0,"Sales, Marketing & Management"
37.0,32.0,34.0,30.0,36.0,"Sales, Marketing & Management"
31.0,35.0,26.0,28.0,30.0,Suitable for any job
29.0,29.0,31.0,42.0,41.0,Suitable for any job
28.0,26.0,28.0,34.0,37.0,Suitable for any job
34.0,34.0,25.0,33.0,39.0,Education & Social Work
31.0,32.0,35.0,30.0,31.0,"Sales, Marketing & Management"
36.0,39.0,31.0,34.0,38.0,"Sales, Marketing & Management"
29.0,30.0,31.0,38.0,38.0,"Sales, Marketing & Management"
38.0,25.0,25.0,26.0,32.0,Suitable for any job
31.0,28.0,28.0,28.0,25.0,Suitable for any job
30.0,30.0,32.0,28.0,25.0,Suitable for any job
32.0,32.0,29.0,32.0,31.0,Education & Social Work
35.0,29.0,29.0,35.0,32.0,Education & Social Work
33.0,24.0,27.0,28.0,32.0,Suitable for any job
34.0,27.0,30.0,35.0,22.0,Education & Social Work
24.0,32.0,29.0,27.0,34.0,Suitable for any job
32.0,26.0,27.0,30.0,41.0,Education & Social Work
30.0,26.0,25.0,30.0,26.0,Education & Social Work
26.0,32.0,33.0,31.0,23.0,"Sales, Marketing & Management"
29.0,29.0,29.0,30.0,33.0,Suitable for any job
25.0,30.0,29.0,31.0,28.0,Suitable for any job
32.0,29.0,30.0,36.0,31.0,Education & Social Work
37.0,28.0,31.0,34.0,32.0,Education & Social Work
35.0,33.0,30.0,28.0,24.0,Suitable for any job
37.0,32.0,28.0,34.0,29.0,Education & Social Work
30.0,26.0,32.0,30.0,35.0,Education & Social Work
35.0,39.0,30.0,34.0,31.0,"Sales, Marketing & Management"
32.0,30.0,29.0,34.0,24.0,Education & Social Work
33.0,30.0,32.0,32.0,33.0,"Sales, Marketing & Management"
38.0,29.0,29.0,28.0,21.0,Suitable for any job
28.0,30.0,25.0,34.0,24.0,Suitable for any job
37.0,34.0,34.0,34.0,30.0,"Sales, Marketing & Management"
32.0,34.0,29.0,33.0,36.0,Education & Social Work
30.0,34.0,29.0,30.0,30.0,Education & Social Work
32.0,39.0,35.0,37.0,34.0,"Sales, Marketing & Management"
38.0,36.0,29.0,32.0,44.0,Education & Social Work
38.0,37.0,29.0,32.0,33.0,Education & Social Work
33.0,32.0,29.0,32.0,22.0,Education & Social Work
30.0,37.0,40.0,40.0,36.0,"Sales, Marketing & Management"
29.0,32.0,30.0,28.0,25.0,Suitable for any job
33.0,32.0,30.0,29.0,31.0,Suitable for any job
38.0,29.0,26.0,30.0,39.0,Education & Social Work
37.0,35.0,33.0,37.0,36.0,"Sales, Marketing & Management"
38.0,29.0,27.0,34.0,18.0,Education & Social Work
35.0,33.0,29.0,33.0,39.0,Education & Social Work
28.0,31.0,28.0,31.0,39.0,Suitable for any job
31.0,29.0,31.0,29.0,29.0,Suitable for any job
36.0,26.0,27.0,27.0,36.0,Suitable for any job
32.0,34.0,31.0,31.0,22.0,"Sales, Marketing & Management"
35.0,29.0,32.0,30.0,26.0,Education & Social Work
34.0,35.0,31.0,33.0,23.0,"Sales, Marketing & Management"
34.0,31.0,30.0,32.0,19.0,Healthcare & Support
33.0,35.0,33.0,35.0,28.0,"Sales, Marketing & Management"
38.0,33.0,29.0,30.0,38.0,Education & Social Work
37.0,30.0,30.0,31.0,36.0,"Sales, Marketing & Management"
36.0,29.0,31.0,31.0,35.0,Education & Social Work
30.0,36.0,35.0,32.0,15.0,Healthcare & Support
37.0,28.0,32.0,35.0,30.0,Education & Social Work
36.0,40.0,30.0,34.0,42.0,"Sales, Marketing & Management"
34.0,34.0,27.0,26.0,23.0,Suitable for any job
39.0,34.0,38.0,34.0,40.0,"Sales, Marketing & Management"
35.0,32.0,32.0,33.0,29.0,"Sales, Marketing & Management"
32.0,27.0,32.0,27.0,26.0,Suitable for any job
29.0,31.0,32.0,29.0,23.0,Suitable for any job
29.0,28.0,35.0,33.0,20.0,Suitable for any job
35.0,27.0,32.0,32.0,29.0,Education & Social Work
29.0,30.0,27.0,33.0,41.0,Suitable for any job
34.0,42.0,32.0,34.0,46.0,"Sales, Marketing & Management"
36.0,30.0,30.0,29.0,38.0,Suitable for any job
38.0,29.0,33.0,29.0,28.0,Suitable for any job
27.0,28.0,33.0,32.0,26.0,Suitable for any job
34.0,35.0,27.0,39.0,34.0,Education & Social Work
29.0,30.0,26.0,27.0,31.0,Suitable for any job
33.0,27.0,31.0,30.0,24.0,Education & Social Work
31.0,31.0,27.0,31.0,24.0,Education & Social Work
31.0,28.0,35.0,38.0,39.0,Education & Social Work
33.0,30.0,31.0,32.0,38.0,"Sales, Marketing & Management"
33.0,33.0,34.0,30.0,37.0,"Sales, Marketing & Management"
30.0,31.0,29.0,29.0,24.0,Suitable for any job
31.0,28.0,33.0,31.0,34.0,Education & Social Work
33.0,32.0,32.0,34.0,17.0,Healthcare & Support
34.0,27.0,29.0,29.0,33.0,Suitable for any job
23.0,32.0,30.0,28.0,31.0,Suitable for any job
29.0,32.0,35.0,39.0,21.0,"Sales, Marketing & Management"
29.0,33.0,28.0,33.0,33.0,Suitable for any job
31.0,29.0,28.0,35.0,28.0,Education & Social Work
30.0,31.0,31.0,28.0,25.0,Suitable for any job
28.0,28.0,25.0,30.0,38.0,Suitable for any job
25.0,31.0,35.0,30.0,32.0,"Sales, Marketing & Management"
30.0,37.0,33.0,31.0,26.0,"Sales, Marketing & Management"
39.0,25.0,31.0,38.0,35.0,Education & Social Work
33.0,26.0,28.0,31.0,21.0,Education & Social Work
30.0,23.0,30.0,29.0,24.0,Suitable for any job
32.0,36.0,38.0,36.0,43.0,"Sales, Marketing & Management"
34.0,31.0,31.0,33.0,26.0,"Sales, Marketing & Management"
38.0,33.0,36.0,38.0,41.0,"Sales, Marketing & Management"
31.0,34.0,33.0,27.0,18.0,High-Pressure & Leadership Roles
30.0,34.0,32.0,32.0,20.0,Healthcare & Support
35.0,32.0,35.0,32.0,25.0,"Sales, Marketing & Management"
34.0,29.0,28.0,32.0,18.0,Education & Social Work
36.0,26.0,35.0,32.0,24.0,Education & Social Work
35.0,28.0,27.0,32.0,28.0,Education & Social Work
26.0,26.0,33.0,33.0,23.0,Suitable for any job
30.0,33.0,30.0,31.0,36.0,"Sales, Marketing & Management"
35.0,36.0,30.0,27.0,26.0,Suitable for any job
35.0,25.0,31.0,28.0,29.0,Suitable for any job
31.0,25.0,30.0,26.0,24.0,Suitable for any job
37.0,36.0,39.0,33.0,39.0,"Sales, Marketing & Management"
28.0,30.0,27.0,32.0,28.0,Suitable for any job
31.0,28.0,31.0,28.0,28.0,Suitable for any job
35.0,34.0,33.0,34.0,23.0,"Sales, Marketing & Management"
27.0,29.0,26.0,24.0,17.0,Suitable for any job
32.0,31.0,31.0,32.0,32.0,"Sales, Marketing & Management"
33.0,28.0,30.0,33.0,42.0,Education & Social Work
37.0,35.0,32.0,34.0,25.0,"Sales, Marketing & Management"
34.0,36.0,34.0,34.0,17.0,Healthcare & Support
30.0,29.0,28.0,33.0,30.0,Education & Social Work
24.0,37.0,30.0,25.0,26.0,Suitable for any job
32.0,32.0,29.0,32.0,35.0,Education & Social Work
35.0,33.0,29.0,37.0,40.0,Education & Social Work
37.0,33.0,28.0,35.0,32.0,Education & Social Work
37.0,30.0,30.0,32.0,35.0,"Sales, Marketing & Management"
27.0,37.0,35.0,34.0,29.0,"Sales, Marketing & Management"
29.0,29.0,28.0,29.0,35.0,Suitable for any job
33.0,33.0,26.0,27.0,33.0,Suitable for any job
30.0,31.0,29.0,30.0,23.0,Education & Social Work
29.0,32.0,33.0,31.0,29.0,"Sales, Marketing & Management"
32.0,33.0,30.0,34.0,34.0,"Sales, Marketing & Management"
39.0,36.0,31.0,37.0,38.0,"Sales, Marketing & Management"
33.0,32.0,30.0,34.0,35.0,"Sales, Marketing & Management"
30.0,29.0,31.0,28.0,20.0,Suitable for any job
30.0,31.0,25.0,32.0,43.0,Education & Social Work
29.0,31.0,32.0,33.0,30.0,"Sales, Marketing & Management"
38.0,31.0,26.0,31.0,27.0,Education & Social Work
35.0,32.0,35.0,32.0,31.0,"Sales, Marketing & Management"
30.0,29.0,28.0,31.0,28.0,Education & Social Work
40.0,37.0,37.0,30.0,24.0,"Sales, Marketing & Management"
29.0,29.0,30.0,34.0,35.0,Suitable for any job
31.0,24.0,27.0,34.0,33.0,Education & Social Work
38.0,34.0,30.0,38.0,36.0,"Sales, Marketing & Management"
28.0,35.0,30.0,30.0,24.0,"Sales, Marketing & Management"
35.0,28.0,36.0,34.0,32.0,Education & Social Work
33.0,34.0,34.0,33.0,36.0,"Sales, Marketing & Management"
36.0,28.0,29.0,32.0,36.0,Education & Social Work
33.0,32.0,27.0,32.0,29.0,Education & Social Work
34.0,29.0,32.0,28.0,28.0,Suitable for any job
30.0,21.0,35.0,27.0,25.0,Suitable for any job
38.0,35.0,21.0,33.0,32.0,Education & Social Work
27.0,28.0,34.0,36.0,31.0,Suitable for any job
31.0,35.0,31.0,34.0,29.0,"Sales, Marketing & Management"
31.0,35.0,31.0,32.0,34.0,"Sales, Marketing & Management"
30.0,37.0,31.0,38.0,37.0,"Sales, Marketing & Management"
31.0,30.0,30.0,31.0,29.0,"Sales, Marketing & Management"
25.0,36.0,30.0,35.0,36.0,"Sales, Marketing & Management"
22.0,26.0,38.0,38.0,26.0,Suitable for any job
33.0,30.0,28.0,34.0,30.0,Education & Social Work
34.0,30.0,30.0,24.0,40.0,Suitable for any job
24.0,34.0,34.0,31.0,29.0,"Sales, Marketing & Management"
36.0,34.0,29.0,30.0,24.0,Education & Social Work
31.0,36.0,33.0,33.0,47.0,"Sales, Marketing & Management"
32.0,30.0,28.0,30.0,34.0,Education & Social Work
30.0,29.0,34.0,35.0,29.0,Education & Social Work
37.0,32.0,27.0,29.0,37.0,Suitable for any job
29.0,32.0,31.0,32.0,25.0,"Sales, Marketing & Management"
32.0,29.0,32.0,28.0,18.0,Suitable for any job
28.0,27.0,32.0,28.0,23.0,Suitable for any job
36.0,31.0,34.0,34.0,32.0,"Sales, Marketing & Management"
31.0,30.0,37.0,32.0,35.0,"Sales, Marketing & Management"
31.0,35.0,33.0,29.0,35.0,Suitable for any job
25.0,34.0,34.0,25.0,27.0,Suitable for any job
33.0,24.0,31.0,27.0,31.0,Suitable for any job
27.0,37.0,31.0,26.0,25.0,Suitable for any job
31.0,34.0,35.0,33.0,35.0,"Sales, Marketing & Management"
33.0,31.0,32.0,30.0,21.0,"Sales, Marketing & Management"
29.0,33.0,34.0,28.0,22.0,Suitable for any job
36.0,31.0,26.0,34.0,34.0,Education & Social Work
32.0,27.0,29.0,25.0,30.0,Suitable for any job
28.0,36.0,31.0,35.0,38.0,"Sales, Marketing & Management"
34.0,27.0,26.0,33.0,26.0,Education & Social Work
25.0,30.0,30.0,31.0,35.0,"Sales, Marketing & Management"
31.0,36.0,26.0,30.0,24.0,Education & Social Work
35.0,31.0,32.0,32.0,32.0,"Sales, Marketing & Management"
32.0,26.0,29.0,31.0,32.0,Education & Social Work
30.0,36.0,35.0,32.0,32.0,"Sales, Marketing & Management"
31.0,31.0,30.0,29.0,34.0,Suitable for any job
34.0,30.0,33.0,28.0,32.0,Suitable for any job
35.0,35.0,25.0,31.0,24.0,Education & Social Work
28.0,25.0,33.0,33.0,23.0,Suitable for any job
32.0,29.0,33.0,30.0,32.0,Education & Social Work
37.0,30.0,29.0,32.0,30.0,Education & Social Work
30.0,31.0,31.0,34.0,43.0,"Sales, Marketing & Management"
30.0,33.0,30.0,36.0,39.0,"Sales, Marketing & Management"
33.0,34.0,30.0,31.0,36.0,"Sales, Marketing & Management"
37.0,39.0,35.0,31.0,28.0,"Sales, Marketing & Management"
38.0,38.0,31.0,33.0,12.0,Healthcare & Support
37.0,31.0,30.0,32.0,32.0,"Sales, Marketing & Management"
36.0,32.0,32.0,36.0,43.0,"Sales, Marketing & Management"
30.0,33.0,36.0,30.0,27.0,"Sales, Marketing & Management"
34.0,35.0,31.0,30.0,23.0,"Sales, Marketing & Management"
42.0,40.0,28.0,34.0,32.0,Education & Social Work
25.0,32.0,31.0,34.0,42.0,"Sales, Marketing & Management"
33.0,32.0,30.0,37.0,27.0,"Sales, Marketing & Management"
26.0,28.0,34.0,33.0,39.0,Suitable for any job
31.0,33.0,29.0,30.0,33.0,Education & Social Work
35.0,34.0,32.0,31.0,33.0,"Sales, Marketing & Management"
36.0,39.0,30.0,33.0,40.0,"Sales, Marketing & Management"
35.0,27.0,30.0,40.0,25.0,Education & Social Work
35.0,37.0,24.0,32.0,35.0,Education & Social Work
37.0,36.0,27.0,32.0,30.0,Education & Social Work
32.0,34.0,31.0,31.0,33.0,"Sales, Marketing & Management"
32.0,27.0,32.0,33.0,38.0,Education & Social Work
25.0,35.0,29.0,32.0,25.0,Suitable for any job
36.0,38.0,30.0,38.0,34.0,"Sales, Marketing & Management"
25.0,30.0,34.0,29.0,32.0,Suitable for any job
28.0,28.0,34.0,28.0,33.0,Suitable for any job
37.0,35.0,28.0,35.0,23.0,Education & Social Work
20.0,26.0,23.0,24.0,25.0,Routine & Practical Jobs
30.0,39.0,29.0,36.0,34.0,Education & Social Work
33.0,36.0,38.0,35.0,36.0,"Sales, Marketing & Management"
36.0,38.0,32.0,33.0,23.0,"Sales, Marketing & Management"
31.0,32.0,31.0,31.0,32.0,"Sales, Marketing & Management"
32.0,32.0,28.0,30.0,28.0,Education & Social Work
31.0,34.0,33.0,28.0,25.0,Suitable for any job
35.0,35.0,33.0,33.0,38.0,"Sales, Marketing & Management"
23.0,31.0,30.0,35.0,24.0,"Sales, Marketing & Management"
31.0,39.0,36.0,30.0,34.0,"Sales, Marketing & Management"
38.0,30.0,34.0,38.0,28.0,"Sales, Marketing & Management"
36.0,33.0,31.0,32.0,38.0,"Sales, Marketing & Management"
30.0,36.0,33.0,29.0,34.0,Suitable for any job
31.0,36.0,26.0,28.0,40.0,Suitable for any job
26.0,34.0,26.0,32.0,22.0,Suitable for any job
34.0,37.0,28.0,37.0,35.0,Education & Social Work
38.0,37.0,33.0,32.0,41.0,"Sales, Marketing & Management"
35.0,40.0,31.0,30.0,35.0,"Sales, Marketing & Management"
34.0,29.0,30.0,33.0,22.0,Education & Social Work
30.0,29.0,29.0,28.0,23.0,Suitable for any job
32.0,37.0,30.0,32.0,37.0,"Sales, Marketing & Management"
36.0,34.0,26.0,36.0,31.0,Education & Social Work
29.0,35.0,30.0,36.0,34.0,"Sales, Marketing & Management"
33.0,31.0,31.0,31.0,24.0,"Sales, Marketing & Management"
31.0,31.0,30.0,31.0,31.0,"Sales, Marketing & Management"
36.0,38.0,28.0,22.0,28.0,Suitable for any job
27.0,26.0,30.0,29.0,24.0,Suitable for any job
29.0,25.0,31.0,29.0,35.0,Suitable for any job
31.0,33.0,29.0,33.0,33.0,Education & Social Work
32.0,32.0,30.0,28.0,38.0,Suitable for any job
33.0,35.0,28.0,32.0,34.0,Education & Social Work
31.0,33.0,31.0,38.0,30.0,"Sales, Marketing & Management"
30.0,30.0,30.0,31.0,26.0,"Sales, Marketing & Management"
34.0,31.0,32.0,29.0,28.0,Suitable for any job
36.0,37.0,31.0,36.0,32.0,"Sales, Marketing & Management"
37.0,37.0,28.0,39.0,29.0,Education & Social Work
30.0,30.0,28.0,32.0,28.0,Education & Social Work
32.0,29.0,34.0,21.0,17.0,Suitable for any job
31.0,35.0,33.0,34.0,36.0,"Sales, Marketing & Management"
29.0,26.0,29.0,31.0,30.0,Suitable for any job
24.0,20.0,22.0,28.0,18.0,"Flexible, Less Structured Roles"
31.0,31.0,30.0,32.0,23.0,"Sales, Marketing & Management"
34.0,36.0,28.0,31.0,31.0,Education & Social Work
32.0,33.0,29.0,33.0,25.0,Education & Social Work
34.0,33.0,33.0,32.0,33.0,"Sales, Marketing & Management"
34.0,41.0,35.0,30.0,40.0,"Sales, Marketing & Management"
26.0,37.0,33.0,29.0,30.0,Suitable for any job
36.0,32.0,30.0,38.0,26.0,"Sales, Marketing & Management"
33.0,31.0,28.0,30.0,34.0,Education & Social Work
37.0,32.0,34.0,36.0,40.0,"Sales, Marketing & Management"
34.0,34.0,31.0,31.0,33.0,"Sales, Marketing & Management"
31.0,33.0,39.0,40.0,38.0,"Sales, Marketing & Management"
31.0,32.0,32.0,28.0,43.0,Suitable for any job
31.0,24.0,31.0,32.0,26.0,Education & Social Work
33.0,33.0,28.0,32.0,21.0,Education & Social Work
29.0,31.0,30.0,31.0,25.0,"Sales, Marketing & Management"
33.0,33.0,34.0,33.0,31.0,"Sales, Marketing & Management"
33.0,28.0,27.0,33.0,34.0,Education & Social Work
32.0,32.0,32.0,29.0,31.0,Suitable for any job
32.0,31.0,35.0,33.0,37.0,"Sales, Marketing & Management"
23.0,21.0,30.0,28.0,40.0,Suitable for any job
21.0,26.0,22.0,38.0,27.0,Suitable for any job
33.0,35.0,34.0,33.0,34.0,"Sales, Marketing & Management"
38.0,31.0,33.0,32.0,36.0,"Sales, Marketing & Management"
31.0,32.0,33.0,32.0,35.0,"Sales, Marketing & Management"
32.0,33.0,31.0,34.0,37.0,"Sales, Marketing & Management"
32.0,35.0,34.0,39.0,32.0,"Sales, Marketing & Management"
31.0,30.0,32.0,35.0,30.0,"Sales, Marketing & Management"
29.0,29.0,32.0,35.0,39.0,Suitable for any job
34.0,35.0,31.0,33.0,25.0,"Sales, Marketing & Management"
38.0,27.0,32.0,31.0,29.0,Education & Social Work
27.0,32.0,30.0,28.0,37.0,Suitable for any job
40.0,34.0,30.0,25.0,24.0,Suitable for any job
31.0,35.0,37.0,30.0,34.0,"Sales, Marketing & Management"
31.0,36.0,32.0,27.0,35.0,Suitable for any job
32.0,31.0,33.0,33.0,31.0,"Sales, Marketing & Management"
32.0,25.0,30.0,37.0,35.0,Education & Social Work
29.0,26.0,29.0,31.0,35.0,Suitable for any job
35.0,32.0,32.0,40.0,33.0,"Sales, Marketing & Management"
34.0,35.0,28.0,31.0,30.0,Education & Social Work
29.0,31.0,32.0,39.0,24.0,"Sales, Marketing & Management"
30.0,23.0,30.0,33.0,32.0,Education & Social Work
38.0,26.0,35.0,32.0,28.0,Education & Social Work
31.0,34.0,32.0,39.0,41.0,"Sales, Marketing & Management"
31.0,28.0,32.0,29.0,27.0,Suitable for any job
32.0,31.0,30.0,34.0,32.0,"Sales, Marketing & Management"
32.0,33.0,30.0,35.0,32.0,"Sales, Marketing & Management"
35.0,38.0,36.0,35.0,33.0,"Sales, Marketing & Management"
31.0,35.0,32.0,36.0,32.0,"Sales, Marketing & Management"
32.0,33.0,29.0,36.0,33.0,Education & Social Work
32.0,37.0,34.0,29.0,24.0,Suitable for any job
33.0,38.0,29.0,31.0,24.0,Education & Social Work
33.0,33.0,33.0,30.0,20.0,Healthcare & Support
28.0,30.0,27.0,30.0,36.0,Suitable for any job
21.0,39.0,27.0,26.0,40.0,Suitable for any job
24.0,32.0,34.0,29.0,36.0,Suitable for any job
33.0,31.0,33.0,29.0,31.0,Suitable for any job
35.0,32.0,29.0,31.0,17.0,Healthcare & Support
32.0,29.0,35.0,30.0,32.0,Education & Social Work
34.0,32.0,33.0,31.0,29.0,"Sales, Marketing & Management"
33.0,28.0,34.0,31.0,35.0,Education & Social Work
34.0,25.0,34.0,30.0,19.0,Education & Social Work
35.0,34.0,36.0,35.0,28.0,"Sales, Marketing & Management"
36.0,32.0,30.0,33.0,31.0,"Sales, Marketing & Management"
27.0,30.0,29.0,30.0,38.0,Suitable for any job
32.0,33.0,35.0,38.0,44.0,"Sales, Marketing & Management"
20.0,36.0,37.0,28.0,31.0,Corporate & Admin
27.0,24.0,30.0,33.0,24.0,Suitable for any job
32.0,22.0,30.0,33.0,29.0,Education & Social Work
35.0,37.0,29.0,32.0,30.0,Education & Social Work
32.0,33.0,33.0,38.0,33.0,"Sales, Marketing & Management"
25.0,25.0,30.0,27.0,28.0,Suitable for any job
35.0,31.0,32.0,36.0,40.0,"Sales, Marketing & Management"
30.0,33.0,29.0,34.0,14.0,Healthcare & Support
25.0,38.0,29.0,29.0,36.0,Suitable for any job
34.0,30.0,30.0,32.0,41.0,"Sales, Marketing & Management"
27.0,27.0,37.0,30.0,27.0,Suitable for any job
32.0,31.0,33.0,33.0,27.0,"Sales, Marketing & Management"
32.0,33.0,30.0,35.0,29.0,"Sales, Marketing & Management"
30.0,32.0,37.0,36.0,30.0,"Sales, Marketing & Management"
30.0,32.0,30.0,36.0,36.0,"Sales, Marketing & Management"
28.0,29.0,33.0,24.0,40.0,Suitable for any job
38.0,37.0,29.0,34.0,26.0,Education & Social Work
28.0,29.0,22.0,27.0,26.0,Suitable for any job
32.0,34.0,30.0,33.0,30.0,"Sales, Marketing & Management"
36.0,40.0,25.0,36.0,40.0,Education & Social Work
32.0,37.0,35.0,25.0,46.0,Suitable for any job
36.0,35.0,27.0,33.0,27.0,Education & Social Work
25.0,26.0,30.0,31.0,31.0,Suitable for any job
30.0,27.0,31.0,31.0,24.0,Education & Social Work
32.0,28.0,28.0,31.0,33.0,Education & Social Work
34.0,32.0,37.0,28.0,32.0,Suitable for any job
26.0,32.0,32.0,36.0,24.0,"Sales, Marketing & Management"
30.0,30.0,33.0,29.0,35.0,Suitable for any job
33.0,33.0,31.0,26.0,29.0,Suitable for any job
32.0,26.0,30.0,36.0,27.0,Education & Social Work
30.0,32.0,26.0,31.0,28.0,Education & Social Work
29.0,31.0,32.0,32.0,33.0,"Sales, Marketing & Management"
32.0,29.0,28.0,40.0,29.0,Education & Social Work
35.0,28.0,32.0,35.0,24.0,Education & Social Work
27.0,34.0,32.0,34.0,35.0,"Sales, Marketing & Management"
32.0,31.0,31.0,32.0,21.0,"Sales, Marketing & Management"
31.0,24.0,34.0,36.0,33.0,Education & Social Work
32.0,31.0,34.0,31.0,28.0,"Sales, Marketing & Management"
40.0,39.0,28.0,33.0,43.0,Education & Social Work
33.0,35.0,31.0,30.0,33.0,"Sales, Marketing & Management"
29.0,31.0,33.0,25.0,23.0,Suitable for any job
27.0,27.0,35.0,33.0,22.0,Suitable for any job
27.0,29.0,31.0,36.0,32.0,Suitable for any job
33.0,33.0,31.0,33.0,31.0,"Sales, Marketing & Management"
34.0,29.0,31.0,34.0,29.0,Education & Social Work
33.0,28.0,37.0,34.0,24.0,Education & Social Work
33.0,38.0,34.0,33.0,28.0,"Sales, Marketing & Management"
30.0,27.0,29.0,28.0,30.0,Suitable for any job
25.0,30.0,30.0,34.0,38.0,"Sales, Marketing & Management"
28.0,31.0,31.0,34.0,37.0,"Sales, Marketing & Management"
29.0,32.0,31.0,29.0,32.0,Suitable for any job
33.0,37.0,34.0,33.0,15.0,Healthcare & Support
27.0,30.0,26.0,31.0,23.0,Suitable for any job
35.0,35.0,33.0,30.0,32.0,"Sales, Marketing & Management"
32.0,36.0,33.0,33.0,39.0,"Sales, Marketing & Management"
32.0,31.0,33.0,37.0,27.0,"Sales, Marketing & Management"
35.0,33.0,28.0,32.0,31.0,Education & Social Work
30.0,26.0,39.0,37.0,29.0,Education & Social Work
25.0,21.0,22.0,21.0,24.0,Suitable for any job
31.0,36.0,29.0,29.0,27.0,Suitable for any job
28.0,31.0,29.0,26.0,35.0,Suitable for any job
36.0,30.0,38.0,42.0,34.0,"Sales, Marketing & Management"
30.0,32.0,33.0,38.0,43.0,"Sales, Marketing & Management"
32.0,27.0,27.0,31.0,24.0,Education & Social Work
28.0,29.0,37.0,33.0,24.0,Suitable for any job
30.0,35.0,27.0,29.0,32.0,Suitable for any job
32.0,34.0,34.0,31.0,34.0,"Sales, Marketing & Management"
36.0,33.0,36.0,35.0,27.0,"Sales, Marketing & Management"
33.0,35.0,32.0,29.0,28.0,Suitable for any job
30.0,29.0,31.0,31.0,33.0,Education & Social Work
30.0,37.0,30.0,25.0,38.0,Suitable for any job
33.0,31.0,26.0,33.0,25.0,Education & Social Work
36.0,31.0,35.0,31.0,25.0,"Sales, Marketing & Management"
29.0,36.0,30.0,28.0,33.0,Suitable for any job
33.0,27.0,39.0,30.0,33.0,Education & Social Work
29.0,29.0,30.0,35.0,24.0,Suitable for any job
32.0,30.0,34.0,34.0,20.0,Healthcare & Support
37.0,24.0,27.0,22.0,28.0,Suitable for any job
38.0,37.0,32.0,30.0,40.0,"Sales, Marketing & Management"
36.0,30.0,28.0,31.0,34.0,Education & Social Work
32.0,29.0,31.0,31.0,32.0,Education & Social Work
36.0,33.0,29.0,34.0,30.0,Education & Social Work
35.0,32.0,35.0,36.0,34.0,"Sales, Marketing & Management"
30.0,29.0,28.0,28.0,38.0,Suitable for any job
25.0,29.0,28.0,33.0,29.0,Suitable for any job
31.0,34.0,38.0,41.0,37.0,"Sales, Marketing & Management"
33.0,32.0,32.0,36.0,37.0,"Sales, Marketing & Management"
37.0,29.0,26.0,30.0,36.0,Education & Social Work
32.0,31.0,26.0,36.0,26.0,Education & Social Work
34.0,35.0,35.0,36.0,37.0,"Sales, Marketing & Management"
31.0,24.0,27.0,34.0,43.0,Education & Social Work
25.0,29.0,32.0,30.0,36.0,Suitable for any job
29.0,34.0,30.0,30.0,28.0,"Sales, Marketing & Management"
30.0,33.0,32.0,34.0,36.0,"Sales, Marketing & Management"
33.0,33.0,34.0,28.0,20.0,High-Pressure & Leadership Roles
34.0,32.0,26.0,30.0,28.0,Education & Social Work
34.0,34.0,28.0,31.0,24.0,Education & Social Work
36.0,36.0,37.0,38.0,42.0,"Sales, Marketing & Management"
28.0,25.0,30.0,34.0,26.0,Suitable for any job
31.0,33.0,34.0,27.0,20.0,High-Pressure & Leadership Roles
34.0,25.0,36.0,29.0,27.0,Suitable for any job
34.0,33.0,39.0,29.0,27.0,Suitable for any job
24.0,26.0,25.0,21.0,25.0,Suitable for any job
32.0,30.0,32.0,30.0,24.0,"Sales, Marketing & Management"
27.0,26.0,34.0,36.0,25.0,Suitable for any job
29.0,30.0,26.0,30.0,23.0,Suitable for any job
31.0,27.0,30.0,31.0,25.0,Education & Social Work
31.0,33.0,29.0,34.0,32.0,Education & Social Work
35.0,31.0,30.0,33.0,28.0,"Sales, Marketing & Management"
34.0,35.0,30.0,31.0,29.0,"Sales, Marketing & Management"
36.0,34.0,32.0,28.0,30.0,Suitable for any job
19.0,34.0,32.0,33.0,39.0,"Sales, Marketing & Management"
31.0,25.0,31.0,27.0,32.0,Suitable for any job
39.0,34.0,32.0,31.0,35.0,"Sales, Marketing & Management"
34.0,37.0,30.0,33.0,42.0,"Sales, Marketing & Management"
33.0,29.0,28.0,33.0,35.0,Education & Social Work
35.0,30.0,28.0,29.0,25.0,Suitable for any job
32.0,30.0,36.0,33.0,24.0,"Sales, Marketing & Management"
38.0,33.0,27.0,32.0,25.0,Education & Social Work
25.0,28.0,30.0,21.0,26.0,Suitable for any job
36.0,39.0,29.0,31.0,33.0,Education & Social Work
36.0,31.0,31.0,35.0,26.0,"Sales, Marketing & Management"
32.0,32.0,29.0,28.0,14.0,Suitable for any job
28.0,34.0,29.0,33.0,21.0,Suitable for any job
27.0,28.0,28.0,24.0,30.0,Suitable for any job
27.0,31.0,35.0,26.0,29.0,Suitable for any job
30.0,29.0,35.0,26.0,31.0,Suitable for any job
30.0,32.0,38.0,30.0,34.0,"Sales, Marketing & Management"
33.0,26.0,33.0,33.0,25.0,Education & Social Work
31.0,30.0,37.0,37.0,34.0,"Sales, Marketing & Management"
35.0,35.0,33.0,36.0,32.0,"Sales, Marketing & Management"
33.0,34.0,34.0,30.0,31.0,"Sales, Marketing & Management"
31.0,36.0,38.0,36.0,35.0,"Sales, Marketing & Management"
31.0,30.0,32.0,27.0,26.0,Suitable for any job
34.0,32.0,29.0,33.0,29.0,Education & Social Work
50.0,50.0,50.0,50.0,50.0,"Sales, Marketing & Management"
31.0,28.0,33.0,35.0,28.0,Education & Social Work
31.0,31.0,27.0,26.0,24.0,Suitable for any job
32.0,28.0,33.0,35.0,33.0,Education & Social Work
23.0,31.0,27.0,30.0,31.0,Suitable for any job
31.0,28.0,28.0,36.0,25.0,Education & Social Work
28.0,24.0,33.0,33.0,29.0,Suitable for any job
24.0,29.0,43.0,29.0,30.0,Suitable for any job
32.0,28.0,28.0,30.0,32.0,Education & Social Work
36.0,32.0,29.0,32.0,42.0,Education & Social Work
39.0,15.0,28.0,28.0,36.0,Creative Freelance & Innovation
31.0,30.0,32.0,33.0,26.0,"Sales, Marketing & Management"
38.0,32.0,30.0,30.0,40.0,"Sales, Marketing & Management"
25.0,39.0,34.0,36.0,26.0,"Sales, Marketing & Management"
36.0,29.0,32.0,25.0,23.0,Suitable for any job
33.0,29.0,29.0,33.0,36.0,Education & Social Work
33.0,33.0,32.0,32.0,24.0,"Sales, Marketing & Management"
31.0,29.0,30.0,31.0,32.0,Education & Social Work
26.0,30.0,30.0,34.0,36.0,"Sales, Marketing & Management"
35.0,26.0,38.0,34.0,25.0,Education & Social Work
36.0,32.0,29.0,33.0,33.0,Education & Social Work
27.0,28.0,25.0,27.0,25.0,Suitable for any job
38.0,31.0,30.0,33.0,29.0,"Sales, Marketing & Management"
32.0,33.0,32.0,38.0,31.0,"Sales, Marketing & Management"
26.0,25.0,31.0,29.0,21.0,Suitable for any job
38.0,32.0,27.0,28.0,24.0,Suitable for any job
29.0,34.0,26.0,25.0,26.0,Suitable for any job
33.0,30.0,31.0,32.0,30.0,"Sales, Marketing & Management"
36.0,34.0,38.0,30.0,30.0,"Sales, Marketing & Management"
26.0,29.0,33.0,29.0,31.0,Suitable for any job
30.0,36.0,26.0,30.0,32.0,Education & Social Work
29.0,28.0,36.0,33.0,25.0,Suitable for any job
31.0,32.0,33.0,32.0,25.0,"Sales, Marketing & Management"
30.0,38.0,31.0,36.0,35.0,"Sales, Marketing & Management"
27.0,29.0,30.0,31.0,30.0,Suitable for any job
32.0,29.0,29.0,40.0,29.0,Education & Social Work
25.0,25.0,32.0,31.0,21.0,Suitable for any job
35.0,29.0,33.0,29.0,23.0,Suitable for any job
38.0,32.0,29.0,31.0,38.0,Education & Social Work
28.0,30.0,23.0,28.0,34.0,Suitable for any job
27.0,28.0,35.0,34.0,26.0,Suitable for any job
33.0,31.0,36.0,31.0,32.0,"Sales, Marketing & Management"
26.0,34.0,32.0,36.0,47.0,"Sales, Marketing & Management"
29.0,36.0,38.0,27.0,29.0,Suitable for any job
25.0,30.0,27.0,31.0,20.0,Healthcare & Support
33.0,31.0,29.0,32.0,33.0,Education & Social Work
32.0,28.0,29.0,33.0,23.0,Education & Social Work
39.0,33.0,35.0,35.0,35.0,"Sales, Marketing & Management"
31.0,29.0,31.0,33.0,26.0,Education & Social Work
28.0,29.0,24.0,35.0,32.0,Suitable for any job
43.0,34.0,37.0,42.0,28.0,"Sales, Marketing & Management"
32.0,31.0,29.0,32.0,27.0,Education & Social Work
27.0,33.0,32.0,29.0,23.0,Suitable for any job
30.0,32.0,30.0,31.0,23.0,"Sales, Marketing & Management"
32.0,35.0,31.0,30.0,32.0,"Sales, Marketing & Management"
36.0,27.0,36.0,34.0,19.0,Education & Social Work
31.0,33.0,33.0,30.0,32.0,"Sales, Marketing & Management"
31.0,34.0,26.0,30.0,33.0,Education & Social Work
36.0,23.0,32.0,30.0,29.0,Education & Social Work
32.0,32.0,34.0,35.0,25.0,"Sales, Marketing & Management"
22.0,23.0,32.0,30.0,31.0,Suitable for any job
30.0,29.0,32.0,27.0,19.0,Suitable for any job
25.0,32.0,27.0,38.0,25.0,Suitable for any job
36.0,34.0,36.0,38.0,32.0,"Sales, Marketing & Management"
30.0,34.0,30.0,30.0,27.0,"Sales, Marketing & Management"
28.0,30.0,31.0,26.0,35.0,Suitable for any job
31.0,33.0,33.0,35.0,36.0,"Sales, Marketing & Management"
33.0,30.0,31.0,35.0,38.0,"Sales, Marketing & Management"
30.0,32.0,32.0,29.0,41.0,Suitable for any job
31.0,32.0,29.0,31.0,34.0,Education & Social Work
29.0,29.0,34.0,32.0,41.0,Suitable for any job
32.0,34.0,30.0,28.0,25.0,Suitable for any job
32.0,31.0,35.0,30.0,32.0,"Sales, Marketing & Management"
37.0,38.0,30.0,34.0,38.0,"Sales, Marketing & Management"
38.0,27.0,36.0,34.0,33.0,Education & Social Work
34.0,37.0,31.0,34.0,31.0,"Sales, Marketing & Management"
28.0,38.0,32.0,28.0,30.0,Suitable for any job
24.0,29.0,27.0,28.0,39.0,Suitable for any job
35.0,24.0,28.0,38.0,32.0,Education & Social Work
33.0,32.0,29.0,28.0,31.0,Suitable for any job
34.0,30.0,32.0,41.0,31.0,"Sales, Marketing & Management"
31.0,28.0,32.0,30.0,26.0,Education & Social Work
31.0,34.0,27.0,28.0,26.0,Suitable for any job
30.0,35.0,32.0,35.0,39.0,"Sales, Marketing & Management"
29.0,36.0,32.0,30.0,41.0,"Sales, Marketing & Management"
35.0,28.0,30.0,23.0,31.0,Suitable for any job
28.0,36.0,34.0,39.0,26.0,"Sales, Marketing & Management"
33.0,37.0,26.0,33.0,18.0,Healthcare & Support
35.0,30.0,32.0,31.0,21.0,"Sales, Marketing & Management"
31.0,33.0,30.0,31.0,31.0,"Sales, Marketing & Management"
34.0,29.0,33.0,28.0,18.0,Suitable for any job
35.0,34.0,33.0,41.0,31.0,"Sales, Marketing & Management"
31.0,34.0,34.0,31.0,20.0,Healthcare & Support
29.0,30.0,28.0,29.0,37.0,Suitable for any job
39.0,32.0,28.0,30.0,41.0,Education & Social Work
37.0,28.0,29.0,32.0,25.0,Education & Social Work
30.0,25.0,31.0,32.0,23.0,Education & Social Work
30.0,28.0,37.0,31.0,34.0,Education & Social Work
33.0,31.0,27.0,27.0,37.0,Suitable for any job
26.0,26.0,26.0,32.0,30.0,Suitable for any job
34.0,35.0,27.0,31.0,34.0,Education & Social Work
29.0,27.0,29.0,34.0,30.0,Suitable for any job
32.0,30.0,32.0,31.0,36.0,"Sales, Marketing & Management"
32.0,24.0,31.0,32.0,29.0,Education & Social Work
33.0,30.0,28.0,28.0,27.0,Suitable for any job
36.0,36.0,35.0,38.0,20.0,Healthcare & Support
31.0,36.0,35.0,31.0,28.0,"Sales, Marketing & Management"
34.0,39.0,34.0,33.0,30.0,"Sales, Marketing & Management"
28.0,32.0,33.0,30.0,32.0,"Sales, Marketing & Management"
31.0,31.0,29.0,29.0,28.0,Suitable for any job
29.0,29.0,28.0,39.0,19.0,Suitable for any job
25.0,28.0,31.0,29.0,30.0,Suitable for any job
37.0,31.0,30.0,30.0,33.0,"Sales, Marketing & Management"
34.0,34.0,34.0,38.0,18.0,Healthcare & Support
32.0,37.0,30.0,33.0,33.0,"Sales, Marketing & Management"
37.0,36.0,26.0,35.0,39.0,Education & Social Work
29.0,32.0,29.0,33.0,39.0,Suitable for any job
26.0,38.0,30.0,38.0,22.0,"Sales, Marketing & Management"
38.0,34.0,30.0,34.0,18.0,Healthcare & Support
33.0,33.0,26.0,30.0,37.0,Education & Social Work
36.0,24.0,37.0,34.0,32.0,Education & Social Work
36.0,32.0,26.0,30.0,24.0,Education & Social Work
38.0,33.0,34.0,34.0,18.0,Healthcare & Support
26.0,33.0,32.0,26.0,17.0,High-Pressure & Leadership Roles
32.0,35.0,33.0,35.0,19.0,Healthcare & Support
38.0,36.0,34.0,34.0,18.0,Healthcare & Support
35.0,33.0,28.0,33.0,18.0,Healthcare & Support
8.0,14.0,11.0,10.0,10.0,Suitable for any job
36.0,39.0,34.0,32.0,21.0,"Sales, Marketing & Management"
35.0,33.0,26.0,32.0,39.0,Education & Social Work
28.0,27.0,30.0,35.0,31.0,Suitable for any job
38.0,36.0,34.0,34.0,17.0,Healthcare & Support
39.0,35.0,26.0,34.0,47.0,Education & Social Work
42.0,31.0,37.0,33.0,37.0,"Sales, Marketing & Management"
28.0,31.0,35.0,28.0,25.0,Suitable for any job
34.0,25.0,24.0,28.0,30.0,Suitable for any job
37.0,34.0,35.0,34.0,31.0,"Sales, Marketing & Management"
35.0,28.0,24.0,34.0,28.0,Education & Social Work
31.0,26.0,30.0,33.0,24.0,Education & Social Work
33.0,33.0,32.0,33.0,28.0,"Sales, Marketing & Management"
31.0,33.0,28.0,35.0,38.0,Education & Social Work
34.0,27.0,31.0,29.0,31.0,Suitable for any job
31.0,32.0,33.0,33.0,34.0,"Sales, Marketing & Management"
39.0,31.0,29.0,29.0,31.0,Suitable for any job
37.0,34.0,35.0,32.0,46.0,"Sales, Marketing & Management"
29.0,31.0,33.0,34.0,30.0,"Sales, Marketing & Management"
35.0,35.0,30.0,34.0,37.0,"Sales, Marketing & Management"
34.0,36.0,28.0,31.0,28.0,Education & Social Work
36.0,28.0,33.0,32.0,36.0,Education & Social Work
33.0,36.0,29.0,32.0,41.0,Education & Social Work
31.0,28.0,32.0,36.0,36.0,Education & Social Work
39.0,41.0,40.0,38.0,37.0,"Sales, Marketing & Management"
35.0,27.0,29.0,33.0,16.0,Education & Social Work
34.0,30.0,28.0,36.0,43.0,Education & Social Work
35.0,32.0,31.0,34.0,33.0,"Sales, Marketing & Management"
36.0,34.0,31.0,37.0,27.0,"Sales, Marketing & Management"
36.0,31.0,28.0,33.0,34.0,Education & Social Work
35.0,32.0,37.0,38.0,39.0,"Sales, Marketing & Management"
31.0,33.0,25.0,30.0,17.0,Healthcare & Support
27.0,22.0,31.0,26.0,32.0,Suitable for any job
31.0,33.0,28.0,33.0,37.0,Education & Social Work
35.0,35.0,28.0,31.0,30.0,Education & Social Work
30.0,26.0,31.0,24.0,28.0,Suitable for any job
33.0,31.0,31.0,36.0,33.0,"Sales, Marketing & Management"
33.0,28.0,31.0,34.0,40.0,Education & Social Work
32.0,30.0,32.0,31.0,40.0,"Sales, Marketing & Management"
32.0,32.0,23.0,27.0,39.0,Suitable for any job
28.0,29.0,33.0,35.0,36.0,Suitable for any job
36.0,32.0,29.0,34.0,28.0,Education & Social Work
33.0,34.0,33.0,31.0,36.0,"Sales, Marketing & Management"
26.0,28.0,31.0,28.0,38.0,Suitable for any job
30.0,26.0,30.0,27.0,45.0,Suitable for any job
31.0,39.0,30.0,29.0,30.0,Suitable for any job
31.0,26.0,26.0,26.0,31.0,Suitable for any job
29.0,29.0,24.0,26.0,30.0,Suitable for any job
33.0,31.0,34.0,28.0,23.0,Suitable for any job
28.0,33.0,33.0,35.0,30.0,"Sales, Marketing & Management"
38.0,34.0,31.0,25.0,18.0,High-Pressure & Leadership Roles
38.0,32.0,30.0,28.0,35.0,Suitable for any job
33.0,35.0,33.0,29.0,39.0,Suitable for any job
35.0,31.0,20.0,22.0,33.0,Technical Expert Roles
35.0,32.0,29.0,31.0,28.0,Education & Social Work
30.0,38.0,32.0,36.0,37.0,"Sales, Marketing & Management"
34.0,32.0,29.0,38.0,25.0,Education & Social Work
30.0,30.0,30.0,34.0,25.0,"Sales, Marketing & Management"
37.0,26.0,37.0,40.0,23.0,Education & Social Work
38.0,32.0,34.0,34.0,19.0,Healthcare & Support
29.0,40.0,34.0,36.0,38.0,"Sales, Marketing & Management"
30.0,33.0,28.0,28.0,28.0,Suitable for any job
36.0,32.0,33.0,33.0,22.0,"Sales, Marketing & Management"
3.0,2.0,2.0,3.0,1.0,Suitable for any job
36.0,26.0,28.0,27.0,17.0,Suitable for any job
29.0,30.0,30.0,30.0,38.0,"Sales, Marketing & Management"
32.0,35.0,26.0,37.0,24.0,Education & Social Work
34.0,31.0,31.0,32.0,32.0,"Sales, Marketing & Management"
26.0,21.0,28.0,30.0,28.0,Suitable for any job
34.0,30.0,29.0,27.0,18.0,Suitable for any job
38.0,40.0,30.0,32.0,40.0,"Sales, Marketing & Management"
31.0,39.0,35.0,30.0,36.0,"Sales, Marketing & Management"
34.0,27.0,30.0,35.0,19.0,Education & Social Work
33.0,35.0,29.0,31.0,27.0,Education & Social Work
30.0,32.0,29.0,33.0,27.0,Education & Social Work
25.0,31.0,31.0,33.0,36.0,"Sales, Marketing & Management"
32.0,35.0,27.0,19.0,38.0,Suitable for any job
30.0,30.0,32.0,32.0,22.0,"Sales, Marketing & Management"
32.0,31.0,30.0,36.0,30.0,"Sales, Marketing & Management"
37.0,29.0,29.0,35.0,21.0,Education & Social Work
31.0,28.0,29.0,30.0,39.0,Education & Social Work
32.0,33.0,34.0,32.0,30.0,"Sales, Marketing & Management"
37.0,31.0,30.0,31.0,32.0,"Sales, Marketing & Management"
30.0,34.0,33.0,30.0,29.0,"Sales, Marketing & Management"
39.0,27.0,35.0,30.0,30.0,Education & Social Work
41.0,34.0,24.0,32.0,36.0,Education & Social Work
33.0,36.0,39.0,43.0,26.0,"Sales, Marketing & Management"
41.0,31.0,28.0,26.0,33.0,Suitable for any job
33.0,29.0,29.0,27.0,36.0,Suitable for any job
16.0,9.0,11.0,15.0,11.0,Suitable for any job
4.0,9.0,4.0,5.0,8.0,Suitable for any job
37.0,31.0,30.0,33.0,33.0,"Sales, Marketing & Management"
0.0,0.0,0.0,0.0,0.0,Suitable for any job
34.0,34.0,29.0,34.0,42.0,Education & Social Work
30.0,34.0,27.0,34.0,29.0,Education & Social Work
28.0,27.0,32.0,25.0,20.0,Suitable for any job
33.0,26.0,28.0,32.0,20.0,Education & Social Work
30.0,31.0,28.0,29.0,26.0,Suitable for any job
33.0,38.0,30.0,33.0,25.0,"Sales, Marketing & Management"
28.0,33.0,29.0,29.0,32.0,Suitable for any job
35.0,31.0,31.0,29.0,29.0,Suitable for any job
30.0,34.0,29.0,31.0,31.0,Education & Social Work
34.0,32.0,28.0,28.0,30.0,Suitable for any job
31.0,24.0,30.0,31.0,39.0,Education & Social Work
37.0,34.0,27.0,34.0,24.0,Education & Social Work
36.0,29.0,34.0,33.0,49.0,Education & Social Work
36.0,31.0,31.0,29.0,22.0,Suitable for any job
33.0,32.0,33.0,28.0,30.0,Suitable for any job
26.0,31.0,33.0,34.0,24.0,"Sales, Marketing & Management"
30.0,37.0,27.0,33.0,37.0,Education & Social Work
34.0,31.0,29.0,32.0,38.0,Education & Social Work
29.0,33.0,32.0,29.0,34.0,Suitable for any job
30.0,29.0,32.0,33.0,24.0,Education & Social Work
36.0,33.0,31.0,28.0,39.0,Suitable for any job
31.0,37.0,28.0,32.0,39.0,Education & Social Work
35.0,32.0,28.0,31.0,40.0,Education & Social Work
33.0,22.0,32.0,27.0,22.0,Suitable for any job
30.0,33.0,36.0,31.0,33.0,"Sales, Marketing & Management"
38.0,37.0,29.0,33.0,32.0,Education & Social Work
31.0,33.0,29.0,34.0,23.0,Education & Social Work
26.0,28.0,35.0,37.0,29.0,Suitable for any job
38.0,29.0,37.0,31.0,30.0,Education & Social Work
33.0,37.0,34.0,27.0,40.0,Suitable for any job
31.0,37.0,31.0,31.0,28.0,"Sales, Marketing & Management"
30.0,32.0,36.0,32.0,39.0,"Sales, Marketing & Management"
40.0,30.0,25.0,31.0,24.0,Education & Social Work
35.0,36.0,31.0,34.0,28.0,"Sales, Marketing & Management"
40.0,34.0,34.0,34.0,46.0,"Sales, Marketing & Management"
36.0,30.0,30.0,29.0,35.0,Suitable for any job
31.0,42.0,34.0,32.0,29.0,"Sales, Marketing & Management"
32.0,32.0,31.0,33.0,40.0,"Sales, Marketing & Management"
26.0,29.0,27.0,25.0,33.0,Suitable for any job
34.0,26.0,29.0,27.0,33.0,Suitable for any job
35.0,33.0,37.0,38.0,21.0,"Sales, Marketing & Management"
33.0,34.0,28.0,34.0,41.0,Education & Social Work
27.0,28.0,33.0,32.0,36.0,Suitable for any job
36.0,39.0,32.0,31.0,37.0,"Sales, Marketing & Management"
26.0,31.0,29.0,31.0,24.0,Suitable for any job
32.0,34.0,30.0,28.0,20.0,High-Pressure & Leadership Roles
31.0,32.0,26.0,32.0,28.0,Education & Social Work
33.0,36.0,28.0,38.0,22.0,Education & Social Work
35.0,32.0,33.0,32.0,35.0,"Sales, Marketing & Management"
25.0,35.0,33.0,28.0,25.0,Suitable for any job
32.0,30.0,25.0,29.0,25.0,Suitable for any job
38.0,30.0,35.0,35.0,24.0,"Sales, Marketing & Management"
28.0,34.0,32.0,31.0,24.0,"Sales, Marketing & Management"
31.0,35.0,32.0,32.0,31.0,"Sales, Marketing & Management"
29.0,31.0,30.0,29.0,26.0,Suitable for any job
33.0,33.0,36.0,38.0,18.0,Healthcare & Support
34.0,33.0,30.0,29.0,30.0,Suitable for any job
34.0,37.0,28.0,28.0,31.0,Suitable for any job
37.0,25.0,28.0,31.0,27.0,Education & Social Work
34.0,33.0,31.0,35.0,32.0,"Sales, Marketing & Management"
29.0,31.0,30.0,32.0,25.0,"Sales, Marketing & Management"
33.0,37.0,32.0,35.0,18.0,Healthcare & Support
29.0,32.0,31.0,31.0,29.0,"Sales, Marketing & Management"
29.0,28.0,31.0,29.0,29.0,Suitable for any job
33.0,31.0,32.0,34.0,37.0,"Sales, Marketing & Management"
34.0,31.0,27.0,25.0,37.0,Suitable for any job
5.0,4.0,22.0,17.0,0.0,"Flexible, Less Structured Roles"
28.0,33.0,35.0,33.0,29.0,"Sales, Marketing & Management"
28.0,33.0,32.0,36.0,33.0,"Sales, Marketing & Management"
33.0,38.0,34.0,35.0,34.0,"Sales, Marketing & Management"
28.0,25.0,32.0,28.0,25.0,Suitable for any job
34.0,35.0,34.0,32.0,46.0,"Sales, Marketing & Management"
30.0,29.0,30.0,30.0,27.0,Education & Social Work
28.0,28.0,27.0,34.0,26.0,Suitable for any job
37.0,35.0,31.0,38.0,34.0,"Sales, Marketing & Management"
44.0,28.0,31.0,33.0,32.0,Education & Social Work
38.0,31.0,32.0,37.0,38.0,"Sales, Marketing & Management"
33.0,31.0,29.0,29.0,36.0,Suitable for any job
29.0,28.0,33.0,33.0,38.0,Suitable for any job
38.0,34.0,29.0,30.0,39.0,Education & Social Work
36.0,31.0,30.0,32.0,37.0,"Sales, Marketing & Management"
29.0,29.0,32.0,35.0,25.0,Suitable for any job
33.0,34.0,35.0,35.0,27.0,"Sales, Marketing & Management"
33.0,30.0,27.0,30.0,31.0,Education & Social Work
35.0,29.0,24.0,31.0,34.0,Education & Social Work
36.0,31.0,38.0,35.0,26.0,"Sales, Marketing & Management"
31.0,30.0,29.0,32.0,36.0,Education & Social Work
33.0,32.0,29.0,32.0,29.0,Education & Social Work
31.0,26.0,33.0,35.0,27.0,Education & Social Work
31.0,25.0,26.0,32.0,37.0,Education & Social Work
32.0,21.0,28.0,26.0,20.0,Suitable for any job
38.0,29.0,29.0,33.0,29.0,Education & Social Work
29.0,27.0,31.0,32.0,22.0,Suitable for any job
35.0,27.0,32.0,39.0,42.0,Education & Social Work
35.0,30.0,29.0,28.0,32.0,Suitable for any job
33.0,30.0,36.0,38.0,26.0,"Sales, Marketing & Management"
29.0,34.0,29.0,27.0,36.0,Suitable for any job
38.0,35.0,34.0,32.0,30.0,"Sales, Marketing & Management"
30.0,33.0,32.0,29.0,29.0,Suitable for any job
36.0,42.0,34.0,29.0,31.0,Suitable for any job
38.0,36.0,31.0,36.0,39.0,"Sales, Marketing & Management"
37.0,28.0,29.0,38.0,25.0,Education & Social Work
31.0,30.0,35.0,26.0,22.0,Suitable for any job
26.0,33.0,30.0,32.0,35.0,"Sales, Marketing & Management"
28.0,29.0,28.0,28.0,23.0,Suitable for any job
34.0,39.0,31.0,36.0,22.0,"Sales, Marketing & Management"
30.0,36.0,35.0,36.0,31.0,"Sales, Marketing & Management"
30.0,30.0,29.0,34.0,27.0,Education & Social Work
29.0,32.0,28.0,34.0,29.0,Suitable for any job
28.0,26.0,29.0,26.0,35.0,Suitable for any job
32.0,30.0,30.0,34.0,34.0,"Sales, Marketing & Management"
30.0,30.0,30.0,32.0,22.0,"Sales, Marketing & Management"
25.0,28.0,28.0,26.0,30.0,Suitable for any job
27.0,29.0,37.0,38.0,30.0,Suitable for any job
29.0,27.0,32.0,37.0,35.0,Suitable for any job
36.0,29.0,26.0,29.0,29.0,Suitable for any job
36.0,26.0,30.0,27.0,33.0,Suitable for any job
34.0,31.0,33.0,32.0,29.0,"Sales, Marketing & Management"
29.0,31.0,32.0,29.0,27.0,Suitable for any job
30.0,32.0,31.0,34.0,36.0,"Sales, Marketing & Management"
35.0,30.0,30.0,33.0,42.0,"Sales, Marketing & Management"
31.0,34.0,32.0,29.0,27.0,Suitable for any job
33.0,36.0,26.0,32.0,23.0,Education & Social Work
33.0,33.0,32.0,25.0,16.0,High-Pressure & Leadership Roles
32.0,33.0,30.0,31.0,38.0,"Sales, Marketing & Management"
32.0,29.0,28.0,36.0,39.0,Education & Social Work
25.0,31.0,36.0,27.0,28.0,Suitable for any job
29.0,28.0,33.0,27.0,24.0,Suitable for any job
36.0,42.0,32.0,30.0,38.0,"Sales, Marketing & Management"
38.0,37.0,29.0,31.0,31.0,Education & Social Work
38.0,33.0,32.0,27.0,27.0,Suitable for any job
24.0,30.0,27.0,39.0,28.0,Suitable for any job
30.0,30.0,38.0,30.0,29.0,"Sales, Marketing & Management"
34.0,38.0,29.0,34.0,34.0,Education & Social Work
29.0,28.0,30.0,33.0,27.0,Suitable for any job
33.0,29.0,32.0,34.0,36.0,Education & Social Work
33.0,29.0,29.0,31.0,25.0,Education & Social Work
33.0,32.0,29.0,33.0,35.0,Education & Social Work
35.0,31.0,30.0,31.0,35.0,"Sales, Marketing & Management"
32.0,34.0,33.0,29.0,32.0,Suitable for any job
34.0,29.0,32.0,30.0,27.0,Education & Social Work
26.0,35.0,26.0,41.0,45.0,Suitable for any job
31.0,30.0,39.0,38.0,27.0,"Sales, Marketing & Management"
29.0,26.0,30.0,25.0,31.0,Suitable for any job
27.0,31.0,29.0,35.0,35.0,Suitable for any job
20.0,19.0,30.0,20.0,25.0,"Flexible, Less Structured Roles"
32.0,32.0,29.0,44.0,45.0,Education & Social Work
31.0,32.0,34.0,35.0,28.0,"Sales, Marketing & Management"
30.0,30.0,34.0,38.0,34.0,"Sales, Marketing & Management"
29.0,33.0,32.0,29.0,31.0,Suitable for any job
33.0,30.0,31.0,34.0,30.0,"Sales, Marketing & Management"
32.0,31.0,29.0,26.0,37.0,Suitable for any job
29.0,32.0,31.0,31.0,33.0,"Sales, Marketing & Management"
36.0,33.0,35.0,32.0,32.0,"Sales, Marketing & Management"
37.0,31.0,40.0,36.0,36.0,"Sales, Marketing & Management"
27.0,30.0,28.0,29.0,24.0,Suitable for any job
34.0,33.0,27.0,32.0,32.0,Education & Social Work
33.0,31.0,32.0,33.0,39.0,"Sales, Marketing & Management"
32.0,29.0,30.0,30.0,33.0,Education & Social Work
31.0,32.0,31.0,33.0,32.0,"Sales, Marketing & Management"
34.0,29.0,31.0,28.0,26.0,Suitable for any job
35.0,34.0,34.0,33.0,33.0,"Sales, Marketing & Management"
38.0,36.0,32.0,34.0,28.0,"Sales, Marketing & Management"
38.0,35.0,35.0,39.0,39.0,"Sales, Marketing & Management"
38.0,34.0,34.0,25.0,42.0,Suitable for any job
30.0,31.0,33.0,32.0,39.0,"Sales, Marketing & Management"
35.0,33.0,31.0,33.0,33.0,"Sales, Marketing & Management"
25.0,32.0,23.0,30.0,36.0,Suitable for any job
32.0,30.0,30.0,33.0,32.0,"Sales, Marketing & Management"
32.0,26.0,34.0,33.0,34.0,Education & Social Work
25.0,31.0,30.0,35.0,42.0,"Sales, Marketing & Management"
30.0,33.0,34.0,34.0,34.0,"Sales, Marketing & Management"
36.0,34.0,29.0,34.0,29.0,Education & Social Work
31.0,29.0,32.0,30.0,25.0,Education & Social Work
36.0,29.0,28.0,29.0,30.0,Suitable for any job
41.0,34.0,36.0,37.0,34.0,"Sales, Marketing & Management"
32.0,31.0,29.0,34.0,20.0,Healthcare & Support
32.0,30.0,36.0,29.0,31.0,Suitable for any job
28.0,32.0,29.0,28.0,31.0,Suitable for any job
35.0,32.0,32.0,31.0,22.0,"Sales, Marketing & Management"
34.0,30.0,30.0,32.0,40.0,"Sales, Marketing & Management"
33.0,31.0,34.0,37.0,35.0,"Sales, Marketing & Management"
24.0,33.0,40.0,31.0,25.0,"Sales, Marketing & Management"
38.0,34.0,32.0,32.0,16.0,Healthcare & Support
28.0,27.0,27.0,31.0,35.0,Suitable for any job
32.0,27.0,26.0,24.0,26.0,Suitable for any job
31.0,31.0,30.0,27.0,31.0,Suitable for any job
34.0,25.0,30.0,31.0,36.0,Education & Social Work
22.0,34.0,29.0,30.0,24.0,Suitable for any job
32.0,37.0,35.0,34.0,35.0,"Sales, Marketing & Management"
33.0,31.0,29.0,34.0,33.0,Education & Social Work
37.0,21.0,30.0,30.0,21.0,Education & Social Work
38.0,30.0,30.0,28.0,27.0,Suitable for any job
37.0,34.0,26.0,33.0,33.0,Education & Social Work
32.0,27.0,26.0,32.0,34.0,Education & Social Work
34.0,20.0,34.0,33.0,21.0,Creative Freelance & Innovation
38.0,34.0,42.0,34.0,22.0,"Sales, Marketing & Management"
30.0,26.0,28.0,25.0,20.0,Suitable for any job
33.0,26.0,33.0,36.0,34.0,Education & Social Work
32.0,32.0,30.0,33.0,38.0,"Sales, Marketing & Management"
37.0,34.0,29.0,38.0,31.0,Education & Social Work
25.0,32.0,22.0,28.0,28.0,Suitable for any job
35.0,33.0,30.0,33.0,37.0,"Sales, Marketing & Management"
26.0,30.0,36.0,31.0,24.0,"Sales, Marketing & Management"
32.0,35.0,31.0,31.0,30.0,"Sales, Marketing & Management"
37.0,33.0,25.0,28.0,28.0,Suitable for any job
36.0,31.0,29.0,29.0,29.0,Suitable for any job
38.0,31.0,34.0,35.0,29.0,"Sales, Marketing & Management"
30.0,32.0,31.0,32.0,31.0,"Sales, Marketing & Management"
33.0,26.0,29.0,33.0,32.0,Education & Social Work
25.0,26.0,27.0,27.0,26.0,Suitable for any job
31.0,36.0,29.0,33.0,31.0,Education & Social Work
30.0,31.0,32.0,31.0,30.0,"Sales, Marketing & Management"
32.0,33.0,30.0,30.0,27.0,"Sales, Marketing & Management"
33.0,32.0,32.0,28.0,25.0,Suitable for any job
31.0,35.0,33.0,34.0,36.0,"Sales, Marketing & Management"
35.0,29.0,26.0,32.0,27.0,Education & Social Work
34.0,35.0,31.0,33.0,30.0,"Sales, Marketing & Management"
34.0,34.0,34.0,38.0,33.0,"Sales, Marketing & Management"
38.0,29.0,30.0,37.0,26.0,Education & Social Work
35.0,28.0,26.0,31.0,30.0,Education & Social Work
35.0,39.0,31.0,29.0,33.0,Suitable for any job
26.0,28.0,28.0,34.0,38.0,Suitable for any job
33.0,32.0,33.0,34.0,22.0,"Sales, Marketing & Management"
27.0,31.0,34.0,34.0,39.0,"Sales, Marketing & Management"
37.0,34.0,30.0,36.0,28.0,"Sales, Marketing & Management"
24.0,31.0,33.0,31.0,30.0,"Sales, Marketing & Management"
24.0,28.0,33.0,28.0,28.0,Suitable for any job
32.0,25.0,24.0,29.0,32.0,Suitable for any job
44.0,38.0,38.0,39.0,46.0,"Sales, Marketing & Management"
38.0,36.0,32.0,31.0,38.0,"Sales, Marketing & Management"
36.0,35.0,33.0,32.0,31.0,"Sales, Marketing & Management"
34.0,37.0,36.0,36.0,40.0,"Sales, Marketing & Management"
37.0,37.0,33.0,30.0,26.0,"Sales, Marketing & Management"
36.0,33.0,35.0,33.0,34.0,"Sales, Marketing & Management"
36.0,39.0,33.0,27.0,46.0,Suitable for any job
33.0,35.0,29.0,34.0,38.0,Education & Social Work
31.0,29.0,30.0,31.0,31.0,Education & Social Work
35.0,30.0,30.0,31.0,26.0,"Sales, Marketing & Management"
32.0,36.0,33.0,32.0,42.0,"Sales, Marketing & Management"
26.0,28.0,36.0,30.0,19.0,Suitable for any job
33.0,34.0,30.0,26.0,21.0,Suitable for any job
38.0,29.0,38.0,34.0,32.0,Education & Social Work
31.0,29.0,28.0,32.0,36.0,Education & Social Work
27.0,31.0,38.0,32.0,35.0,"Sales, Marketing & Management"
32.0,33.0,30.0,34.0,31.0,"Sales, Marketing & Management"
33.0,33.0,36.0,41.0,35.0,"Sales, Marketing & Management"
35.0,32.0,31.0,33.0,37.0,"Sales, Marketing & Management"
32.0,33.0,30.0,31.0,34.0,"Sales, Marketing & Management"
30.0,24.0,38.0,24.0,23.0,Suitable for any job
29.0,33.0,33.0,30.0,34.0,"Sales, Marketing & Management"
37.0,34.0,27.0,31.0,32.0,Education & Social Work
35.0,31.0,29.0,30.0,39.0,Education & Social Work
28.0,31.0,33.0,30.0,33.0,"Sales, Marketing & Management"
35.0,32.0,28.0,31.0,29.0,Education & Social Work
28.0,28.0,29.0,27.0,19.0,Suitable for any job
34.0,33.0,30.0,33.0,35.0,"Sales, Marketing & Management"
25.0,33.0,38.0,33.0,42.0,"Sales, Marketing & Management"
37.0,33.0,33.0,35.0,18.0,Healthcare & Support
27.0,26.0,23.0,34.0,32.0,Suitable for any job
30.0,32.0,28.0,30.0,33.0,Education & Social Work
41.0,29.0,35.0,34.0,40.0,Education & Social Work
38.0,28.0,26.0,35.0,32.0,Education & Social Work
34.0,33.0,31.0,32.0,31.0,"Sales, Marketing & Management"
30.0,30.0,31.0,32.0,29.0,"Sales, Marketing & Management"
33.0,38.0,34.0,31.0,28.0,"Sales, Marketing & Management"
29.0,32.0,36.0,33.0,34.0,"Sales, Marketing & Management"
33.0,32.0,34.0,29.0,26.0,Suitable for any job
30.0,35.0,27.0,39.0,22.0,Education & Social Work
31.0,37.0,40.0,34.0,19.0,Healthcare & Support
35.0,28.0,30.0,37.0,39.0,Education & Social Work
34.0,37.0,28.0,34.0,31.0,Education & Social Work
34.0,37.0,36.0,36.0,22.0,"Sales, Marketing & Management"
38.0,34.0,35.0,34.0,23.0,"Sales, Marketing & Management"
37.0,32.0,33.0,30.0,30.0,"Sales, Marketing & Management"
33.0,32.0,31.0,29.0,26.0,Suitable for any job
33.0,33.0,40.0,27.0,38.0,Suitable for any job
22.0,29.0,31.0,27.0,33.0,Suitable for any job
34.0,30.0,34.0,38.0,42.0,"Sales, Marketing & Management"
34.0,32.0,28.0,28.0,25.0,Suitable for any job
33.0,33.0,21.0,28.0,30.0,Suitable for any job
35.0,32.0,29.0,33.0,28.0,Education & Social Work
23.0,35.0,31.0,28.0,38.0,Suitable for any job
37.0,31.0,31.0,37.0,38.0,"Sales, Marketing & Management"
28.0,42.0,31.0,31.0,39.0,"Sales, Marketing & Management"
33.0,31.0,32.0,30.0,31.0,"Sales, Marketing & Management"
26.0,36.0,31.0,27.0,25.0,Suitable for any job
34.0,30.0,30.0,30.0,30.0,"Sales, Marketing & Management"
30.0,33.0,29.0,31.0,34.0,Education & Social Work
30.0,26.0,32.0,25.0,26.0,Suitable for any job
29.0,33.0,34.0,30.0,32.0,"Sales, Marketing & Management"
32.0,35.0,36.0,35.0,40.0,"Sales, Marketing & Management"
29.0,28.0,32.0,28.0,29.0,Suitable for any job
30.0,30.0,27.0,30.0,34.0,Education & Social Work
28.0,30.0,36.0,33.0,37.0,"Sales, Marketing & Management"
29.0,29.0,33.0,32.0,28.0,Suitable for any job
32.0,34.0,31.0,34.0,29.0,"Sales, Marketing & Management"
29.0,34.0,26.0,32.0,44.0,Suitable for any job
32.0,34.0,35.0,34.0,36.0,"Sales, Marketing & Management"
32.0,34.0,33.0,44.0,24.0,"Sales, Marketing & Management"
30.0,24.0,29.0,32.0,22.0,Education & Social Work
36.0,32.0,33.0,34.0,36.0,"Sales, Marketing & Management"
36.0,31.0,33.0,32.0,41.0,"Sales, Marketing & Management"
31.0,32.0,32.0,31.0,30.0,"Sales, Marketing & Management"
33.0,31.0,28.0,33.0,39.0,Education & Social Work
35.0,33.0,27.0,30.0,39.0,Education & Social Work
42.0,38.0,44.0,44.0,22.0,"Sales, Marketing & Management"
32.0,26.0,26.0,32.0,29.0,Education & Social Work
33.0,35.0,32.0,34.0,35.0,"Sales, Marketing & Management"
30.0,37.0,31.0,33.0,31.0,"Sales, Marketing & Management"
32.0,34.0,30.0,29.0,26.0,Suitable for any job
39.0,29.0,33.0,32.0,30.0,Education & Social Work
31.0,31.0,30.0,33.0,37.0,"Sales, Marketing & Management"
40.0,32.0,26.0,31.0,34.0,Education & Social Work
30.0,32.0,35.0,30.0,34.0,"Sales, Marketing & Management"
33.0,29.0,32.0,32.0,31.0,Education & Social Work
35.0,31.0,38.0,32.0,23.0,"Sales, Marketing & Management"
33.0,32.0,29.0,31.0,29.0,Education & Social Work
34.0,36.0,32.0,34.0,32.0,"Sales, Marketing & Management"
38.0,33.0,33.0,33.0,29.0,"Sales, Marketing & Management"
33.0,38.0,30.0,28.0,25.0,Suitable for any job
23.0,27.0,26.0,27.0,41.0,Suitable for any job
31.0,37.0,30.0,40.0,39.0,"Sales, Marketing & Management"
30.0,33.0,31.0,38.0,28.0,"Sales, Marketing & Management"
33.0,36.0,33.0,38.0,31.0,"Sales, Marketing & Management"
31.0,32.0,30.0,33.0,30.0,"Sales, Marketing & Management"
31.0,32.0,32.0,34.0,32.0,"Sales, Marketing & Management"
34.0,34.0,30.0,26.0,26.0,Suitable for any job
29.0,29.0,29.0,31.0,37.0,Suitable for any job
34.0,32.0,32.0,32.0,29.0,"Sales, Marketing & Management"
32.0,32.0,29.0,32.0,36.0,Education & Social Work
37.0,29.0,28.0,26.0,25.0,Suitable for any job
34.0,30.0,27.0,32.0,24.0,Education & Social Work
36.0,35.0,30.0,28.0,20.0,High-Pressure & Leadership Roles
28.0,32.0,32.0,32.0,28.0,"Sales, Marketing & Management"
29.0,33.0,25.0,31.0,37.0,Suitable for any job
34.0,32.0,31.0,41.0,35.0,"Sales, Marketing & Management"
30.0,30.0,36.0,34.0,36.0,"Sales, Marketing & Management"
37.0,35.0,37.0,32.0,39.0,"Sales, Marketing & Management"
32.0,33.0,32.0,32.0,25.0,"Sales, Marketing & Management"
27.0,34.0,31.0,34.0,30.0,"Sales, Marketing & Management"
34.0,34.0,30.0,34.0,34.0,"Sales, Marketing & Management"
34.0,32.0,30.0,32.0,31.0,"Sales, Marketing & Management"
32.0,30.0,26.0,34.0,34.0,Education & Social Work
35.0,31.0,31.0,29.0,25.0,Suitable for any job
34.0,34.0,35.0,36.0,40.0,"Sales, Marketing & Management"
35.0,32.0,33.0,34.0,35.0,"Sales, Marketing & Management"
37.0,37.0,31.0,38.0,36.0,"Sales, Marketing & Management"
32.0,40.0,27.0,34.0,44.0,Education & Social Work
25.0,28.0,32.0,34.0,40.0,Suitable for any job
32.0,42.0,33.0,33.0,41.0,"Sales, Marketing & Management"
36.0,31.0,28.0,34.0,34.0,Education & Social Work
39.0,38.0,30.0,32.0,41.0,"Sales, Marketing & Management"
35.0,34.0,28.0,36.0,24.0,Education & Social Work
29.0,37.0,37.0,32.0,47.0,"Sales, Marketing & Management"
28.0,30.0,29.0,25.0,31.0,Suitable for any job
40.0,33.0,31.0,38.0,33.0,"Sales, Marketing & Management"
34.0,26.0,30.0,30.0,36.0,Education & Social Work
31.0,28.0,34.0,28.0,30.0,Suitable for any job
33.0,31.0,33.0,32.0,22.0,"Sales, Marketing & Management"
41.0,35.0,37.0,32.0,33.0,"Sales, Marketing & Management"
27.0,23.0,27.0,28.0,29.0,Suitable for any job
29.0,31.0,34.0,32.0,20.0,Healthcare & Support
36.0,32.0,26.0,36.0,38.0,Education & Social Work
33.0,34.0,35.0,35.0,39.0,"Sales, Marketing & Management"
34.0,34.0,27.0,28.0,32.0,Suitable for any job
27.0,26.0,31.0,32.0,19.0,Suitable for any job
40.0,35.0,30.0,31.0,36.0,"Sales, Marketing & Management"
33.0,29.0,30.0,30.0,37.0,Education & Social Work
33.0,26.0,33.0,32.0,25.0,Education & Social Work
25.0,32.0,36.0,27.0,34.0,Suitable for any job
38.0,37.0,32.0,33.0,33.0,"Sales, Marketing & Management"
33.0,27.0,33.0,35.0,37.0,Education & Social Work
32.0,34.0,26.0,32.0,32.0,Education & Social Work
32.0,33.0,30.0,36.0,38.0,"Sales, Marketing & Management"
36.0,27.0,29.0,36.0,43.0,Education & Social Work
39.0,35.0,31.0,36.0,21.0,"Sales, Marketing & Management"
36.0,30.0,33.0,34.0,28.0,"Sales, Marketing & Management"
36.0,35.0,34.0,32.0,37.0,"Sales, Marketing & Management"
41.0,37.0,30.0,25.0,29.0,Suitable for any job
32.0,31.0,31.0,31.0,37.0,"Sales, Marketing & Management"
34.0,33.0,31.0,30.0,26.0,"Sales, Marketing & Management"
35.0,42.0,36.0,30.0,32.0,"Sales, Marketing & Management"
33.0,25.0,30.0,31.0,20.0,Education & Social Work
35.0,35.0,36.0,34.0,32.0,"Sales, Marketing & Management"
27.0,31.0,31.0,30.0,22.0,"Sales, Marketing & Management"
34.0,38.0,33.0,31.0,27.0,"Sales, Marketing & Management"
37.0,35.0,31.0,31.0,26.0,"Sales, Marketing & Management"
30.0,23.0,31.0,34.0,26.0,Education & Social Work
